store_id,sku_id,order_week,order_qty,arrival_week
S001,B003,1,24,2
S001,B005,1,12,2
S001,B009,1,6,2
S001,B010,1,6,2
S001,S001,1,24,2
S001,S006,1,6,2
S001,S007,1,12,2
S001,S009,1,6,2
S001,K001,1,12,2
S001,K003,1,6,2
S001,K004,1,12,2
S001,K005,1,54,2
S001,K006,1,24,2
S001,K010,1,6,2
S001,R001,1,12,2
S001,R002,1,6,2
S001,R008,1,24,2
S001,Y006,1,6,2
S001,A002,1,24,2
S001,A004,1,6,2
S001,B001V2,1,24,2
S001,B001V3,1,24,2
S001,B002V1,1,24,2
S001,B002V2,1,24,2
S001,B003V2,1,24,2
S001,B005V1,1,12,2
S001,B009V1,1,6,2
S001,B009V3,1,72,2
S001,B010V1,1,6,2
S001,B010V3,1,6,2
S001,S001V2,1,24,2
S001,S001V3,1,24,2
S001,S002V1,1,24,2
S001,S008V2,1,6,2
S001,S009V2,1,12,2
S001,S009V3,1,6,2
S001,S010V2,1,6,2
S001,K001V1,1,96,2
S001,K003V3,1,6,2
S001,K004V2,1,6,2
S001,K005V1,1,6,2
S001,K005V2,1,6,2
S001,K005V3,1,6,2
S001,K006V3,1,24,2
S001,K007V1,1,12,2
S001,K007V3,1,12,2
S001,K008V2,1,6,2
S001,K009V2,1,36,2
S001,K010V1,1,6,2
S001,R001V1,1,24,2
S001,R001V2,1,12,2
S001,R003V3,1,24,2
S001,R010V2,1,24,2
S001,Y002V2,1,24,2
S001,B004,2,12,3
S001,B010,2,6,3
S001,S008,2,6,3
S001,S010,2,6,3
S001,K004,2,24,3
S001,K005,2,90,3
S001,K006,2,24,3
S001,K010,2,6,3
S001,R005,2,12,3
S001,R008,2,24,3
S001,Y001,2,24,3
S001,Y004,2,6,3
S001,A003,2,24,3
S001,B001V2,2,24,3
S001,B004V2,2,12,3
S001,B007V1,2,24,3
S001,B009V3,2,42,3
S001,B010V1,2,6,3
S001,S001V2,2,24,3
S001,S002V2,2,24,3
S001,S005V2,2,12,3
S001,S006V1,2,6,3
S001,S006V2,2,6,3
S001,S007V3,2,12,3
S001,S008V2,2,6,3
S001,S009V2,2,6,3
S001,K001V1,2,12,3
S001,K002V1,2,24,3
S001,K004V2,2,6,3
S001,K005V1,2,6,3
S001,K005V3,2,6,3
S001,K007V1,2,12,3
S001,K007V3,2,12,3
S001,K008V3,2,6,3
S001,K009V1,2,6,3
S001,K009V2,2,30,3
S001,K010V1,2,18,3
S001,R001V1,2,24,3
S001,R003V1,2,24,3
S001,R003V3,2,24,3
S001,R005V2,2,12,3
S001,R009V3,2,12,3
S001,Y002V2,2,24,3
S001,Y002V3,2,24,3
S001,B009,3,6,4
S001,S007,3,12,4
S001,S010,3,6,4
S001,K003,3,6,4
S001,K004,3,36,4
S001,K005,3,90,4
S001,K010,3,6,4
S001,R004,3,12,4
S001,R009,3,12,4
S001,Y003,3,6,4
S001,A001,3,6,4
S001,B002V1,3,24,4
S001,B003V3,3,24,4
S001,B005V2,3,12,4
S001,B006V3,3,24,4
S001,B007V1,3,24,4
S001,B008V1,3,24,4
S001,B008V2,3,24,4
S001,B009V2,3,6,4
S001,B009V3,3,60,4
S001,B010V3,3,6,4
S001,S001V2,3,24,4
S001,S001V3,3,24,4
S001,S002V1,3,24,4
S001,S006V1,3,6,4
S001,S009V2,3,6,4
S001,S009V3,3,6,4
S001,K001V1,3,12,4
S001,K002V1,3,24,4
S001,K002V2,3,24,4
S001,K009V2,3,36,4
S001,K010V1,3,18,4
S001,R001V1,3,24,4
S001,R001V2,3,12,4
S001,R002V3,3,6,4
S001,R003V1,3,24,4
S001,R003V3,3,24,4
S001,R004V3,3,12,4
S001,R008V1,3,24,4
S001,R008V3,3,24,4
S001,Y001V2,3,24,4
S001,B008,4,24,5
S001,S009,4,6,5
S001,K004,4,30,5
S001,K005,4,84,5
S001,K010,4,6,5
S001,R001,4,12,5
S001,R003,4,24,5
S001,Y004,4,6,5
S001,A002,4,24,5
S001,B001V1,4,24,5
S001,B001V2,4,48,5
S001,B001V3,4,24,5
S001,B002V1,4,24,5
S001,B002V3,4,24,5
S001,B005V2,4,12,5
S001,B008V1,4,24,5
S001,B009V2,4,6,5
S001,B009V3,4,84,5
S001,B010V3,4,6,5
S001,S001V3,4,24,5
S001,S002V2,4,24,5
S001,S006V1,4,6,5
S001,S007V3,4,12,5
S001,S008V2,4,6,5
S001,S009V2,4,12,5
S001,K001V1,4,12,5
S001,K002V1,4,24,5
S001,K004V2,4,6,5
S001,K005V1,4,6,5
S001,K005V3,4,6,5
S001,K007V1,4,12,5
S001,K008V3,4,6,5
S001,K009V2,4,30,5
S001,K010V1,4,18,5
S001,R001V1,4,24,5
S001,R003V1,4,24,5
S001,R003V2,4,24,5
S001,R003V3,4,24,5
S001,R004V3,4,12,5
S001,R008V1,4,24,5
S001,R009V2,4,12,5
S001,Y001V2,4,24,5
S001,Y002V3,4,24,5
S001,B001,5,24,6
S001,B004,5,12,6
S001,B009,5,6,6
S001,S010,5,6,6
S001,K004,5,24,6
S001,K005,5,84,6
S001,K006,5,24,6
S001,K010,5,6,6
S001,R009,5,12,6
S001,Y003,5,6,6
S001,A003,5,24,6
S001,A007,5,6,6
S001,B001V2,5,24,6
S001,B002V2,5,24,6
S001,B005V2,5,12,6
S001,B009V1,5,6,6
S001,B009V3,5,48,6
S001,B010V3,5,6,6
S001,S001V2,5,24,6
S001,S003V2,5,24,6
S001,S005V2,5,12,6
S001,S006V1,5,6,6
S001,S006V2,5,6,6
S001,S009V2,5,6,6
S001,S009V3,5,6,6
S001,K001V1,5,12,6
S001,K004V2,5,6,6
S001,K005V1,5,6,6
S001,K005V3,5,6,6
S001,K007V1,5,12,6
S001,K007V2,5,12,6
S001,K009V2,5,18,6
S001,K010V1,5,12,6
S001,R001V1,5,24,6
S001,R002V3,5,6,6
S001,R004V3,5,12,6
S001,R005V3,5,12,6
S001,R010V3,5,24,6
S001,Y001V1,5,24,6
S001,B003,6,24,7
S001,B009,6,6,7
S001,S009,6,6,7
S001,K001,6,12,7
S001,K004,6,24,7
S001,K005,6,42,7
S001,K010,6,6,7
S001,R005,6,12,7
S001,R009,6,12,7
S001,B001V1,6,24,7
S001,B001V2,6,24,7
S001,B001V3,6,24,7
S001,B002V2,6,24,7
S001,B002V3,6,24,7
S001,B003V3,6,24,7
S001,B004V2,6,12,7
S001,B007V1,6,24,7
S001,B008V1,6,24,7
S001,B008V2,6,24,7
S001,B009V3,6,36,7
S001,B010V3,6,6,7
S001,S001V3,6,24,7
S001,S002V1,6,24,7
S001,S006V1,6,6,7
S001,S006V2,6,6,7
S001,S008V2,6,6,7
S001,K001V1,6,12,7
S001,K002V1,6,24,7
S001,K006V3,6,24,7
S001,K009V2,6,18,7
S001,K010V1,6,12,7
S001,K010V2,6,6,7
S001,K010V3,6,6,7
S001,R001V1,6,24,7
S001,R005V2,6,12,7
S001,R007V3,6,6,7
S001,R008V1,6,24,7
S001,Y001V3,6,24,7
S001,Y002V2,6,24,7
S001,B004,7,12,8
S001,B009,7,6,8
S001,B010,7,6,8
S001,S009,7,6,8
S001,S010,7,6,8
S001,K003,7,6,8
S001,K004,7,18,8
S001,K005,7,48,8
S001,K006,7,24,8
S001,R003,7,24,8
S001,R005,7,12,8
S001,A002,7,24,8
S001,A006,7,6,8
S001,B007V1,7,24,8
S001,B008V3,7,24,8
S001,B009V2,7,6,8
S001,B009V3,7,102,8
S001,S001V2,7,24,8
S001,S002V1,7,24,8
S001,S007V3,7,12,8
S001,S008V2,7,6,8
S001,K001V1,7,12,8
S001,K005V3,7,6,8
S001,K006V3,7,24,8
S001,K009V2,7,18,8
S001,K010V1,7,12,8
S001,R001V1,7,12,8
S001,R003V3,7,24,8
S001,R004V2,7,12,8
S001,R005V1,7,12,8
S001,R008V1,7,24,8
S001,R008V3,7,24,8
S001,R009V2,7,12,8
S001,R010V1,7,24,8
S001,B003,8,24,9
S001,B004,8,12,9
S001,B009,8,6,9
S001,K004,8,24,9
S001,K005,8,66,9
S001,R003,8,24,9
S001,R008,8,24,9
S001,Y006,8,6,9
S001,A001,8,6,9
S001,A006,8,6,9
S001,B001V2,8,24,9
S001,B002V3,8,24,9
S001,B005V1,8,12,9
S001,B005V2,8,12,9
S001,B007V1,8,24,9
S001,B008V2,8,24,9
S001,B008V3,8,24,9
S001,B009V1,8,6,9
S001,B009V3,8,78,9
S001,S001V2,8,24,9
S001,S002V2,8,24,9
S001,S003V2,8,24,9
S001,S005V2,8,12,9
S001,S006V1,8,6,9
S001,S007V3,8,12,9
S001,K002V1,8,24,9
S001,K003V2,8,6,9
S001,K005V3,8,6,9
S001,K006V3,8,24,9
S001,K007V2,8,12,9
S001,K009V1,8,6,9
S001,K009V2,8,6,9
S001,K010V1,8,12,9
S001,R001V1,8,12,9
S001,R003V1,8,24,9
S001,R005V2,8,12,9
S001,R008V1,8,24,9
S001,R008V2,8,24,9
S001,R009V3,8,12,9
S001,B003,9,24,10
S001,B009,9,12,10
S001,B010,9,6,10
S001,S007,9,12,10
S001,K003,9,6,10
S001,K004,9,6,10
S001,K005,9,48,10
S001,K006,9,24,10
S001,K007,9,12,10
S001,R001,9,12,10
S001,R003,9,24,10
S001,R009,9,12,10
S001,A004,9,6,10
S001,A006,9,6,10
S001,B001V2,9,24,10
S001,B002V1,9,24,10
S001,B005V2,9,12,10
S001,B007V1,9,24,10
S001,B008V1,9,24,10
S001,B008V2,9,24,10
S001,B009V3,9,6,10
S001,B010V3,9,6,10
S001,S001V3,9,24,10
S001,S003V2,9,24,10
S001,S005V2,9,12,10
S001,S006V1,9,6,10
S001,S010V3,9,6,10
S001,K001V1,9,12,10
S001,K003V2,9,6,10
S001,K005V1,9,6,10
S001,K006V3,9,24,10
S001,K007V1,9,12,10
S001,K008V3,9,6,10
S001,K009V1,9,6,10
S001,K009V2,9,6,10
S001,K009V3,9,6,10
S001,K010V1,9,6,10
S001,R001V1,9,12,10
S001,R003V2,9,24,10
S001,R004V2,9,12,10
S001,R004V3,9,12,10
S001,R008V1,9,24,10
S001,R008V2,9,24,10
S001,Y002V2,9,24,10
S001,B003,10,24,11
S001,B009,10,6,11
S001,B010,10,6,11
S001,K004,10,6,11
S001,K005,10,60,11
S001,R001,10,12,11
S001,R002,10,6,11
S001,R009,10,12,11
S001,B001V1,10,24,11
S001,B001V3,10,24,11
S001,B002V1,10,24,11
S001,B002V2,10,24,11
S001,B003V1,10,24,11
S001,B003V2,10,24,11
S001,B003V3,10,24,11
S001,B008V1,10,24,11
S001,B008V2,10,24,11
S001,B009V3,10,6,11
S001,B010V3,10,6,11
S001,S002V1,10,24,11
S001,S005V2,10,12,11
S001,S006V1,10,6,11
S001,S010V3,10,6,11
S001,K005V3,10,6,11
S001,K006V3,10,24,11
S001,K009V2,10,6,11
S001,K010V1,10,12,11
S001,R005V2,10,12,11
S001,R007V3,10,6,11
S001,Y002V3,10,24,11
S001,B004,11,12,12
S001,B010,11,6,12
S001,S002,11,24,12
S001,S007,11,12,12
S001,S009,11,6,12
S001,K004,11,6,12
S001,K005,11,54,12
S001,R005,11,12,12
S001,Y004,11,6,12
S001,A006,11,6,12
S001,B001V2,11,24,12
S001,B002V1,11,24,12
S001,B008V3,11,24,12
S001,B009V3,11,6,12
S001,B010V3,11,6,12
S001,S001V2,11,24,12
S001,S003V1,11,24,12
S001,S003V3,11,24,12
S001,S008V1,11,6,12
S001,S009V3,11,6,12
S001,K001V1,11,12,12
S001,K003V2,11,6,12
S001,K003V3,11,6,12
S001,K004V2,11,6,12
S001,K007V1,11,12,12
S001,K007V3,11,12,12
S001,K008V2,11,6,12
S001,K010V1,11,6,12
S001,R001V1,11,12,12
S001,R001V3,11,12,12
S001,R003V3,11,24,12
S001,R004V3,11,12,12
S001,R005V3,11,12,12
S001,R010V1,11,24,12
S001,Y001V2,11,24,12
S001,B003,12,24,13
S001,B009,12,6,13
S001,B010,12,6,13
S001,K003,12,6,13
S001,K004,12,6,13
S001,K005,12,60,13
S001,K006,12,24,13
S001,K010,12,6,13
S001,R001,12,12,13
S001,R005,12,12,13
S001,R008,12,24,13
S001,Y006,12,6,13
S001,A001,12,6,13
S001,A003,12,24,13
S001,A004,12,6,13
S001,B001V2,12,24,13
S001,B001V3,12,24,13
S001,B003V1,12,24,13
S001,B005V1,12,12,13
S001,B008V1,12,24,13
S001,B009V3,12,6,13
S001,S003V1,12,24,13
S001,S009V3,12,6,13
S001,K001V1,12,12,13
S001,K003V3,12,6,13
S001,K008V2,12,6,13
S001,K009V2,12,6,13
S001,K010V1,12,12,13
S001,R001V3,12,12,13
S001,R003V3,12,24,13
S001,R004V3,12,12,13
S001,R005V3,12,12,13
S001,Y002V2,12,24,13
S001,B003,13,24,14
S001,B010,13,6,14
S001,K005,13,54,14
S001,K010,13,6,14
S001,R005,13,12,14
S001,R008,13,24,14
S001,Y001,13,24,14
S001,Y003,13,6,14
S001,B002V1,13,24,14
S001,B002V3,13,24,14
S001,B003V1,13,24,14
S001,B005V2,13,12,14
S001,B005V3,13,12,14
S001,B008V2,13,24,14
S001,B010V3,13,6,14
S001,S002V1,13,24,14
S001,S002V2,13,24,14
S001,S003V1,13,24,14
S001,S006V2,13,6,14
S001,S007V3,13,12,14
S001,S010V2,13,6,14
S001,K003V2,13,6,14
S001,K004V2,13,6,14
S001,K005V1,13,6,14
S001,K008V2,13,6,14
S001,K009V2,13,6,14
S001,K010V1,13,6,14
S001,R001V1,13,12,14
S001,R003V2,13,24,14
S001,R008V1,13,24,14
S001,R008V2,13,24,14
S001,R009V3,13,12,14
S001,B003,14,24,15
S001,S002,14,24,15
S001,K003,14,6,15
S001,K004,14,6,15
S001,K005,14,48,15
S001,K007,14,12,15
S001,K010,14,6,15
S001,R002,14,6,15
S001,R003,14,24,15
S001,Y004,14,6,15
S001,A004,14,6,15
S001,A005,14,6,15
S001,A007,14,6,15
S001,A008,14,12,15
S001,B001V1,14,24,15
S001,B001V3,14,24,15
S001,B002V1,14,24,15
S001,B006V3,14,24,15
S001,B008V1,14,24,15
S001,B008V2,14,24,15
S001,B009V3,14,6,15
S001,S001V2,14,24,15
S001,S002V1,14,24,15
S001,S003V2,14,24,15
S001,S005V2,14,12,15
S001,S007V3,14,12,15
S001,K001V1,14,12,15
S001,K002V1,14,24,15
S001,K003V3,14,6,15
S001,K004V2,14,6,15
S001,K006V3,14,24,15
S001,K007V3,14,12,15
S001,K008V2,14,6,15
S001,K009V2,14,6,15
S001,K010V1,14,6,15
S001,R001V1,14,12,15
S001,R003V3,14,24,15
S001,R004V3,14,12,15
S001,R005V2,14,12,15
S001,R008V1,14,24,15
S001,R010V2,14,24,15
S001,Y002V2,14,24,15
S001,Y002V3,14,24,15
S001,S002,15,24,16
S001,S010,15,6,16
S001,K004,15,6,16
S001,K005,15,6,16
S001,K010,15,6,16
S001,R008,15,24,16
S001,R009,15,12,16
S001,B002V1,15,24,16
S001,B005V1,15,12,16
S001,B005V3,15,12,16
S001,B008V1,15,24,16
S001,B009V3,15,6,16
S001,S003V1,15,24,16
S001,S005V2,15,12,16
S001,S006V2,15,6,16
S001,K001V1,15,12,16
S001,K004V2,15,6,16
S001,K007V2,15,12,16
S001,K008V2,15,6,16
S001,K009V2,15,6,16
S001,K010V1,15,6,16
S001,R001V1,15,12,16
S001,R007V3,15,6,16
S001,Y002V2,15,24,16
S001,B004,16,12,17
S001,B009,16,6,17
S001,S002,16,24,17
S001,S005,16,12,17
S001,S007,16,12,17
S001,S010,16,6,17
S001,K003,16,6,17
S001,K004,16,6,17
S001,K005,16,6,17
S001,K010,16,6,17
S001,R001,16,12,17
S001,R009,16,12,17
S001,Y003,16,6,17
S001,Y004,16,6,17
S001,A005,16,6,17
S001,B002V3,16,24,17
S001,B003V1,16,24,17
S001,B003V2,16,24,17
S001,B003V3,16,24,17
S001,B005V3,16,12,17
S001,B008V1,16,24,17
S001,B008V3,16,24,17
S001,B009V3,16,6,17
S001,S001V2,16,24,17
S001,S003V1,16,24,17
S001,S007V3,16,12,17
S001,K001V2,16,12,17
S001,K003V2,16,6,17
S001,K003V3,16,6,17
S001,K004V1,16,6,17
S001,K005V1,16,6,17
S001,K006V3,16,24,17
S001,K007V1,16,12,17
S001,K008V2,16,6,17
S001,K009V2,16,6,17
S001,K010V1,16,6,17
S001,R003V2,16,24,17
S001,B004,17,12,18
S001,S009,17,6,18
S001,S010,17,6,18
S001,K003,17,6,18
S001,K004,17,6,18
S001,K005,17,6,18
S001,K007,17,12,18
S001,R001,17,12,18
S001,R005,17,12,18
S001,Y001,17,24,18
S001,Y003,17,6,18
S001,Y004,17,6,18
S001,Y005,17,12,18
S001,A006,17,6,18
S001,B001V3,17,24,18
S001,B002V1,17,24,18
S001,B003V1,17,24,18
S001,B004V1,17,12,18
S001,B005V3,17,12,18
S001,B010V3,17,6,18
S001,S002V2,17,24,18
S001,S007V3,17,12,18
S001,S009V2,17,6,18
S001,S009V3,17,6,18
S001,K001V1,17,12,18
S001,K002V1,17,24,18
S001,K006V3,17,24,18
S001,K007V3,17,12,18
S001,R001V1,17,12,18
S001,R001V2,17,12,18
S001,R003V1,17,24,18
S001,R003V2,17,24,18
S001,R004V3,17,12,18
S001,R007V3,17,6,18
S001,R008V1,17,24,18
S001,R010V2,17,24,18
S001,Y001V1,17,24,18
S001,Y002V2,17,24,18
S001,Y002V3,17,24,18
S001,B003,18,24,19
S001,B004,18,12,19
S001,S006,18,6,19
S001,K004,18,6,19
S001,K005,18,6,19
S001,R002,18,6,19
S001,R005,18,12,19
S001,R009,18,12,19
S001,Y001,18,24,19
S001,A007,18,6,19
S001,B002V2,18,24,19
S001,B003V2,18,24,19
S001,B005V1,18,12,19
S001,B005V3,18,12,19
S001,B008V1,18,24,19
S001,B008V3,18,24,19
S001,B009V3,18,6,19
S001,S001V2,18,24,19
S001,S002V1,18,24,19
S001,S003V1,18,24,19
S001,S003V2,18,24,19
S001,S006V2,18,6,19
S001,S009V2,18,6,19
S001,S010V2,18,6,19
S001,K002V1,18,24,19
S001,K010V1,18,6,19
S001,R001V1,18,12,19
S001,R002V3,18,6,19
S001,R003V2,18,24,19
S001,R003V3,18,24,19
S001,R004V3,18,12,19
S001,R005V3,18,12,19
S001,R009V3,18,12,19
S001,B003,19,24,20
S001,B004,19,12,20
S001,B007,19,24,20
S001,B009,19,6,20
S001,S007,19,12,20
S001,K003,19,6,20
S001,K004,19,6,20
S001,K005,19,6,20
S001,K006,19,24,20
S001,K007,19,12,20
S001,R003,19,24,20
S001,R009,19,12,20
S001,Y006,19,6,20
S001,A001,19,6,20
S001,A004,19,6,20
S001,A007,19,6,20
S001,B002V3,19,24,20
S001,B004V1,19,12,20
S001,B005V1,19,12,20
S001,B005V3,19,12,20
S001,B008V1,19,24,20
S001,B009V3,19,6,20
S001,S001V3,19,24,20
S001,S002V2,19,24,20
S001,S003V1,19,24,20
S001,S003V2,19,24,20
S001,S007V3,19,12,20
S001,S009V2,19,6,20
S001,K001V1,19,12,20
S001,K003V2,19,6,20
S001,K005V3,19,6,20
S001,K009V2,19,6,20
S001,R001V1,19,12,20
S001,R003V3,19,24,20
S001,R004V2,19,12,20
S001,R004V3,19,12,20
S001,R005V2,19,12,20
S001,R008V3,19,24,20
S001,Y001V2,19,24,20
S001,Y002V3,19,24,20
S001,B003,20,24,21
S001,B004,20,12,21
S001,S002,20,24,21
S001,S005,20,12,21
S001,K004,20,6,21
S001,K005,20,6,21
S001,K010,20,6,21
S001,R003,20,24,21
S001,R005,20,12,21
S001,R008,20,24,21
S001,Y006,20,6,21
S001,A001,20,6,21
S001,B002V3,20,24,21
S001,B003V1,20,24,21
S001,B003V2,20,24,21
S001,B006V2,20,24,21
S001,B008V1,20,24,21
S001,B008V2,20,24,21
S001,B009V3,20,6,21
S001,S002V1,20,24,21
S001,S004V2,20,12,21
S001,S007V3,20,12,21
S001,S009V2,20,6,21
S001,S009V3,20,6,21
S001,K001V1,20,12,21
S001,K003V2,20,6,21
S001,K003V3,20,6,21
S001,K004V2,20,6,21
S001,K005V1,20,6,21
S001,K005V3,20,6,21
S001,K006V3,20,24,21
S001,K009V2,20,6,21
S001,K010V1,20,6,21
S001,R001V1,20,12,21
S001,R003V1,20,24,21
S001,R004V2,20,12,21
S001,R005V1,20,12,21
S001,R008V1,20,24,21
S001,R008V3,20,24,21
S001,R009V1,20,12,21
S001,B004,21,12,22
S001,B009,21,6,22
S001,S007,21,12,22
S001,S009,21,6,22
S001,K007,21,12,22
S001,Y001,21,24,22
S001,A001,21,6,22
S001,A004,21,6,22
S001,B001V1,21,24,22
S001,B002V3,21,24,22
S001,B003V1,21,24,22
S001,B003V3,21,24,22
S001,B008V1,21,24,22
S001,B008V2,21,24,22
S001,B009V3,21,6,22
S001,S002V3,21,24,22
S001,S003V2,21,24,22
S001,S004V2,21,12,22
S001,S007V2,21,12,22
S001,S009V2,21,6,22
S001,S010V1,21,6,22
S001,K001V1,21,12,22
S001,K004V1,21,6,22
S001,K004V2,21,6,22
S001,K005V3,21,6,22
S001,K007V1,21,12,22
S001,K007V3,21,12,22
S001,K008V2,21,6,22
S001,K009V2,21,6,22
S001,K010V1,21,6,22
S001,R002V3,21,6,22
S001,R003V2,21,24,22
S001,R004V3,21,12,22
S001,R005V1,21,12,22
S001,Y002V2,21,24,22
S001,B009,22,6,23
S001,S005,22,12,23
S001,S009,22,6,23
S001,K004,22,6,23
S001,K005,22,6,23
S001,K006,22,24,23
S001,K010,22,6,23
S001,Y003,22,6,23
S001,A007,22,6,23
S001,B001V1,22,24,23
S001,B001V3,22,24,23
S001,B002V3,22,24,23
S001,B003V2,22,24,23
S001,B005V3,22,12,23
S001,B008V1,22,24,23
S001,B008V2,22,24,23
S001,B009V3,22,6,23
S001,S002V2,22,24,23
S001,S005V2,22,12,23
S001,S007V3,22,12,23
S001,S010V1,22,6,23
S001,K001V1,22,12,23
S001,K002V1,22,24,23
S001,K004V1,22,6,23
S001,K005V1,22,6,23
S001,K008V2,22,6,23
S001,K009V2,22,6,23
S001,R005V1,22,12,23
S001,R006V2,22,6,23
S001,R008V2,22,24,23
S001,R010V2,22,24,23
S001,Y001V2,22,24,23
S001,Y002V2,22,24,23
S001,Y002V3,22,24,23
S001,B009,23,6,24
S001,B010,23,6,24
S001,S009,23,6,24
S001,K004,23,6,24
S001,K005,23,6,24
S001,K010,23,6,24
S001,R008,23,24,24
S001,Y004,23,6,24
S001,A007,23,6,24
S001,B001V3,23,24,24
S001,B002V1,23,24,24
S001,B002V2,23,24,24
S001,B002V3,23,24,24
S001,B003V2,23,24,24
S001,B004V1,23,12,24
S001,B009V1,23,6,24
S001,B009V3,23,6,24
S001,S002V1,23,24,24
S001,S002V3,23,24,24
S001,S003V2,23,24,24
S001,K001V1,23,12,24
S001,K002V1,23,24,24
S001,K004V2,23,6,24
S001,K006V2,23,24,24
S001,K006V3,23,24,24
S001,K007V3,23,12,24
S001,K008V2,23,6,24
S001,K009V2,23,6,24
S001,R001V1,23,12,24
S001,R001V2,23,12,24
S001,R003V2,23,24,24
S001,R003V3,23,24,24
S001,R005V3,23,12,24
S001,R009V3,23,12,24
S001,Y002V3,23,24,24
S001,B003,24,24,25
S001,S002,24,24,25
S001,S005,24,12,25
S001,S006,24,6,25
S001,K004,24,6,25
S001,K005,24,6,25
S001,K010,24,6,25
S001,R005,24,12,25
S001,R006,24,6,25
S001,A002,24,24,25
S001,B001V3,24,24,25
S001,B002V1,24,24,25
S001,B003V3,24,24,25
S001,B005V3,24,12,25
S001,B006V2,24,24,25
S001,B007V1,24,24,25
S001,B008V1,24,24,25
S001,B009V1,24,6,25
S001,B009V3,24,6,25
S001,S001V3,24,24,25
S001,S002V2,24,24,25
S001,S003V1,24,24,25
S001,S005V2,24,12,25
S001,S009V3,24,6,25
S001,S010V1,24,6,25
S001,K001V1,24,12,25
S001,K003V2,24,6,25
S001,K004V1,24,6,25
S001,K005V1,24,6,25
S001,K007V1,24,12,25
S001,K008V2,24,6,25
S001,K009V2,24,6,25
S001,K010V1,24,6,25
S001,R001V1,24,12,25
S001,R003V1,24,24,25
S001,R003V3,24,24,25
S001,R008V3,24,24,25
S001,R009V2,24,12,25
S001,R009V3,24,12,25
S001,Y001V2,24,24,25
S001,Y002V3,24,24,25
S001,B003,25,24,26
S001,B004,25,12,26
S001,B005,25,12,26
S001,B009,25,6,26
S001,S007,25,12,26
S001,S010,25,6,26
S001,K004,25,6,26
S001,K005,25,6,26
S001,K007,25,12,26
S001,K010,25,6,26
S001,R004,25,12,26
S001,R006,25,6,26
S001,R009,25,12,26
S001,Y003,25,6,26
S001,Y004,25,6,26
S001,A002,25,24,26
S001,A006,25,6,26
S001,B002V3,25,24,26
S001,B003V2,25,24,26
S001,B004V1,25,12,26
S001,B005V1,25,12,26
S001,B005V2,25,12,26
S001,B008V1,25,24,26
S001,B009V3,25,6,26
S001,S001V2,25,24,26
S001,S002V3,25,24,26
S001,S009V3,25,6,26
S001,S010V1,25,6,26
S001,K001V1,25,12,26
S001,K004V1,25,6,26
S001,K005V1,25,6,26
S001,K007V1,25,12,26
S001,K007V2,25,12,26
S001,K008V2,25,6,26
S001,K009V2,25,6,26
S001,K010V1,25,6,26
S001,R001V1,25,12,26
S001,R003V2,25,24,26
S001,R003V3,25,24,26
S001,R008V1,25,24,26
S001,R009V3,25,12,26
S001,R010V2,25,24,26
S001,Y001V1,25,24,26
S001,Y001V3,25,24,26
S001,Y002V2,25,24,26
S001,Y002V3,25,24,26
S001,B009,26,6,27
S001,S002,26,24,27
S001,S009,26,6,27
S001,K004,26,6,27
S001,K010,26,6,27
S001,R005,26,12,27
S001,R008,26,24,27
S001,R009,26,12,27
S001,A002,26,24,27
S001,A006,26,6,27
S001,B001V3,26,24,27
S001,B002V2,26,24,27
S001,B003V3,26,24,27
S001,B005V1,26,12,27
S001,B008V2,26,24,27
S001,B009V1,26,6,27
S001,B009V3,26,6,27
S001,B010V1,26,6,27
S001,B010V3,26,6,27
S001,S001V2,26,24,27
S001,S002V2,26,24,27
S001,K001V1,26,12,27
S001,K002V1,26,24,27
S001,K003V2,26,6,27
S001,K006V2,26,24,27
S001,K007V1,26,12,27
S001,K007V3,26,12,27
S001,K008V2,26,6,27
S001,K009V2,26,6,27
S001,R001V2,26,12,27
S001,R002V3,26,6,27
S001,R003V2,26,24,27
S001,R003V3,26,24,27
S001,R005V1,26,12,27
S001,R009V3,26,12,27
S001,B004,27,12,28
S001,S002,27,24,28
S001,S006,27,6,28
S001,S007,27,12,28
S001,S010,27,6,28
S001,K005,27,6,28
S001,K010,27,6,28
S001,R002,27,6,28
S001,R006,27,6,28
S001,R009,27,12,28
S001,A002,27,24,28
S001,B002V3,27,24,28
S001,B003V3,27,24,28
S001,B008V1,27,24,28
S001,B008V2,27,24,28
S001,B009V1,27,6,28
S001,B009V3,27,6,28
S001,S001V2,27,24,28
S001,S004V2,27,12,28
S001,S005V2,27,12,28
S001,S006V1,27,6,28
S001,S007V2,27,12,28
S001,S008V3,27,6,28
S001,K001V1,27,12,28
S001,K001V2,27,12,28
S001,K002V1,27,24,28
S001,K003V2,27,6,28
S001,K005V1,27,6,28
S001,K008V2,27,6,28
S001,R002V3,27,6,28
S001,R003V1,27,24,28
S001,R003V3,27,24,28
S001,R009V3,27,12,28
S001,Y002V2,27,24,28
S001,B004,28,12,29
S001,S002,28,24,29
S001,S007,28,12,29
S001,K004,28,6,29
S001,K005,28,6,29
S001,K006,28,24,29
S001,Y004,28,6,29
S001,Y006,28,6,29
S001,A006,28,6,29
S001,B001V3,28,24,29
S001,B002V2,28,24,29
S001,B002V3,28,24,29
S001,B005V1,28,12,29
S001,B007V1,28,24,29
S001,B007V3,28,24,29
S001,B008V2,28,24,29
S001,B009V1,28,6,29
S001,B010V1,28,6,29
S001,S002V3,28,24,29
S001,S004V2,28,12,29
S001,S005V2,28,12,29
S001,S007V2,28,12,29
S001,S008V3,28,6,29
S001,S010V3,28,6,29
S001,K001V1,28,12,29
S001,K003V2,28,6,29
S001,K006V3,28,24,29
S001,K009V2,28,6,29
S001,K010V1,28,6,29
S001,R001V1,28,12,29
S001,R003V2,28,24,29
S001,R004V2,28,12,29
S001,R005V3,28,12,29
S001,R009V3,28,12,29
S001,B010,29,6,30
S001,S005,29,12,30
S001,K004,29,6,30
S001,Y001,29,24,30
S001,A002,29,24,30
S001,B001V3,29,24,30
S001,B004V1,29,12,30
S001,B008V1,29,24,30
S001,B009V3,29,6,30
S001,S001V3,29,24,30
S001,S002V3,29,24,30
S001,S004V2,29,12,30
S001,S008V3,29,6,30
S001,S010V3,29,6,30
S001,K003V2,29,6,30
S001,K009V2,29,6,30
S001,K010V1,29,6,30
S001,R001V1,29,12,30
S001,R003V1,29,24,30
S001,R003V2,29,24,30
S001,R005V3,29,12,30
S001,R006V1,29,6,30
S001,R008V1,29,24,30
S001,Y001V3,29,24,30
S001,Y002V2,29,24,30
S001,Y002V3,29,24,30
S001,B009,30,6,31
S001,S002,30,24,31
S001,S005,30,12,31
S001,S009,30,6,31
S001,K004,30,6,31
S001,K005,30,6,31
S001,K006,30,24,31
S001,R003,30,24,31
S001,B008V2,30,24,31
S001,B008V3,30,24,31
S001,B009V3,30,6,31
S001,B010V1,30,6,31
S001,S001V3,30,24,31
S001,S002V1,30,24,31
S001,S002V2,30,24,31
S001,S003V1,30,24,31
S001,S003V2,30,24,31
S001,S003V3,30,24,31
S001,S004V2,30,12,31
S001,S005V2,30,12,31
S001,S007V3,30,12,31
S001,S008V2,30,6,31
S001,S010V3,30,6,31
S001,K003V2,30,6,31
S001,K005V1,30,6,31
S001,K007V1,30,12,31
S001,K010V1,30,6,31
S001,R001V1,30,12,31
S001,R008V2,30,24,31
S001,Y001V2,30,24,31
S001,B002,31,24,32
S001,B004,31,12,32
S001,S002,31,24,32
S001,S005,31,12,32
S001,S009,31,6,32
S001,K007,31,12,32
S001,R009,31,12,32
S001,Y003,31,6,32
S001,Y004,31,6,32
S001,A008,31,12,32
S001,B001V1,31,24,32
S001,B007V1,31,24,32
S001,B008V2,31,24,32
S001,B010V1,31,6,32
S001,S001V2,31,24,32
S001,S002V1,31,24,32
S001,S003V2,31,24,32
S001,S005V2,31,12,32
S001,S007V3,31,12,32
S001,S008V2,31,6,32
S001,K001V1,31,12,32
S001,K002V1,31,24,32
S001,K005V2,31,6,32
S001,K007V2,31,12,32
S001,K010V1,31,6,32
S001,R001V1,31,12,32
S001,R003V2,31,24,32
S001,R003V3,31,24,32
S001,R009V1,31,12,32
S001,R009V3,31,12,32
S001,R010V2,31,24,32
S001,Y002V2,31,24,32
S001,Y002V3,31,24,32
S001,B002,32,24,33
S001,B010,32,6,33
S001,S002,32,24,33
S001,S005,32,12,33
S001,K003,32,6,33
S001,K005,32,6,33
S001,R003,32,24,33
S001,R005,32,12,33
S001,A005,32,6,33
S001,B001V1,32,24,33
S001,B001V3,32,24,33
S001,B002V2,32,24,33
S001,B002V3,32,24,33
S001,B003V2,32,24,33
S001,B004V1,32,12,33
S001,B007V1,32,24,33
S001,B010V1,32,6,33
S001,S001V3,32,24,33
S001,S002V1,32,24,33
S001,S002V3,32,24,33
S001,S004V2,32,12,33
S001,S005V2,32,12,33
S001,S007V1,32,12,33
S001,S007V2,32,12,33
S001,S008V2,32,6,33
S001,K001V1,32,12,33
S001,K003V2,32,6,33
S001,K006V1,32,24,33
S001,K006V3,32,24,33
S001,K009V2,32,6,33
S001,K009V3,32,6,33
S001,R001V2,32,12,33
S001,R003V1,32,24,33
S001,R003V2,32,24,33
S001,R004V2,32,12,33
S001,R004V3,32,12,33
S001,R007V3,32,6,33
S001,R008V3,32,24,33
S001,R009V3,32,12,33
S001,Y002V2,32,24,33
S001,B002,33,24,34
S001,B004,33,12,34
S001,S002,33,24,34
S001,S009,33,6,34
S001,K004,33,6,34
S001,K005,33,6,34
S001,R009,33,12,34
S001,Y006,33,6,34
S001,B001V1,33,24,34
S001,B002V2,33,24,34
S001,B004V1,33,12,34
S001,B006V2,33,24,34
S001,B009V1,33,6,34
S001,B009V3,33,6,34
S001,B010V1,33,6,34
S001,S005V2,33,12,34
S001,S008V3,33,6,34
S001,K001V1,33,12,34
S001,K002V1,33,24,34
S001,K005V2,33,6,34
S001,K006V1,33,24,34
S001,K006V3,33,24,34
S001,K007V1,33,12,34
S001,K009V2,33,6,34
S001,K010V1,33,6,34
S001,R001V1,33,12,34
S001,R004V2,33,12,34
S001,R004V3,33,12,34
S001,R005V1,33,12,34
S001,R007V2,33,6,34
S001,R007V3,33,6,34
S001,R008V1,33,24,34
S001,R008V3,33,24,34
S001,Y002V2,33,24,34
S001,B001,34,24,35
S001,B003,34,24,35
S001,S007,34,12,35
S001,K004,34,6,35
S001,K005,34,6,35
S001,K006,34,24,35
S001,R001,34,12,35
S001,R004,34,12,35
S001,R008,34,24,35
S001,Y001,34,24,35
S001,Y003,34,6,35
S001,A003,34,24,35
S001,B002V2,34,24,35
S001,B003V2,34,24,35
S001,B008V2,34,24,35
S001,B010V1,34,6,35
S001,S001V2,34,24,35
S001,S002V3,34,24,35
S001,S003V2,34,24,35
S001,S004V2,34,12,35
S001,S005V2,34,12,35
S001,S007V3,34,12,35
S001,K001V1,34,12,35
S001,K002V1,34,24,35
S001,K004V1,34,6,35
S001,K005V2,34,6,35
S001,K006V1,34,24,35
S001,K006V2,34,24,35
S001,K009V2,34,6,35
S001,K010V1,34,6,35
S001,R001V1,34,12,35
S001,R003V2,34,24,35
S001,R004V2,34,12,35
S001,R005V1,34,12,35
S001,R005V3,34,12,35
S001,R009V3,34,12,35
S001,R010V1,34,24,35
S001,Y002V2,34,24,35
S001,B002,35,24,36
S001,B003,35,24,36
S001,B010,35,6,36
S001,S002,35,24,36
S001,S005,35,12,36
S001,S009,35,6,36
S001,K003,35,6,36
S001,K004,35,6,36
S001,R002,35,6,36
S001,Y004,35,6,36
S001,A001,35,6,36
S001,A005,35,6,36
S001,B006V2,35,24,36
S001,B007V1,35,24,36
S001,S001V2,35,24,36
S001,S003V1,35,24,36
S001,S003V2,35,24,36
S001,S004V2,35,12,36
S001,S005V2,35,12,36
S001,S006V3,35,6,36
S001,S007V2,35,12,36
S001,K001V1,35,12,36
S001,K006V1,35,24,36
S001,K006V3,35,24,36
S001,K009V2,35,6,36
S001,K010V1,35,6,36
S001,R001V1,35,12,36
S001,R001V2,35,12,36
S001,R003V1,35,24,36
S001,R004V3,35,12,36
S001,R005V1,35,12,36
S001,R005V2,35,12,36
S001,R005V3,35,12,36
S001,R008V1,35,24,36
S001,R010V2,35,24,36
S001,Y001V2,35,24,36
S001,Y002V3,35,24,36
S001,S007,36,12,37
S001,S009,36,6,37
S001,K005,36,6,37
S001,K006,36,24,37
S001,K007,36,12,37
S001,R003,36,24,37
S001,R008,36,24,37
S001,Y003,36,6,37
S001,Y004,36,6,37
S001,Y006,36,6,37
S001,A002,36,24,37
S001,B002V2,36,24,37
S001,B004V1,36,12,37
S001,B008V1,36,24,37
S001,B009V3,36,6,37
S001,S005V2,36,12,37
S001,S007V2,36,12,37
S001,S008V3,36,6,37
S001,K001V1,36,12,37
S001,K002V1,36,24,37
S001,K004V1,36,6,37
S001,K005V3,36,6,37
S001,K010V1,36,6,37
S001,R001V1,36,12,37
S001,R001V2,36,12,37
S001,R003V1,36,24,37
S001,R003V3,36,24,37
S001,R005V2,36,12,37
S001,R008V1,36,24,37
S001,R010V1,36,24,37
S001,Y001V1,36,24,37
S001,Y002V3,36,24,37
S001,B002,37,24,38
S001,B010,37,6,38
S001,S002,37,24,38
S001,S009,37,6,38
S001,K003,37,6,38
S001,K004,37,6,38
S001,K005,37,6,38
S001,R008,37,24,38
S001,Y003,37,6,38
S001,Y004,37,6,38
S001,Y006,37,6,38
S001,B002V2,37,24,38
S001,B006V1,37,24,38
S001,B006V2,37,24,38
S001,B006V3,37,24,38
S001,B007V3,37,24,38
S001,B009V1,37,6,38
S001,B009V3,37,6,38
S001,B010V1,37,6,38
S001,S001V2,37,24,38
S001,S002V3,37,24,38
S001,S007V2,37,12,38
S001,S008V3,37,6,38
S001,S010V2,37,6,38
S001,K003V2,37,6,38
S001,K006V1,37,24,38
S001,K009V2,37,6,38
S001,K010V1,37,6,38
S001,R001V1,37,12,38
S001,R003V1,37,24,38
S001,R003V2,37,24,38
S001,R008V1,37,24,38
S001,R008V3,37,24,38
S001,R009V1,37,12,38
S001,Y001V1,37,24,38
S001,Y001V2,37,24,38
S001,Y002V3,37,24,38
S001,B002,38,24,39
S001,K003,38,6,39
S001,K004,38,6,39
S001,R001,38,12,39
S001,R003,38,24,39
S001,R005,38,12,39
S001,R008,38,24,39
S001,R009,38,12,39
S001,Y001,38,24,39
S001,Y003,38,6,39
S001,A002,38,24,39
S001,B002V2,38,24,39
S001,B002V3,38,24,39
S001,B003V3,38,24,39
S001,B004V1,38,12,39
S001,B006V2,38,24,39
S001,B009V2,38,6,39
S001,B009V3,38,6,39
S001,S001V2,38,24,39
S001,S001V3,38,24,39
S001,S003V1,38,24,39
S001,S004V2,38,12,39
S001,K001V1,38,12,39
S001,K005V3,38,6,39
S001,K006V1,38,24,39
S001,K007V1,38,12,39
S001,K007V3,38,12,39
S001,K009V2,38,6,39
S001,K010V1,38,6,39
S001,R001V2,38,12,39
S001,R008V3,38,24,39
S001,B003,39,24,40
S001,B004,39,12,40
S001,B010,39,6,40
S001,S002,39,24,40
S001,S005,39,12,40
S001,K001,39,12,40
S001,K004,39,6,40
S001,K005,39,6,40
S001,R005,39,12,40
S001,R008,39,24,40
S001,B001V3,39,24,40
S001,B005V1,39,12,40
S001,B006V2,39,24,40
S001,B007V1,39,24,40
S001,B009V1,39,6,40
S001,B009V2,39,6,40
S001,S002V2,39,24,40
S001,S002V3,39,24,40
S001,S007V2,39,12,40
S001,S007V3,39,12,40
S001,S008V3,39,6,40
S001,K004V1,39,6,40
S001,K005V3,39,6,40
S001,K006V2,39,24,40
S001,K006V3,39,24,40
S001,K007V1,39,12,40
S001,K007V3,39,12,40
S001,K009V2,39,6,40
S001,K010V3,39,6,40
S001,R003V3,39,24,40
S001,R005V2,39,12,40
S001,B003,40,24,41
S001,B004,40,12,41
S001,S007,40,12,41
S001,K003,40,6,41
S001,K004,40,6,41
S001,K007,40,12,41
S001,Y003,40,6,41
S001,A002,40,24,41
S001,B001V1,40,24,41
S001,B002V3,40,24,41
S001,B008V1,40,24,41
S001,B009V3,40,6,41
S001,B010V1,40,6,41
S001,S002V3,40,24,41
S001,S003V1,40,24,41
S001,S003V3,40,24,41
S001,S006V3,40,6,41
S001,S007V2,40,12,41
S001,S007V3,40,12,41
S001,S008V3,40,6,41
S001,K001V1,40,12,41
S001,K002V1,40,24,41
S001,K003V2,40,6,41
S001,K005V2,40,6,41
S001,K005V3,40,6,41
S001,K006V3,40,24,41
S001,K007V1,40,12,41
S001,K009V2,40,6,41
S001,K010V1,40,6,41
S001,R001V1,40,12,41
S001,R003V1,40,24,41
S001,R003V3,40,24,41
S001,R008V1,40,24,41
S001,R009V2,40,12,41
S001,R009V3,40,12,41
S001,Y001V1,40,24,41
S001,B002,41,24,42
S001,B003,41,24,42
S001,B004,41,12,42
S001,B010,41,6,42
S001,S005,41,12,42
S001,S007,41,12,42
S001,R002,41,6,42
S001,R004,41,12,42
S001,R009,41,12,42
S001,Y001,41,24,42
S001,Y003,41,6,42
S001,Y004,41,6,42
S001,Y006,41,6,42
S001,A002,41,24,42
S001,B006V3,41,24,42
S001,B007V1,41,24,42
S001,B008V1,41,24,42
S001,B008V2,41,24,42
S001,B009V1,41,6,42
S001,B009V3,41,6,42
S001,B010V1,41,6,42
S001,S001V2,41,24,42
S001,S002V1,41,24,42
S001,S002V3,41,24,42
S001,S004V2,41,12,42
S001,S005V2,41,12,42
S001,S007V3,41,12,42
S001,K002V3,41,24,42
S001,K005V3,41,6,42
S001,K006V1,41,24,42
S001,K006V3,41,24,42
S001,K007V1,41,12,42
S001,K007V2,41,12,42
S001,K007V3,41,12,42
S001,K009V2,41,6,42
S001,R001V1,41,12,42
S001,R003V2,41,24,42
S001,R004V3,41,12,42
S001,R005V3,41,12,42
S001,R007V3,41,6,42
S001,R009V2,41,12,42
S001,R010V2,41,24,42
S001,Y001V2,41,24,42
S001,Y002V3,41,24,42
S001,S008,42,6,43
S001,K001,42,12,43
S001,K004,42,6,43
S001,K005,42,6,43
S001,K007,42,12,43
S001,R001,42,12,43
S001,R003,42,24,43
S001,R006,42,6,43
S001,Y001,42,24,43
S001,Y003,42,6,43
S001,Y006,42,6,43
S001,A002,42,24,43
S001,B002V2,42,24,43
S001,B002V3,42,24,43
S001,B006V2,42,24,43
S001,B007V1,42,24,43
S001,B008V2,42,24,43
S001,B009V1,42,6,43
S001,B009V3,42,6,43
S001,B010V2,42,6,43
S001,S002V2,42,24,43
S001,S006V3,42,6,43
S001,S007V3,42,12,43
S001,S009V2,42,6,43
S001,K005V3,42,6,43
S001,K006V1,42,24,43
S001,K010V1,42,6,43
S001,R009V3,42,12,43
S001,B003,43,24,44
S001,B004,43,12,44
S001,S002,43,24,44
S001,S007,43,12,44
S001,S009,43,6,44
S001,K004,43,6,44
S001,K005,43,6,44
S001,K006,43,24,44
S001,R002,43,6,44
S001,R003,43,24,44
S001,R009,43,12,44
S001,Y006,43,6,44
S001,B001V3,43,24,44
S001,B002V2,43,24,44
S001,B003V3,43,24,44
S001,B004V1,43,12,44
S001,B006V1,43,24,44
S001,B006V3,43,24,44
S001,B007V1,43,24,44
S001,B009V3,43,6,44
S001,B010V2,43,6,44
S001,S002V2,43,24,44
S001,S005V2,43,12,44
S001,S008V3,43,6,44
S001,K002V1,43,24,44
S001,K003V2,43,6,44
S001,K005V3,43,6,44
S001,K006V3,43,24,44
S001,K007V2,43,12,44
S001,K007V3,43,12,44
S001,K008V2,43,6,44
S001,K009V2,43,6,44
S001,K010V1,43,6,44
S001,R001V1,43,12,44
S001,R001V2,43,12,44
S001,R003V3,43,24,44
S001,R005V1,43,12,44
S001,R008V2,43,24,44
S001,Y002V2,43,24,44
S001,B002,44,24,45
S001,B005,44,12,45
S001,B010,44,6,45
S001,S002,44,24,45
S001,S007,44,12,45
S001,K004,44,6,45
S001,K005,44,6,45
S001,K007,44,12,45
S001,R009,44,12,45
S001,A001,44,6,45
S001,A002,44,24,45
S001,B001V1,44,24,45
S001,B002V2,44,24,45
S001,B002V3,44,24,45
S001,B003V2,44,24,45
S001,B003V3,44,24,45
S001,B004V1,44,12,45
S001,B007V1,44,24,45
S001,B009V1,44,6,45
S001,B009V2,44,6,45
S001,B009V3,44,6,45
S001,B010V1,44,6,45
S001,S001V3,44,24,45
S001,S002V1,44,24,45
S001,S003V2,44,24,45
S001,S005V2,44,12,45
S001,S007V2,44,12,45
S001,K001V1,44,12,45
S001,K002V3,44,24,45
S001,K003V2,44,6,45
S001,K004V2,44,6,45
S001,K005V3,44,6,45
S001,K008V2,44,6,45
S001,K009V2,44,6,45
S001,K010V1,44,6,45
S001,R003V1,44,24,45
S001,R004V3,44,12,45
S001,R005V1,44,12,45
S001,R005V3,44,12,45
S001,B001,45,24,46
S001,B005,45,12,46
S001,B008,45,24,46
S001,B010,45,6,46
S001,S005,45,12,46
S001,S007,45,12,46
S001,S009,45,6,46
S001,K001,45,12,46
S001,K006,45,24,46
S001,K010,45,6,46
S001,R005,45,12,46
S001,Y005,45,12,46
S001,A002,45,24,46
S001,B002V2,45,24,46
S001,B003V3,45,24,46
S001,B006V1,45,24,46
S001,B009V1,45,6,46
S001,B009V2,45,6,46
S001,B010V1,45,6,46
S001,S001V2,45,24,46
S001,S002V3,45,24,46
S001,S003V1,45,24,46
S001,S003V2,45,24,46
S001,S005V2,45,12,46
S001,S008V1,45,6,46
S001,S008V3,45,6,46
S001,K001V1,45,12,46
S001,K005V1,45,6,46
S001,K005V2,45,6,46
S001,K006V1,45,24,46
S001,K006V2,45,24,46
S001,K007V3,45,12,46
S001,K010V1,45,6,46
S001,R001V1,45,12,46
S001,R001V2,45,12,46
S001,R003V1,45,24,46
S001,Y002V3,45,24,46
S001,S005,46,12,47
S001,K001,46,12,47
S001,K004,46,6,47
S001,K005,46,6,47
S001,R004,46,12,47
S001,R008,46,24,47
S001,A002,46,24,47
S001,A006,46,6,47
S001,B001V3,46,24,47
S001,B006V2,46,24,47
S001,B009V3,46,6,47
S001,B010V1,46,6,47
S001,S002V1,46,24,47
S001,S002V2,46,24,47
S001,S003V2,46,24,47
S001,S003V3,46,24,47
S001,S006V3,46,6,47
S001,S007V3,46,12,47
S001,S008V3,46,6,47
S001,K001V1,46,12,47
S001,K001V2,46,12,47
S001,K002V3,46,24,47
S001,K004V2,46,6,47
S001,K009V1,46,6,47
S001,K009V2,46,6,47
S001,K010V1,46,6,47
S001,R001V1,46,12,47
S001,R002V3,46,6,47
S001,R003V3,46,24,47
S001,R005V1,46,12,47
S001,R008V1,46,24,47
S001,Y002V2,46,24,47
S001,B002,47,24,48
S001,S002,47,24,48
S001,S009,47,6,48
S001,K001,47,12,48
S001,K005,47,6,48
S001,K006,47,24,48
S001,K010,47,6,48
S001,R002,47,6,48
S001,R003,47,24,48
S001,R008,47,24,48
S001,Y001,47,24,48
S001,B006V1,47,24,48
S001,B006V2,47,24,48
S001,B007V1,47,24,48
S001,B009V3,47,6,48
S001,S001V3,47,24,48
S001,S002V3,47,24,48
S001,S003V2,47,24,48
S001,S004V2,47,12,48
S001,S004V3,47,12,48
S001,S005V2,47,12,48
S001,S007V2,47,12,48
S001,K001V1,47,12,48
S001,K002V3,47,24,48
S001,K003V2,47,6,48
S001,K004V2,47,6,48
S001,K005V2,47,6,48
S001,K005V3,47,6,48
S001,K008V2,47,6,48
S001,K009V1,47,6,48
S001,K009V2,47,6,48
S001,K010V1,47,6,48
S001,R001V1,47,12,48
S001,R001V2,47,12,48
S001,R003V1,47,24,48
S001,R003V2,47,24,48
S001,R004V2,47,12,48
S001,R004V3,47,12,48
S001,R008V1,47,24,48
S001,Y001V3,47,24,48
S001,B003,48,24,49
S001,B004,48,12,49
S001,B010,48,6,49
S001,S002,48,24,49
S001,K003,48,6,49
S001,K004,48,6,49
S001,K010,48,6,49
S001,R002,48,6,49
S001,R004,48,12,49
S001,R005,48,12,49
S001,R008,48,24,49
S001,Y006,48,6,49
S001,A006,48,6,49
S001,B002V2,48,24,49
S001,B007V1,48,24,49
S001,B010V3,48,6,49
S001,S002V1,48,24,49
S001,S002V2,48,24,49
S001,S002V3,48,24,49
S001,S003V2,48,24,49
S001,S006V3,48,6,49
S001,S007V2,48,12,49
S001,S008V3,48,6,49
S001,K001V1,48,12,49
S001,K004V2,48,6,49
S001,K005V1,48,6,49
S001,K005V2,48,6,49
S001,K010V1,48,6,49
S001,R003V2,48,24,49
S001,R008V3,48,24,49
S001,Y002V2,48,24,49
S001,Y002V3,48,24,49
S001,K004,49,6,50
S001,K005,49,6,50
S001,K010,49,6,50
S001,R004,49,12,50
S001,R005,49,12,50
S001,R008,49,24,50
S001,R009,49,12,50
S001,Y004,49,6,50
S001,A001,49,6,50
S001,A002,49,24,50
S001,A006,49,6,50
S001,A007,49,6,50
S001,B002V3,49,24,50
S001,B009V3,49,6,50
S001,B010V1,49,6,50
S001,B010V3,49,6,50
S001,S002V3,49,24,50
S001,S003V2,49,24,50
S001,S004V2,49,12,50
S001,K001V1,49,12,50
S001,K002V2,49,24,50
S001,K002V3,49,24,50
S001,K005V2,49,6,50
S001,K005V3,49,6,50
S001,K007V3,49,12,50
S001,K009V2,49,6,50
S001,R001V1,49,12,50
S001,R003V3,49,24,50
S001,R004V2,49,12,50
S001,R008V1,49,24,50
S001,Y001V2,49,24,50
S001,Y002V3,49,24,50
S001,B003,50,24,51
S001,B009,50,6,51
S001,S002,50,24,51
S001,S005,50,12,51
S001,S007,50,12,51
S001,K003,50,6,51
S001,K005,50,6,51
S001,K007,50,12,51
S001,K010,50,6,51
S001,R001,50,12,51
S001,B001V3,50,24,51
S001,B003V3,50,24,51
S001,B006V1,50,24,51
S001,B009V1,50,6,51
S001,S001V2,50,24,51
S001,S002V1,50,24,51
S001,S002V3,50,24,51
S001,S004V3,50,12,51
S001,S006V3,50,6,51
S001,S007V2,50,12,51
S001,S008V3,50,6,51
S001,K001V1,50,12,51
S001,K004V2,50,6,51
S001,K005V2,50,6,51
S001,K005V3,50,6,51
S001,K006V1,50,24,51
S001,K007V1,50,12,51
S001,K010V1,50,6,51
S001,K010V2,50,6,51
S001,R003V2,50,24,51
S001,R008V1,50,24,51
S001,R010V2,50,24,51
S001,Y001V1,50,24,51
S001,Y001V2,50,24,51
S001,Y002V2,50,24,51
S001,Y002V3,50,24,51
S001,K001,51,12,52
S001,R006,51,6,52
S001,R008,51,24,52
S001,R009,51,12,52
S001,Y001,51,24,52
S001,B002V3,51,24,52
S001,B003V2,51,24,52
S001,B006V2,51,24,52
S001,B008V2,51,24,52
S001,B009V1,51,6,52
S001,B010V3,51,6,52
S001,S001V2,51,24,52
S001,S002V1,51,24,52
S001,S006V3,51,6,52
S001,S008V3,51,6,52
S001,K001V1,51,12,52
S001,K002V3,51,24,52
S001,K005V2,51,6,52
S001,K005V3,51,6,52
S001,K006V3,51,24,52
S001,K010V1,51,6,52
S001,R001V1,51,12,52
S001,R002V3,51,6,52
S001,R003V2,51,24,52
S001,R004V3,51,12,52
S001,R008V3,51,24,52
S001,R009V3,51,12,52
S002,B004,1,12,2
S002,S006,1,6,2
S002,K003,1,6,2
S002,K004,1,18,2
S002,K005,1,30,2
S002,R003,1,24,2
S002,Y001,1,24,2
S002,Y003,1,6,2
S002,Y004,1,6,2
S002,A001,1,6,2
S002,B001V3,1,24,2
S002,B005V1,1,12,2
S002,B007V2,1,24,2
S002,B009V3,1,42,2
S002,S004V2,1,12,2
S002,S005V1,1,24,2
S002,S006V2,1,6,2
S002,S007V2,1,12,2
S002,S009V2,1,6,2
S002,K001V1,1,48,2
S002,K001V2,1,12,2
S002,K003V2,1,6,2
S002,K004V2,1,6,2
S002,K004V3,1,30,2
S002,K005V1,1,6,2
S002,K006V1,1,24,2
S002,K006V3,1,24,2
S002,K009V1,1,6,2
S002,K009V2,1,12,2
S002,K010V1,1,6,2
S002,R002V1,1,6,2
S002,R004V2,1,12,2
S002,R004V3,1,12,2
S002,R009V3,1,12,2
S002,Y001V2,1,24,2
S002,Y002V2,1,24,2
S002,Y002V3,1,24,2
S002,B003,2,24,3
S002,B007,2,24,3
S002,B009,2,6,3
S002,S002,2,24,3
S002,S010,2,6,3
S002,K001,2,12,3
S002,K003,2,6,3
S002,K004,2,24,3
S002,K005,2,66,3
S002,R004,2,12,3
S002,R008,2,24,3
S002,B002V1,2,24,3
S002,B005V1,2,12,3
S002,B005V3,2,12,3
S002,B006V1,2,24,3
S002,B007V1,2,24,3
S002,B007V2,2,24,3
S002,B008V2,2,24,3
S002,B009V3,2,36,3
S002,S001V3,2,24,3
S002,S003V2,2,24,3
S002,S004V1,2,12,3
S002,S005V1,2,24,3
S002,S006V2,2,6,3
S002,S008V2,2,6,3
S002,S008V3,2,6,3
S002,S009V1,2,6,3
S002,S009V2,2,6,3
S002,K001V1,2,60,3
S002,K002V1,2,24,3
S002,K004V2,2,6,3
S002,K004V3,2,60,3
S002,K005V3,2,6,3
S002,K007V1,2,12,3
S002,K008V2,2,6,3
S002,K009V1,2,6,3
S002,K009V2,2,30,3
S002,K010V1,2,12,3
S002,R003V1,2,24,3
S002,R003V2,2,24,3
S002,R004V1,2,12,3
S002,Y002V2,2,24,3
S002,B009,3,6,4
S002,K001,3,12,4
S002,K004,3,24,4
S002,K005,3,72,4
S002,R002,3,6,4
S002,R007,3,6,4
S002,R008,3,24,4
S002,R009,3,12,4
S002,A002,3,24,4
S002,B002V3,3,24,4
S002,B003V1,3,24,4
S002,B005V1,3,12,4
S002,B007V1,3,24,4
S002,B009V3,3,24,4
S002,S004V2,3,12,4
S002,S005V1,3,12,4
S002,S009V2,3,6,4
S002,K001V1,3,96,4
S002,K003V2,3,6,4
S002,K004V2,3,6,4
S002,K004V3,3,60,4
S002,K007V1,3,12,4
S002,K009V2,3,30,4
S002,K010V1,3,6,4
S002,R001V2,3,12,4
S002,R002V1,3,6,4
S002,R003V1,3,24,4
S002,R003V2,3,24,4
S002,R003V3,3,24,4
S002,R004V3,3,12,4
S002,R007V3,3,6,4
S002,R008V1,3,24,4
S002,R009V3,3,12,4
S002,Y002V3,3,24,4
S002,S010,4,6,5
S002,K001,4,12,5
S002,K004,4,24,5
S002,R001,4,12,5
S002,A002,4,24,5
S002,B004V2,4,12,5
S002,B007V2,4,24,5
S002,B008V2,4,24,5
S002,B009V3,4,78,5
S002,S004V2,4,12,5
S002,S005V1,4,24,5
S002,S006V3,4,6,5
S002,S009V1,4,6,5
S002,S009V2,4,6,5
S002,K001V1,4,12,5
S002,K004V3,4,72,5
S002,K007V1,4,12,5
S002,K008V2,4,6,5
S002,K009V2,4,24,5
S002,K010V1,4,12,5
S002,R002V1,4,6,5
S002,R005V3,4,12,5
S002,R008V1,4,24,5
S002,Y001V1,4,24,5
S002,B004,5,12,6
S002,S010,5,6,6
S002,K003,5,6,6
S002,K005,5,6,6
S002,K008,5,6,6
S002,R005,5,12,6
S002,R008,5,24,6
S002,R009,5,12,6
S002,Y001,5,24,6
S002,Y003,5,6,6
S002,Y004,5,6,6
S002,B001V1,5,24,6
S002,B004V1,5,12,6
S002,B005V1,5,12,6
S002,B007V2,5,24,6
S002,B008V1,5,24,6
S002,B009V3,5,30,6
S002,S001V3,5,24,6
S002,S005V1,5,12,6
S002,S007V2,5,12,6
S002,S009V2,5,6,6
S002,S010V1,5,6,6
S002,K001V1,5,12,6
S002,K004V3,5,60,6
S002,K008V2,5,6,6
S002,K009V2,5,18,6
S002,K010V1,5,12,6
S002,R003V3,5,24,6
S002,R005V3,5,12,6
S002,R009V3,5,12,6
S002,B004,6,12,7
S002,K001,6,12,7
S002,R001,6,12,7
S002,R003,6,24,7
S002,R005,6,12,7
S002,R008,6,24,7
S002,R010,6,24,7
S002,Y004,6,6,7
S002,B001V3,6,24,7
S002,B003V1,6,24,7
S002,B007V1,6,24,7
S002,B007V2,6,24,7
S002,B008V3,6,24,7
S002,B009V3,6,42,7
S002,S004V1,6,12,7
S002,S005V1,6,12,7
S002,S007V2,6,12,7
S002,S009V2,6,6,7
S002,S010V1,6,6,7
S002,K001V1,6,12,7
S002,K003V2,6,6,7
S002,K004V3,6,36,7
S002,K005V3,6,6,7
S002,K008V2,6,6,7
S002,K009V2,6,18,7
S002,K010V1,6,12,7
S002,R003V3,6,24,7
S002,B004,7,12,8
S002,K001,7,12,8
S002,K004,7,6,8
S002,K005,7,6,8
S002,R007,7,6,8
S002,R009,7,12,8
S002,B001V3,7,24,8
S002,B002V3,7,24,8
S002,B004V3,7,12,8
S002,B009V3,7,66,8
S002,S003V3,7,24,8
S002,S004V1,7,12,8
S002,S005V1,7,12,8
S002,S006V2,7,6,8
S002,S008V1,7,6,8
S002,K001V2,7,12,8
S002,K004V2,7,6,8
S002,K004V3,7,60,8
S002,K007V1,7,12,8
S002,K009V2,7,24,8
S002,K010V1,7,6,8
S002,R002V1,7,6,8
S002,R003V3,7,24,8
S002,R004V1,7,12,8
S002,R004V3,7,12,8
S002,R007V3,7,6,8
S002,R009V3,7,12,8
S002,Y001V1,7,24,8
S002,Y001V2,7,24,8
S002,Y002V2,7,24,8
S002,B004,8,12,9
S002,S010,8,6,9
S002,K003,8,6,9
S002,K004,8,6,9
S002,K005,8,6,9
S002,R008,8,24,9
S002,R009,8,12,9
S002,A001,8,6,9
S002,B003V1,8,24,9
S002,B004V2,8,12,9
S002,B005V1,8,12,9
S002,B007V1,8,24,9
S002,B008V3,8,24,9
S002,B009V3,8,66,9
S002,B010V1,8,6,9
S002,S004V2,8,12,9
S002,S005V1,8,12,9
S002,S010V1,8,6,9
S002,K004V2,8,6,9
S002,K004V3,8,54,9
S002,K006V3,8,24,9
S002,K007V1,8,12,9
S002,K009V2,8,12,9
S002,K010V1,8,6,9
S002,R003V1,8,24,9
S002,R009V3,8,12,9
S002,B009,9,6,10
S002,S009,9,6,10
S002,S010,9,6,10
S002,K003,9,6,10
S002,K004,9,6,10
S002,K005,9,6,10
S002,R008,9,24,10
S002,R009,9,12,10
S002,B002V1,9,24,10
S002,B004V1,9,12,10
S002,B007V2,9,24,10
S002,B008V1,9,24,10
S002,B009V3,9,6,10
S002,S004V1,9,12,10
S002,S004V2,9,12,10
S002,S005V1,9,12,10
S002,S006V2,9,6,10
S002,S009V2,9,6,10
S002,K001V1,9,12,10
S002,K004V3,9,66,10
S002,K009V2,9,12,10
S002,K010V1,9,6,10
S002,R002V3,9,6,10
S002,R003V1,9,24,10
S002,R004V1,9,12,10
S002,R004V3,9,12,10
S002,R005V3,9,12,10
S002,Y002V3,9,24,10
S002,B006,10,24,11
S002,S006,10,6,11
S002,S010,10,6,11
S002,K004,10,6,11
S002,K005,10,6,11
S002,R004,10,12,11
S002,R009,10,12,11
S002,Y004,10,6,11
S002,A008,10,12,11
S002,B001V3,10,24,11
S002,B002V1,10,24,11
S002,B004V2,10,12,11
S002,B008V2,10,24,11
S002,B009V3,10,6,11
S002,S003V3,10,24,11
S002,S004V1,10,12,11
S002,S005V1,10,12,11
S002,S006V2,10,6,11
S002,S006V3,10,6,11
S002,S007V2,10,12,11
S002,S009V1,10,6,11
S002,S010V1,10,6,11
S002,K001V1,10,12,11
S002,K004V2,10,6,11
S002,K004V3,10,24,11
S002,K007V1,10,12,11
S002,K008V1,10,6,11
S002,K009V2,10,18,11
S002,R001V2,10,12,11
S002,R004V1,10,12,11
S002,R004V2,10,12,11
S002,R007V2,10,6,11
S002,R008V1,10,24,11
S002,R009V3,10,12,11
S002,Y002V3,10,24,11
S002,B003,11,24,12
S002,S002,11,24,12
S002,S003,11,24,12
S002,S010,11,6,12
S002,K004,11,6,12
S002,K005,11,6,12
S002,R009,11,12,12
S002,B001V3,11,24,12
S002,B005V1,11,12,12
S002,B005V3,11,12,12
S002,B006V1,11,24,12
S002,B008V1,11,24,12
S002,B009V3,11,6,12
S002,S003V2,11,24,12
S002,S004V2,11,12,12
S002,S005V1,11,12,12
S002,S005V2,11,12,12
S002,S006V2,11,6,12
S002,S010V1,11,6,12
S002,K001V1,11,12,12
S002,K002V3,11,24,12
S002,K004V3,11,30,12
S002,K009V2,11,24,12
S002,R002V1,11,6,12
S002,R006V1,11,6,12
S002,R009V3,11,12,12
S002,K001,12,12,13
S002,K004,12,6,13
S002,K007,12,12,13
S002,R008,12,24,13
S002,Y004,12,6,13
S002,A006,12,6,13
S002,B003V3,12,24,13
S002,B004V2,12,12,13
S002,B006V1,12,24,13
S002,B007V1,12,24,13
S002,B007V2,12,24,13
S002,B009V3,12,6,13
S002,S005V1,12,12,13
S002,S005V2,12,12,13
S002,S006V2,12,6,13
S002,S009V1,12,6,13
S002,S010V2,12,6,13
S002,K002V3,12,24,13
S002,K003V1,12,6,13
S002,K004V3,12,30,13
S002,K006V1,12,24,13
S002,K009V2,12,18,13
S002,K009V3,12,6,13
S002,R003V3,12,24,13
S002,R004V3,12,12,13
S002,R008V1,12,24,13
S002,Y002V2,12,24,13
S002,Y002V3,12,24,13
S002,B004,13,12,14
S002,S003,13,24,14
S002,K001,13,12,14
S002,K004,13,6,14
S002,K005,13,6,14
S002,R001,13,12,14
S002,R010,13,24,14
S002,A002,13,24,14
S002,B001V1,13,24,14
S002,B002V3,13,24,14
S002,B004V2,13,12,14
S002,B005V3,13,12,14
S002,B009V3,13,6,14
S002,S004V1,13,12,14
S002,S006V2,13,6,14
S002,S009V1,13,6,14
S002,K001V1,13,12,14
S002,K002V1,13,24,14
S002,K003V1,13,6,14
S002,K004V3,13,30,14
S002,K009V2,13,12,14
S002,R002V1,13,6,14
S002,R003V3,13,24,14
S002,R004V3,13,12,14
S002,R007V1,13,6,14
S002,R009V3,13,12,14
S002,Y002V2,13,24,14
S002,B003,14,24,15
S002,B006,14,24,15
S002,K001,14,12,15
S002,K004,14,6,15
S002,K005,14,6,15
S002,A002,14,24,15
S002,B001V3,14,24,15
S002,B002V1,14,24,15
S002,B004V1,14,12,15
S002,B005V3,14,12,15
S002,B008V1,14,24,15
S002,B009V3,14,6,15
S002,S003V2,14,24,15
S002,S004V2,14,12,15
S002,S004V3,14,12,15
S002,S007V1,14,12,15
S002,S008V3,14,6,15
S002,S009V1,14,6,15
S002,S010V1,14,6,15
S002,K002V1,14,24,15
S002,K003V1,14,6,15
S002,K004V3,14,48,15
S002,K006V1,14,24,15
S002,K009V1,14,6,15
S002,K009V2,14,18,15
S002,R003V2,14,24,15
S002,R008V1,14,24,15
S002,R009V1,14,12,15
S002,R009V3,14,12,15
S002,R010V2,14,24,15
S002,Y002V2,14,24,15
S002,S002,15,24,16
S002,S009,15,6,16
S002,S010,15,6,16
S002,R004,15,12,16
S002,A001,15,6,16
S002,B001V3,15,24,16
S002,B002V3,15,24,16
S002,B003V3,15,24,16
S002,B004V2,15,12,16
S002,B007V1,15,24,16
S002,B007V2,15,24,16
S002,B009V3,15,6,16
S002,S005V1,15,12,16
S002,S005V2,15,12,16
S002,S005V3,15,12,16
S002,S007V1,15,12,16
S002,S008V3,15,6,16
S002,K001V1,15,12,16
S002,K002V1,15,24,16
S002,K002V3,15,24,16
S002,K003V1,15,6,16
S002,K009V1,15,6,16
S002,K009V2,15,6,16
S002,R002V1,15,6,16
S002,R004V1,15,12,16
S002,R009V2,15,12,16
S002,Y001V3,15,24,16
S002,Y002V3,15,24,16
S002,B003,16,24,17
S002,S003,16,24,17
S002,K001,16,12,17
S002,K004,16,6,17
S002,K005,16,6,17
S002,K008,16,6,17
S002,R002,16,6,17
S002,R008,16,24,17
S002,R009,16,12,17
S002,B001V3,16,24,17
S002,B002V1,16,24,17
S002,B003V3,16,24,17
S002,B005V1,16,12,17
S002,B006V1,16,24,17
S002,B007V1,16,24,17
S002,B007V2,16,24,17
S002,B007V3,16,24,17
S002,B009V3,16,6,17
S002,S005V1,16,12,17
S002,S006V3,16,6,17
S002,S008V3,16,6,17
S002,K001V1,16,12,17
S002,K001V3,16,12,17
S002,K003V1,16,6,17
S002,K004V2,16,6,17
S002,K004V3,16,6,17
S002,K006V1,16,24,17
S002,K006V3,16,24,17
S002,K009V1,16,6,17
S002,R002V1,16,6,17
S002,R003V1,16,24,17
S002,R003V3,16,24,17
S002,R010V2,16,24,17
S002,R010V3,16,24,17
S002,S007,17,12,18
S002,K003,17,6,18
S002,K005,17,6,18
S002,R001,17,12,18
S002,R003,17,24,18
S002,R006,17,6,18
S002,R009,17,12,18
S002,Y001,17,24,18
S002,Y003,17,6,18
S002,A005,17,6,18
S002,B003V3,17,24,18
S002,B006V1,17,24,18
S002,B007V2,17,24,18
S002,B008V1,17,24,18
S002,B009V1,17,6,18
S002,S001V3,17,24,18
S002,S003V2,17,24,18
S002,S004V2,17,12,18
S002,S005V1,17,12,18
S002,S006V2,17,6,18
S002,S006V3,17,6,18
S002,S007V2,17,12,18
S002,K001V1,17,12,18
S002,K006V3,17,24,18
S002,K007V1,17,12,18
S002,K009V2,17,6,18
S002,R002V1,17,6,18
S002,R009V3,17,12,18
S002,Y001V1,17,24,18
S002,Y002V2,17,24,18
S002,S010,18,6,19
S002,K001,18,12,19
S002,K003,18,6,19
S002,K005,18,6,19
S002,K009,18,6,19
S002,R001,18,12,19
S002,R003,18,24,19
S002,Y003,18,6,19
S002,Y005,18,12,19
S002,A001,18,6,19
S002,B001V1,18,24,19
S002,B001V3,18,24,19
S002,B002V1,18,24,19
S002,B003V3,18,24,19
S002,B004V2,18,12,19
S002,B005V3,18,12,19
S002,B006V1,18,24,19
S002,B008V1,18,24,19
S002,B008V2,18,24,19
S002,B009V3,18,6,19
S002,B010V2,18,6,19
S002,S004V2,18,12,19
S002,S005V1,18,12,19
S002,S005V3,18,12,19
S002,S006V3,18,6,19
S002,S007V3,18,12,19
S002,S008V3,18,6,19
S002,S009V1,18,6,19
S002,K001V3,18,12,19
S002,K002V1,18,24,19
S002,K002V3,18,24,19
S002,K004V3,18,6,19
S002,K006V1,18,24,19
S002,K007V1,18,12,19
S002,R002V1,18,6,19
S002,R008V1,18,24,19
S002,B003,19,24,20
S002,B004,19,12,20
S002,S007,19,12,20
S002,S009,19,6,20
S002,S010,19,6,20
S002,K004,19,6,20
S002,K009,19,6,20
S002,R002,19,6,20
S002,R005,19,12,20
S002,Y005,19,12,20
S002,A004,19,6,20
S002,A008,19,12,20
S002,B002V1,19,24,20
S002,B002V3,19,24,20
S002,B003V1,19,24,20
S002,B005V3,19,12,20
S002,B007V2,19,24,20
S002,B008V1,19,24,20
S002,B009V3,19,6,20
S002,B010V1,19,6,20
S002,S001V3,19,24,20
S002,S002V3,19,24,20
S002,S004V1,19,12,20
S002,S005V1,19,12,20
S002,S005V3,19,12,20
S002,S006V2,19,6,20
S002,S006V3,19,6,20
S002,S008V3,19,6,20
S002,K001V1,19,12,20
S002,K002V3,19,24,20
S002,K004V3,19,6,20
S002,K006V3,19,24,20
S002,K007V1,19,12,20
S002,K009V2,19,6,20
S002,K010V3,19,6,20
S002,R001V2,19,12,20
S002,R003V1,19,24,20
S002,R003V2,19,24,20
S002,R004V3,19,12,20
S002,R007V1,19,6,20
S002,R008V1,19,24,20
S002,R008V2,19,24,20
S002,S002,20,24,21
S002,K004,20,6,21
S002,K005,20,6,21
S002,R004,20,12,21
S002,Y001,20,24,21
S002,A002,20,24,21
S002,A004,20,6,21
S002,A006,20,6,21
S002,B002V1,20,24,21
S002,B002V3,20,24,21
S002,B003V3,20,24,21
S002,B004V1,20,12,21
S002,B004V2,20,12,21
S002,B005V3,20,12,21
S002,B008V1,20,24,21
S002,B009V1,20,6,21
S002,B009V3,20,6,21
S002,S004V1,20,12,21
S002,S005V1,20,12,21
S002,K001V1,20,12,21
S002,K002V1,20,24,21
S002,K004V2,20,6,21
S002,K004V3,20,6,21
S002,K006V1,20,24,21
S002,K009V1,20,6,21
S002,K009V2,20,6,21
S002,K010V3,20,6,21
S002,R004V3,20,12,21
S002,R007V2,20,6,21
S002,Y002V1,20,24,21
S002,Y002V2,20,24,21
S002,B004,21,12,22
S002,S003,21,24,22
S002,S009,21,6,22
S002,K001,21,12,22
S002,K005,21,6,22
S002,K007,21,12,22
S002,K009,21,6,22
S002,R003,21,24,22
S002,R009,21,12,22
S002,B001V3,21,24,22
S002,B005V1,21,12,22
S002,B005V3,21,12,22
S002,B008V1,21,24,22
S002,B008V3,21,24,22
S002,S001V3,21,24,22
S002,S003V2,21,24,22
S002,S004V2,21,12,22
S002,S005V1,21,12,22
S002,K001V1,21,12,22
S002,K004V3,21,6,22
S002,K006V1,21,24,22
S002,K008V2,21,6,22
S002,R004V3,21,12,22
S002,R007V1,21,6,22
S002,R009V3,21,12,22
S002,Y002V2,21,24,22
S002,B003,22,24,23
S002,B009,22,6,23
S002,S009,22,6,23
S002,S010,22,6,23
S002,K001,22,12,23
S002,K005,22,6,23
S002,R003,22,24,23
S002,R009,22,12,23
S002,Y001,22,24,23
S002,A002,22,24,23
S002,B001V1,22,24,23
S002,B001V3,22,24,23
S002,B002V2,22,24,23
S002,B007V2,22,24,23
S002,B008V1,22,24,23
S002,B009V3,22,6,23
S002,S002V3,22,24,23
S002,S003V2,22,24,23
S002,S004V3,22,12,23
S002,S005V1,22,12,23
S002,S006V2,22,6,23
S002,S006V3,22,6,23
S002,S007V3,22,12,23
S002,K004V3,22,6,23
S002,K006V3,22,24,23
S002,K007V1,22,12,23
S002,K008V2,22,6,23
S002,K009V2,22,6,23
S002,R004V1,22,12,23
S002,R004V2,22,12,23
S002,R007V2,22,6,23
S002,Y002V3,22,24,23
S002,B003,23,24,24
S002,B004,23,12,24
S002,B007,23,24,24
S002,S009,23,6,24
S002,S010,23,6,24
S002,K001,23,12,24
S002,K004,23,6,24
S002,B001V3,23,24,24
S002,B002V3,23,24,24
S002,B004V3,23,12,24
S002,B005V1,23,12,24
S002,B006V1,23,24,24
S002,B006V3,23,24,24
S002,B008V1,23,24,24
S002,S004V1,23,12,24
S002,S005V1,23,12,24
S002,S006V2,23,6,24
S002,S006V3,23,6,24
S002,S007V2,23,12,24
S002,S008V3,23,6,24
S002,K003V1,23,6,24
S002,K004V3,23,6,24
S002,R003V1,23,24,24
S002,R003V3,23,24,24
S002,R004V1,23,12,24
S002,R004V3,23,12,24
S002,B004,24,12,25
S002,S002,24,24,25
S002,S003,24,24,25
S002,S004,24,12,25
S002,S009,24,6,25
S002,S010,24,6,25
S002,K001,24,12,25
S002,K005,24,6,25
S002,K009,24,6,25
S002,R005,24,12,25
S002,R008,24,24,25
S002,Y001,24,24,25
S002,B001V3,24,24,25
S002,B002V3,24,24,25
S002,B004V1,24,12,25
S002,B004V2,24,12,25
S002,B006V1,24,24,25
S002,B007V1,24,24,25
S002,B008V2,24,24,25
S002,B008V3,24,24,25
S002,B009V1,24,6,25
S002,B009V3,24,6,25
S002,S003V2,24,24,25
S002,S004V3,24,12,25
S002,S005V1,24,12,25
S002,S006V2,24,6,25
S002,S006V3,24,6,25
S002,K001V1,24,12,25
S002,K002V1,24,24,25
S002,K008V2,24,6,25
S002,R002V1,24,6,25
S002,R003V3,24,24,25
S002,R004V1,24,12,25
S002,R010V3,24,24,25
S002,Y001V1,24,24,25
S002,Y002V1,24,24,25
S002,B007,25,24,26
S002,S003,25,24,26
S002,K001,25,12,26
S002,K004,25,6,26
S002,K005,25,6,26
S002,R001,25,12,26
S002,R009,25,12,26
S002,Y001,25,24,26
S002,Y003,25,6,26
S002,Y004,25,6,26
S002,A001,25,6,26
S002,A002,25,24,26
S002,B001V3,25,24,26
S002,B003V3,25,24,26
S002,B004V1,25,12,26
S002,B006V1,25,24,26
S002,B009V3,25,6,26
S002,S002V3,25,24,26
S002,S004V3,25,12,26
S002,S005V1,25,12,26
S002,S007V3,25,12,26
S002,S008V3,25,6,26
S002,K001V1,25,12,26
S002,K001V2,25,12,26
S002,K001V3,25,12,26
S002,K002V3,25,24,26
S002,K003V1,25,6,26
S002,K004V2,25,6,26
S002,K006V1,25,24,26
S002,K006V3,25,24,26
S002,K008V2,25,6,26
S002,R002V1,25,6,26
S002,R003V3,25,24,26
S002,R004V3,25,12,26
S002,R007V1,25,6,26
S002,R009V3,25,12,26
S002,R010V2,25,24,26
S002,R010V3,25,24,26
S002,Y001V1,25,24,26
S002,Y002V3,25,24,26
S002,B006,26,24,27
S002,S002,26,24,27
S002,S003,26,24,27
S002,S007,26,12,27
S002,S009,26,6,27
S002,S010,26,6,27
S002,K004,26,6,27
S002,K009,26,6,27
S002,R004,26,12,27
S002,R005,26,12,27
S002,Y004,26,6,27
S002,A001,26,6,27
S002,B001V3,26,24,27
S002,B003V2,26,24,27
S002,B003V3,26,24,27
S002,B004V1,26,12,27
S002,B005V1,26,12,27
S002,B007V1,26,24,27
S002,B009V3,26,6,27
S002,S004V1,26,12,27
S002,S005V1,26,12,27
S002,S005V3,26,12,27
S002,S006V3,26,6,27
S002,S007V2,26,12,27
S002,S009V1,26,6,27
S002,S010V2,26,6,27
S002,K001V1,26,12,27
S002,K002V3,26,24,27
S002,K004V3,26,6,27
S002,K007V1,26,12,27
S002,K007V2,26,12,27
S002,K008V2,26,6,27
S002,K009V2,26,6,27
S002,R002V1,26,6,27
S002,R003V1,26,24,27
S002,R003V2,26,24,27
S002,R003V3,26,24,27
S002,R006V1,26,6,27
S002,R007V2,26,6,27
S002,R008V2,26,24,27
S002,R009V3,26,12,27
S002,Y002V3,26,24,27
S002,B004,27,12,28
S002,B007,27,24,28
S002,K001,27,12,28
S002,K004,27,6,28
S002,K005,27,6,28
S002,K006,27,24,28
S002,R009,27,12,28
S002,Y001,27,24,28
S002,Y005,27,12,28
S002,B003V3,27,24,28
S002,B004V1,27,12,28
S002,B004V2,27,12,28
S002,B005V1,27,12,28
S002,B005V3,27,12,28
S002,B006V1,27,24,28
S002,B008V1,27,24,28
S002,S002V1,27,24,28
S002,S006V2,27,6,28
S002,S007V2,27,12,28
S002,S007V3,27,12,28
S002,S009V1,27,6,28
S002,S010V2,27,6,28
S002,K001V1,27,12,28
S002,K003V1,27,6,28
S002,K004V2,27,6,28
S002,K004V3,27,6,28
S002,K006V3,27,24,28
S002,K009V2,27,6,28
S002,R002V1,27,6,28
S002,R004V2,27,12,28
S002,R004V3,27,12,28
S002,R009V3,27,12,28
S002,Y001V1,27,24,28
S002,Y002V3,27,24,28
S002,S003,28,24,29
S002,S007,28,12,29
S002,K001,28,12,29
S002,K004,28,6,29
S002,K005,28,6,29
S002,K007,28,12,29
S002,K009,28,6,29
S002,K010,28,6,29
S002,Y004,28,6,29
S002,B001V3,28,24,29
S002,B003V3,28,24,29
S002,B007V1,28,24,29
S002,B008V2,28,24,29
S002,B009V3,28,6,29
S002,S002V1,28,24,29
S002,S002V3,28,24,29
S002,S003V2,28,24,29
S002,S004V2,28,12,29
S002,S005V1,28,12,29
S002,K001V1,28,12,29
S002,K002V1,28,24,29
S002,K004V3,28,6,29
S002,K006V1,28,24,29
S002,K007V1,28,12,29
S002,K008V2,28,6,29
S002,K009V1,28,6,29
S002,K010V1,28,6,29
S002,R004V1,28,12,29
S002,R004V3,28,12,29
S002,R006V1,28,6,29
S002,R009V3,28,12,29
S002,Y002V3,28,24,29
S002,B006,29,24,30
S002,S003,29,24,30
S002,S009,29,6,30
S002,K004,29,6,30
S002,K007,29,12,30
S002,K009,29,6,30
S002,K010,29,6,30
S002,R001,29,12,30
S002,R003,29,24,30
S002,A001,29,6,30
S002,A002,29,24,30
S002,A005,29,6,30
S002,B001V3,29,24,30
S002,B004V2,29,12,30
S002,B008V1,29,24,30
S002,B008V2,29,24,30
S002,S001V3,29,24,30
S002,S004V2,29,12,30
S002,S006V1,29,6,30
S002,S008V1,29,6,30
S002,K003V1,29,6,30
S002,K004V2,29,6,30
S002,K004V3,29,6,30
S002,K005V1,29,6,30
S002,K007V2,29,12,30
S002,K009V2,29,6,30
S002,K010V1,29,6,30
S002,R003V1,29,24,30
S002,R005V3,29,12,30
S002,R006V1,29,6,30
S002,R008V2,29,24,30
S002,R009V3,29,12,30
S002,Y002V3,29,24,30
S002,B004,30,12,31
S002,B007,30,24,31
S002,S003,30,24,31
S002,S004,30,12,31
S002,K004,30,6,31
S002,R002,30,6,31
S002,R009,30,12,31
S002,A003,30,24,31
S002,A007,30,6,31
S002,B002V2,30,24,31
S002,B002V3,30,24,31
S002,B004V1,30,12,31
S002,B004V2,30,12,31
S002,B005V3,30,12,31
S002,B006V1,30,24,31
S002,B007V2,30,24,31
S002,B009V3,30,6,31
S002,S004V3,30,12,31
S002,S005V1,30,12,31
S002,S007V3,30,12,31
S002,S009V1,30,6,31
S002,S010V1,30,6,31
S002,K001V1,30,12,31
S002,K002V3,30,24,31
S002,K004V3,30,6,31
S002,K005V1,30,6,31
S002,K006V3,30,24,31
S002,K007V1,30,12,31
S002,K009V2,30,6,31
S002,K010V1,30,6,31
S002,R003V1,30,24,31
S002,R008V1,30,24,31
S002,S007,31,12,32
S002,K004,31,6,32
S002,K005,31,6,32
S002,K007,31,12,32
S002,R001,31,12,32
S002,R002,31,6,32
S002,R009,31,12,32
S002,B002V2,31,24,32
S002,B003V2,31,24,32
S002,B004V2,31,12,32
S002,B004V3,31,12,32
S002,B005V3,31,12,32
S002,B006V1,31,24,32
S002,B007V1,31,24,32
S002,B007V2,31,24,32
S002,B008V3,31,24,32
S002,S002V1,31,24,32
S002,S002V3,31,24,32
S002,S004V1,31,12,32
S002,S005V1,31,12,32
S002,S007V2,31,12,32
S002,K001V1,31,12,32
S002,K002V1,31,24,32
S002,K006V1,31,24,32
S002,K007V1,31,12,32
S002,K007V2,31,12,32
S002,K009V2,31,6,32
S002,K010V1,31,6,32
S002,R001V3,31,12,32
S002,R002V1,31,6,32
S002,R003V1,31,24,32
S002,R003V2,31,24,32
S002,Y001V2,31,24,32
S002,Y001V3,31,24,32
S002,Y002V3,31,24,32
S002,B003,32,24,33
S002,B006,32,24,33
S002,S002,32,24,33
S002,S004,32,12,33
S002,K001,32,12,33
S002,K004,32,6,33
S002,K005,32,6,33
S002,R009,32,12,33
S002,Y004,32,6,33
S002,A001,32,6,33
S002,A006,32,6,33
S002,B002V2,32,24,33
S002,B004V2,32,12,33
S002,B005V3,32,12,33
S002,B007V1,32,24,33
S002,B007V2,32,24,33
S002,B008V2,32,24,33
S002,B009V3,32,6,33
S002,S001V3,32,24,33
S002,S003V2,32,24,33
S002,S004V1,32,12,33
S002,S004V3,32,12,33
S002,S005V3,32,12,33
S002,S006V2,32,6,33
S002,S007V2,32,12,33
S002,K001V1,32,12,33
S002,K004V3,32,6,33
S002,K007V2,32,12,33
S002,K009V2,32,6,33
S002,R003V1,32,24,33
S002,R005V2,32,12,33
S002,R007V2,32,6,33
S002,S007,33,12,34
S002,K001,33,12,34
S002,K005,33,6,34
S002,R004,33,12,34
S002,Y004,33,6,34
S002,A002,33,24,34
S002,A007,33,6,34
S002,B002V2,33,24,34
S002,B005V1,33,12,34
S002,B006V1,33,24,34
S002,B007V1,33,24,34
S002,B008V1,33,24,34
S002,B008V3,33,24,34
S002,S001V3,33,24,34
S002,S002V3,33,24,34
S002,S003V2,33,24,34
S002,S004V1,33,12,34
S002,S004V2,33,12,34
S002,S006V3,33,6,34
S002,S007V3,33,12,34
S002,K001V1,33,12,34
S002,K003V1,33,6,34
S002,K004V3,33,6,34
S002,K005V1,33,6,34
S002,K009V2,33,6,34
S002,R001V3,33,12,34
S002,R002V3,33,6,34
S002,R003V1,33,24,34
S002,R003V2,33,24,34
S002,R004V1,33,12,34
S002,R007V2,33,6,34
S002,R008V1,33,24,34
S002,Y002V3,33,24,34
S002,B001,34,24,35
S002,S004,34,12,35
S002,S007,34,12,35
S002,A001,34,6,35
S002,A006,34,6,35
S002,B001V1,34,24,35
S002,B001V3,34,24,35
S002,B002V3,34,24,35
S002,B004V2,34,12,35
S002,B005V3,34,12,35
S002,B006V2,34,24,35
S002,B007V3,34,24,35
S002,B008V1,34,24,35
S002,B009V3,34,6,35
S002,S008V3,34,6,35
S002,S010V2,34,6,35
S002,K001V1,34,12,35
S002,K002V3,34,24,35
S002,K003V1,34,6,35
S002,K006V3,34,24,35
S002,K007V1,34,12,35
S002,K007V2,34,12,35
S002,K009V2,34,6,35
S002,R001V2,34,12,35
S002,R003V3,34,24,35
S002,R007V1,34,6,35
S002,R008V1,34,24,35
S002,R009V3,34,12,35
S002,Y001V2,34,24,35
S002,B003,35,24,36
S002,B006,35,24,36
S002,S002,35,24,36
S002,S004,35,12,36
S002,K004,35,6,36
S002,K005,35,6,36
S002,K007,35,12,36
S002,R001,35,12,36
S002,R003,35,24,36
S002,R004,35,12,36
S002,R006,35,6,36
S002,R008,35,24,36
S002,R010,35,24,36
S002,B003V1,35,24,36
S002,B003V2,35,24,36
S002,B004V1,35,12,36
S002,B004V2,35,12,36
S002,B004V3,35,12,36
S002,B005V1,35,12,36
S002,B005V2,35,12,36
S002,B005V3,35,12,36
S002,B006V2,35,24,36
S002,B007V1,35,24,36
S002,B008V2,35,24,36
S002,B009V3,35,6,36
S002,B010V1,35,6,36
S002,S002V3,35,24,36
S002,S004V3,35,12,36
S002,S005V1,35,12,36
S002,S006V2,35,6,36
S002,S007V3,35,12,36
S002,S008V3,35,6,36
S002,K001V1,35,12,36
S002,K002V1,35,24,36
S002,K003V1,35,6,36
S002,K004V3,35,6,36
S002,K006V1,35,24,36
S002,K006V3,35,24,36
S002,K007V1,35,12,36
S002,K009V2,35,6,36
S002,R003V1,35,24,36
S002,R004V3,35,12,36
S002,R005V3,35,12,36
S002,R009V3,35,12,36
S002,R010V3,35,24,36
S002,Y002V2,35,24,36
S002,B003,36,24,37
S002,B004,36,12,37
S002,S004,36,12,37
S002,K001,36,12,37
S002,K002,36,24,37
S002,K004,36,6,37
S002,K005,36,6,37
S002,K009,36,6,37
S002,R001,36,12,37
S002,R004,36,12,37
S002,R005,36,12,37
S002,Y001,36,24,37
S002,Y005,36,12,37
S002,A001,36,6,37
S002,A002,36,24,37
S002,A007,36,6,37
S002,B005V2,36,12,37
S002,B006V3,36,24,37
S002,B008V2,36,24,37
S002,S002V3,36,24,37
S002,S004V2,36,12,37
S002,S007V2,36,12,37
S002,S008V3,36,6,37
S002,K001V1,36,12,37
S002,K004V3,36,6,37
S002,K005V1,36,6,37
S002,K006V3,36,24,37
S002,K009V2,36,6,37
S002,R001V3,36,12,37
S002,R002V1,36,6,37
S002,R002V3,36,6,37
S002,R003V1,36,24,37
S002,R005V2,36,12,37
S002,R007V1,36,6,37
S002,R007V3,36,6,37
S002,R008V1,36,24,37
S002,R009V3,36,12,37
S002,Y001V1,36,24,37
S002,Y002V3,36,24,37
S002,B004,37,12,38
S002,S003,37,24,38
S002,S006,37,6,38
S002,K001,37,12,38
S002,K004,37,6,38
S002,K005,37,6,38
S002,K008,37,6,38
S002,R009,37,12,38
S002,Y004,37,6,38
S002,B001V3,37,24,38
S002,B002V1,37,24,38
S002,B002V2,37,24,38
S002,B002V3,37,24,38
S002,B003V1,37,24,38
S002,B004V1,37,12,38
S002,B005V1,37,12,38
S002,B005V2,37,12,38
S002,B006V1,37,24,38
S002,B007V2,37,24,38
S002,B008V1,37,24,38
S002,B009V3,37,6,38
S002,S004V3,37,12,38
S002,S005V1,37,12,38
S002,S005V3,37,12,38
S002,S007V2,37,12,38
S002,K001V1,37,12,38
S002,K003V1,37,6,38
S002,K004V3,37,6,38
S002,K006V3,37,24,38
S002,K009V2,37,6,38
S002,R003V3,37,24,38
S002,R004V3,37,12,38
S002,R009V3,37,12,38
S002,Y002V2,37,24,38
S002,B001,38,24,39
S002,B004,38,12,39
S002,S002,38,24,39
S002,S004,38,12,39
S002,K004,38,6,39
S002,K005,38,6,39
S002,K009,38,6,39
S002,R003,38,24,39
S002,R009,38,12,39
S002,A002,38,24,39
S002,B002V2,38,24,39
S002,B003V1,38,24,39
S002,B004V1,38,12,39
S002,B007V1,38,24,39
S002,B007V2,38,24,39
S002,B008V1,38,24,39
S002,B008V2,38,24,39
S002,B009V3,38,6,39
S002,B010V3,38,6,39
S002,S004V1,38,12,39
S002,S004V2,38,12,39
S002,S005V1,38,12,39
S002,S008V2,38,6,39
S002,S008V3,38,6,39
S002,K003V1,38,6,39
S002,K004V3,38,6,39
S002,K007V1,38,12,39
S002,K007V2,38,12,39
S002,K009V2,38,6,39
S002,R002V1,38,6,39
S002,R003V1,38,24,39
S002,R003V3,38,24,39
S002,R008V1,38,24,39
S002,Y002V3,38,24,39
S002,B006,39,24,40
S002,S004,39,12,40
S002,S009,39,6,40
S002,K004,39,6,40
S002,K005,39,6,40
S002,K009,39,6,40
S002,R001,39,12,40
S002,R008,39,24,40
S002,A002,39,24,40
S002,B003V3,39,24,40
S002,B006V2,39,24,40
S002,B007V2,39,24,40
S002,B008V1,39,24,40
S002,B008V2,39,24,40
S002,S002V3,39,24,40
S002,S004V1,39,12,40
S002,S005V1,39,12,40
S002,S005V2,39,12,40
S002,K001V1,39,12,40
S002,K004V2,39,6,40
S002,K004V3,39,6,40
S002,K005V1,39,6,40
S002,K006V1,39,24,40
S002,K006V3,39,24,40
S002,K007V2,39,12,40
S002,K009V1,39,6,40
S002,K009V2,39,6,40
S002,R002V1,39,6,40
S002,R004V3,39,12,40
S002,R005V3,39,12,40
S002,R008V1,39,24,40
S002,Y002V3,39,24,40
S002,B003,40,24,41
S002,S002,40,24,41
S002,S004,40,12,41
S002,S006,40,6,41
S002,S010,40,6,41
S002,K004,40,6,41
S002,K009,40,6,41
S002,R005,40,12,41
S002,R007,40,6,41
S002,R009,40,12,41
S002,Y001,40,24,41
S002,B001V3,40,24,41
S002,B002V1,40,24,41
S002,B003V3,40,24,41
S002,B005V1,40,12,41
S002,B005V2,40,12,41
S002,B006V1,40,24,41
S002,B007V2,40,24,41
S002,B008V1,40,24,41
S002,B009V3,40,6,41
S002,B010V1,40,6,41
S002,S002V1,40,24,41
S002,S002V3,40,24,41
S002,S004V3,40,12,41
S002,S005V1,40,12,41
S002,S005V3,40,12,41
S002,S006V2,40,6,41
S002,S008V2,40,6,41
S002,K001V1,40,12,41
S002,K003V1,40,6,41
S002,K004V3,40,6,41
S002,K005V1,40,6,41
S002,K006V1,40,24,41
S002,K008V2,40,6,41
S002,K009V1,40,6,41
S002,K009V2,40,6,41
S002,R002V1,40,6,41
S002,R003V1,40,24,41
S002,R003V2,40,24,41
S002,R004V1,40,12,41
S002,R007V2,40,6,41
S002,Y001V1,40,24,41
S002,Y002V2,40,24,41
S002,K004,41,6,42
S002,K007,41,12,42
S002,A002,41,24,42
S002,A005,41,6,42
S002,B002V1,41,24,42
S002,B006V2,41,24,42
S002,B007V1,41,24,42
S002,B008V1,41,24,42
S002,B009V3,41,6,42
S002,S001V3,41,24,42
S002,S002V1,41,24,42
S002,S002V3,41,24,42
S002,S004V1,41,12,42
S002,S004V2,41,12,42
S002,S005V1,41,12,42
S002,S005V2,41,12,42
S002,S005V3,41,12,42
S002,S006V3,41,6,42
S002,S007V3,41,12,42
S002,S008V2,41,6,42
S002,K001V1,41,12,42
S002,K002V3,41,24,42
S002,K004V3,41,6,42
S002,K009V2,41,6,42
S002,R008V1,41,24,42
S002,R008V2,41,24,42
S002,Y001V1,41,24,42
S002,Y002V2,41,24,42
S002,S002,42,24,43
S002,S004,42,12,43
S002,S006,42,6,43
S002,S007,42,12,43
S002,K001,42,12,43
S002,K002,42,24,43
S002,K005,42,6,43
S002,R009,42,12,43
S002,A001,42,6,43
S002,B001V3,42,24,43
S002,B004V2,42,12,43
S002,B006V1,42,24,43
S002,B006V2,42,24,43
S002,B006V3,42,24,43
S002,B007V3,42,24,43
S002,B009V3,42,6,43
S002,S001V3,42,24,43
S002,S002V1,42,24,43
S002,S003V2,42,24,43
S002,S003V3,42,24,43
S002,S004V3,42,12,43
S002,S005V1,42,12,43
S002,S006V3,42,6,43
S002,S007V2,42,12,43
S002,S010V2,42,6,43
S002,K001V1,42,12,43
S002,K002V1,42,24,43
S002,K004V3,42,6,43
S002,K008V2,42,6,43
S002,K009V1,42,6,43
S002,K009V2,42,6,43
S002,R003V3,42,24,43
S002,Y002V1,42,24,43
S002,Y002V2,42,24,43
S002,B006,43,24,44
S002,S002,43,24,44
S002,K004,43,6,44
S002,K005,43,6,44
S002,K007,43,12,44
S002,K009,43,6,44
S002,R004,43,12,44
S002,Y001,43,24,44
S002,A004,43,6,44
S002,B001V1,43,24,44
S002,B002V2,43,24,44
S002,B002V3,43,24,44
S002,B003V3,43,24,44
S002,B005V3,43,12,44
S002,B006V2,43,24,44
S002,B010V1,43,6,44
S002,S004V1,43,12,44
S002,S004V2,43,12,44
S002,S004V3,43,12,44
S002,S005V1,43,12,44
S002,S005V2,43,12,44
S002,S007V2,43,12,44
S002,S007V3,43,12,44
S002,S008V2,43,6,44
S002,K001V1,43,12,44
S002,K002V3,43,24,44
S002,K004V2,43,6,44
S002,K004V3,43,6,44
S002,K006V3,43,24,44
S002,K007V1,43,12,44
S002,K008V2,43,6,44
S002,R003V1,43,24,44
S002,R003V3,43,24,44
S002,B004,44,12,45
S002,B007,44,24,45
S002,S003,44,24,45
S002,S007,44,12,45
S002,S010,44,6,45
S002,K002,44,24,45
S002,K004,44,6,45
S002,K007,44,12,45
S002,R008,44,24,45
S002,R009,44,12,45
S002,A002,44,24,45
S002,A006,44,6,45
S002,B003V2,44,24,45
S002,B004V1,44,12,45
S002,B004V2,44,12,45
S002,B005V1,44,12,45
S002,B005V3,44,12,45
S002,B009V3,44,6,45
S002,S004V1,44,12,45
S002,S004V2,44,12,45
S002,S005V1,44,12,45
S002,S006V2,44,6,45
S002,S007V2,44,12,45
S002,S007V3,44,12,45
S002,S008V3,44,6,45
S002,K001V1,44,12,45
S002,K003V1,44,6,45
S002,K004V3,44,6,45
S002,K006V1,44,24,45
S002,K006V2,44,24,45
S002,K009V2,44,6,45
S002,R003V1,44,24,45
S002,R003V2,44,24,45
S002,R004V2,44,12,45
S002,R007V2,44,6,45
S002,R009V3,44,12,45
S002,Y002V2,44,24,45
S002,B006,45,24,46
S002,S002,45,24,46
S002,S010,45,6,46
S002,K001,45,12,46
S002,K002,45,24,46
S002,K004,45,6,46
S002,K005,45,6,46
S002,K007,45,12,46
S002,R009,45,12,46
S002,A003,45,24,46
S002,B002V2,45,24,46
S002,B002V3,45,24,46
S002,B003V1,45,24,46
S002,B003V3,45,24,46
S002,B005V2,45,12,46
S002,B007V2,45,24,46
S002,B008V1,45,24,46
S002,B008V2,45,24,46
S002,B009V3,45,6,46
S002,S002V3,45,24,46
S002,S005V1,45,12,46
S002,S005V3,45,12,46
S002,S008V3,45,6,46
S002,K002V1,45,24,46
S002,K002V2,45,24,46
S002,K006V3,45,24,46
S002,K007V1,45,12,46
S002,K008V2,45,6,46
S002,K009V2,45,6,46
S002,R002V1,45,6,46
S002,R002V3,45,6,46
S002,R003V3,45,24,46
S002,R007V3,45,6,46
S002,R008V1,45,24,46
S002,R010V2,45,24,46
S002,Y002V3,45,24,46
S002,B004,46,12,47
S002,B006,46,24,47
S002,S007,46,12,47
S002,S009,46,6,47
S002,K005,46,6,47
S002,K007,46,12,47
S002,R005,46,12,47
S002,B002V2,46,24,47
S002,B003V1,46,24,47
S002,B003V3,46,24,47
S002,B004V1,46,12,47
S002,B007V2,46,24,47
S002,B008V2,46,24,47
S002,B010V1,46,6,47
S002,S004V3,46,12,47
S002,S005V1,46,12,47
S002,S008V1,46,6,47
S002,S008V2,46,6,47
S002,K001V3,46,12,47
S002,K002V3,46,24,47
S002,K003V1,46,6,47
S002,K004V3,46,6,47
S002,K007V1,46,12,47
S002,K007V2,46,12,47
S002,R004V2,46,12,47
S002,R004V3,46,12,47
S002,Y001V1,46,24,47
S002,Y002V2,46,24,47
S002,B006,47,24,48
S002,S003,47,24,48
S002,S007,47,12,48
S002,S009,47,6,48
S002,K002,47,24,48
S002,K004,47,6,48
S002,K007,47,12,48
S002,A001,47,6,48
S002,A002,47,24,48
S002,A005,47,6,48
S002,B001V3,47,24,48
S002,B003V3,47,24,48
S002,B004V1,47,12,48
S002,B004V2,47,12,48
S002,B004V3,47,12,48
S002,B005V1,47,12,48
S002,B005V2,47,12,48
S002,B008V2,47,24,48
S002,B009V3,47,6,48
S002,S001V3,47,24,48
S002,S002V3,47,24,48
S002,S003V2,47,24,48
S002,S004V1,47,12,48
S002,S008V2,47,6,48
S002,K002V1,47,24,48
S002,K003V1,47,6,48
S002,K004V2,47,6,48
S002,K004V3,47,6,48
S002,K006V2,47,24,48
S002,K010V1,47,6,48
S002,R002V1,47,6,48
S002,R003V1,47,24,48
S002,R004V1,47,12,48
S002,Y001V2,47,24,48
S002,B004,48,12,49
S002,B006,48,24,49
S002,S002,48,24,49
S002,S010,48,6,49
S002,K005,48,6,49
S002,K007,48,12,49
S002,K009,48,6,49
S002,R001,48,12,49
S002,R008,48,24,49
S002,R009,48,12,49
S002,B002V3,48,24,49
S002,B004V2,48,12,49
S002,B005V1,48,12,49
S002,B005V3,48,12,49
S002,B007V2,48,24,49
S002,S005V3,48,12,49
S002,S006V3,48,6,49
S002,S007V2,48,12,49
S002,S008V2,48,6,49
S002,S008V3,48,6,49
S002,S009V1,48,6,49
S002,K001V1,48,12,49
S002,K002V1,48,24,49
S002,K004V3,48,6,49
S002,K005V1,48,6,49
S002,K007V2,48,12,49
S002,K009V2,48,6,49
S002,K010V1,48,6,49
S002,R002V1,48,6,49
S002,R003V3,48,24,49
S002,R004V1,48,12,49
S002,R004V3,48,12,49
S002,R008V1,48,24,49
S002,S003,49,24,50
S002,S007,49,12,50
S002,K001,49,12,50
S002,K002,49,24,50
S002,K004,49,6,50
S002,K005,49,6,50
S002,K009,49,6,50
S002,R001,49,12,50
S002,R005,49,12,50
S002,Y001,49,24,50
S002,Y004,49,6,50
S002,B001V3,49,24,50
S002,B003V3,49,24,50
S002,B009V3,49,6,50
S002,S001V3,49,24,50
S002,S002V3,49,24,50
S002,S005V1,49,12,50
S002,S005V2,49,12,50
S002,S006V3,49,6,50
S002,S007V2,49,12,50
S002,S008V1,49,6,50
S002,S008V3,49,6,50
S002,S009V1,49,6,50
S002,K002V1,49,24,50
S002,K003V1,49,6,50
S002,K004V3,49,6,50
S002,K007V2,49,12,50
S002,K009V2,49,6,50
S002,R003V1,49,24,50
S002,R008V1,49,24,50
S002,Y002V2,49,24,50
S002,Y002V3,49,24,50
S002,S003,50,24,51
S002,K002,50,24,51
S002,K003,50,6,51
S002,K004,50,6,51
S002,K005,50,6,51
S002,K009,50,6,51
S002,B002V2,50,24,51
S002,B004V1,50,12,51
S002,B004V2,50,12,51
S002,B008V1,50,24,51
S002,S002V3,50,24,51
S002,S005V1,50,12,51
S002,S007V3,50,12,51
S002,S008V2,50,6,51
S002,S008V3,50,6,51
S002,K001V1,50,12,51
S002,K004V3,50,6,51
S002,K005V1,50,6,51
S002,K006V1,50,24,51
S002,K007V1,50,12,51
S002,K009V2,50,6,51
S002,K010V1,50,6,51
S002,R003V1,50,24,51
S002,R007V3,50,6,51
S002,B003,51,24,52
S002,S002,51,24,52
S002,S003,51,24,52
S002,S006,51,6,52
S002,S010,51,6,52
S002,K001,51,12,52
S002,K003,51,6,52
S002,K004,51,6,52
S002,K005,51,6,52
S002,R004,51,12,52
S002,B002V3,51,24,52
S002,B004V2,51,12,52
S002,B005V1,51,12,52
S002,B006V1,51,24,52
S002,B006V2,51,24,52
S002,B007V1,51,24,52
S002,B007V2,51,24,52
S002,B008V3,51,24,52
S002,B009V3,51,6,52
S002,S002V1,51,24,52
S002,S004V1,51,12,52
S002,K001V1,51,12,52
S002,K004V3,51,6,52
S002,R002V1,51,6,52
S002,R003V1,51,24,52
S002,R004V3,51,12,52
S002,Y002V2,51,24,52
S002,Y002V3,51,24,52
S003,B002,1,24,2
S003,B003,1,24,2
S003,B007,1,24,2
S003,B009,1,6,2
S003,S002,1,24,2
S003,K001,1,12,2
S003,K003,1,6,2
S003,K004,1,24,2
S003,K005,1,42,2
S003,K007,1,12,2
S003,K008,1,6,2
S003,K009,1,6,2
S003,R002,1,6,2
S003,R010,1,24,2
S003,Y001,1,24,2
S003,Y004,1,6,2
S003,Y006,1,6,2
S003,B004V3,1,12,2
S003,B005V2,1,12,2
S003,B007V1,1,24,2
S003,B009V3,1,60,2
S003,B010V1,1,6,2
S003,S002V1,1,24,2
S003,S003V2,1,24,2
S003,S004V2,1,12,2
S003,S005V1,1,24,2
S003,S006V1,1,6,2
S003,S007V2,1,12,2
S003,S009V1,1,6,2
S003,S010V1,1,6,2
S003,K001V1,1,180,2
S003,K004V3,1,48,2
S003,K005V2,1,6,2
S003,K006V3,1,24,2
S003,K007V1,1,12,2
S003,K007V3,1,12,2
S003,K008V1,1,6,2
S003,K008V2,1,6,2
S003,K009V2,1,30,2
S003,R002V1,1,6,2
S003,R002V2,1,6,2
S003,R003V2,1,24,2
S003,R004V1,1,12,2
S003,R006V3,1,6,2
S003,R007V1,1,6,2
S003,R009V2,1,12,2
S003,R009V3,1,12,2
S003,R010V2,1,24,2
S003,B002,2,24,3
S003,B003,2,24,3
S003,B005,2,12,3
S003,B006,2,24,3
S003,S005,2,12,3
S003,S007,2,12,3
S003,S009,2,6,3
S003,S010,2,6,3
S003,K004,2,48,3
S003,K005,2,48,3
S003,K009,2,6,3
S003,R001,2,12,3
S003,R008,2,24,3
S003,Y003,2,6,3
S003,Y005,2,12,3
S003,Y006,2,6,3
S003,B001V2,2,24,3
S003,B002V2,2,24,3
S003,B002V3,2,24,3
S003,B005V2,2,12,3
S003,B006V1,2,24,3
S003,B006V2,2,24,3
S003,B007V2,2,24,3
S003,B008V1,2,24,3
S003,B009V3,2,54,3
S003,S001V2,2,24,3
S003,S002V2,2,24,3
S003,S003V3,2,24,3
S003,S004V3,2,12,3
S003,S005V1,2,24,3
S003,S009V2,2,6,3
S003,S009V3,2,6,3
S003,S010V1,2,6,3
S003,K001V1,2,180,3
S003,K002V3,2,24,3
S003,K004V2,2,6,3
S003,K004V3,2,66,3
S003,K006V1,2,24,3
S003,K006V2,2,24,3
S003,K007V1,2,12,3
S003,K008V2,2,12,3
S003,K009V1,2,6,3
S003,K009V2,2,42,3
S003,R001V3,2,12,3
S003,R002V3,2,6,3
S003,R003V1,2,24,3
S003,R004V2,2,12,3
S003,R008V1,2,24,3
S003,B002,3,24,4
S003,B004,3,12,4
S003,B007,3,24,4
S003,S002,3,24,4
S003,S010,3,6,4
S003,K005,3,60,4
S003,K009,3,6,4
S003,R004,3,12,4
S003,R005,3,12,4
S003,R008,3,24,4
S003,R009,3,12,4
S003,Y001,3,24,4
S003,Y004,3,6,4
S003,B001V2,3,24,4
S003,B003V2,3,24,4
S003,B005V2,3,12,4
S003,B006V1,3,24,4
S003,B008V1,3,24,4
S003,B009V2,3,6,4
S003,B009V3,3,42,4
S003,S002V2,3,24,4
S003,S004V3,3,12,4
S003,S005V1,3,12,4
S003,S009V2,3,6,4
S003,S010V1,3,12,4
S003,K001V1,3,84,4
S003,K004V3,3,6,4
S003,K005V2,3,6,4
S003,K006V1,3,24,4
S003,K006V2,3,24,4
S003,K008V2,3,12,4
S003,K009V1,3,6,4
S003,K009V2,3,24,4
S003,R001V2,3,12,4
S003,R005V2,3,12,4
S003,R007V3,3,6,4
S003,R008V1,3,24,4
S003,R008V3,3,24,4
S003,R009V1,3,12,4
S003,R010V2,3,24,4
S003,Y002V2,3,24,4
S003,B004,4,12,5
S003,B005,4,12,5
S003,B009,4,6,5
S003,S004,4,12,5
S003,S005,4,12,5
S003,S006,4,6,5
S003,S010,4,6,5
S003,K004,4,6,5
S003,K005,4,6,5
S003,K008,4,6,5
S003,R001,4,12,5
S003,R005,4,12,5
S003,R009,4,12,5
S003,R010,4,24,5
S003,Y001,4,24,5
S003,Y004,4,6,5
S003,A002,4,24,5
S003,B001V2,4,24,5
S003,B003V2,4,24,5
S003,B006V2,4,24,5
S003,B007V2,4,24,5
S003,B008V1,4,24,5
S003,B009V2,4,6,5
S003,B009V3,4,6,5
S003,S002V1,4,24,5
S003,S005V1,4,24,5
S003,S010V1,4,6,5
S003,K001V1,4,12,5
S003,K002V1,4,24,5
S003,K004V2,4,6,5
S003,K004V3,4,6,5
S003,K006V1,4,24,5
S003,K006V3,4,24,5
S003,K007V2,4,12,5
S003,K008V2,4,12,5
S003,K009V2,4,36,5
S003,K009V3,4,6,5
S003,R002V1,4,6,5
S003,R002V2,4,6,5
S003,R005V3,4,12,5
S003,Y001V1,4,24,5
S003,B007,5,24,6
S003,S002,5,24,6
S003,S007,5,12,6
S003,S010,5,6,6
S003,K004,5,6,6
S003,K005,5,6,6
S003,K009,5,6,6
S003,R001,5,12,6
S003,R002,5,6,6
S003,R003,5,24,6
S003,R008,5,24,6
S003,A007,5,6,6
S003,B001V2,5,24,6
S003,B007V2,5,24,6
S003,B009V3,5,6,6
S003,S002V1,5,24,6
S003,S003V2,5,24,6
S003,S009V1,5,6,6
S003,S009V2,5,6,6
S003,S010V1,5,6,6
S003,K001V1,5,12,6
S003,K002V1,5,24,6
S003,K004V3,5,6,6
S003,K005V2,5,6,6
S003,K006V1,5,24,6
S003,K006V2,5,24,6
S003,K007V2,5,12,6
S003,K008V2,5,6,6
S003,K009V2,5,12,6
S003,R002V2,5,6,6
S003,R003V1,5,24,6
S003,R005V1,5,12,6
S003,R006V1,5,6,6
S003,R006V3,5,6,6
S003,R007V3,5,6,6
S003,R008V1,5,24,6
S003,R009V1,5,12,6
S003,R010V2,5,24,6
S003,Y001V1,5,24,6
S003,Y002V2,5,24,6
S003,B006,6,24,7
S003,S004,6,12,7
S003,S007,6,12,7
S003,K004,6,6,7
S003,K005,6,6,7
S003,R001,6,12,7
S003,R009,6,12,7
S003,A004,6,6,7
S003,A006,6,6,7
S003,A007,6,6,7
S003,B001V2,6,24,7
S003,B003V1,6,24,7
S003,B005V2,6,12,7
S003,B006V1,6,24,7
S003,B008V1,6,24,7
S003,B009V2,6,6,7
S003,B009V3,6,6,7
S003,S002V1,6,24,7
S003,S004V2,6,12,7
S003,S008V1,6,6,7
S003,S009V1,6,6,7
S003,S009V2,6,6,7
S003,S009V3,6,6,7
S003,K001V1,6,12,7
S003,K002V3,6,24,7
S003,K005V2,6,6,7
S003,K006V1,6,24,7
S003,K007V1,6,12,7
S003,K007V2,6,12,7
S003,K009V2,6,24,7
S003,R001V2,6,12,7
S003,R002V1,6,6,7
S003,R002V3,6,6,7
S003,R004V1,6,12,7
S003,R004V2,6,12,7
S003,R005V2,6,12,7
S003,R008V1,6,24,7
S003,R009V3,6,12,7
S003,B006,7,24,8
S003,S004,7,12,8
S003,S007,7,12,8
S003,S010,7,6,8
S003,K004,7,6,8
S003,K005,7,6,8
S003,K008,7,6,8
S003,K009,7,6,8
S003,R003,7,24,8
S003,Y001,7,24,8
S003,Y003,7,6,8
S003,A002,7,24,8
S003,A008,7,12,8
S003,B001V2,7,24,8
S003,B002V3,7,24,8
S003,B003V3,7,24,8
S003,B007V1,7,24,8
S003,B009V3,7,6,8
S003,S002V1,7,24,8
S003,S005V1,7,12,8
S003,S009V1,7,6,8
S003,S009V2,7,6,8
S003,S009V3,7,6,8
S003,S010V1,7,6,8
S003,K001V1,7,12,8
S003,K002V1,7,24,8
S003,K003V3,7,6,8
S003,K006V1,7,24,8
S003,K007V1,7,12,8
S003,K007V2,7,12,8
S003,K008V2,7,6,8
S003,K009V1,7,6,8
S003,K009V2,7,24,8
S003,R003V1,7,24,8
S003,R006V3,7,6,8
S003,R010V3,7,24,8
S003,B003,8,24,9
S003,S004,8,12,9
S003,S007,8,12,9
S003,K004,8,6,9
S003,K009,8,6,9
S003,K010,8,6,9
S003,R005,8,12,9
S003,R008,8,24,9
S003,B001V2,8,24,9
S003,B002V3,8,24,9
S003,B003V2,8,24,9
S003,B006V1,8,24,9
S003,B008V3,8,24,9
S003,B009V2,8,6,9
S003,B009V3,8,6,9
S003,S002V2,8,24,9
S003,S003V1,8,24,9
S003,S005V1,8,12,9
S003,S007V2,8,12,9
S003,S009V1,8,6,9
S003,S009V2,8,6,9
S003,K001V1,8,12,9
S003,K004V3,8,6,9
S003,K005V1,8,6,9
S003,K005V2,8,6,9
S003,K006V3,8,24,9
S003,K009V2,8,18,9
S003,R002V1,8,6,9
S003,R003V1,8,24,9
S003,R004V1,8,12,9
S003,R005V1,8,12,9
S003,R006V3,8,6,9
S003,R007V1,8,6,9
S003,R008V2,8,24,9
S003,Y002V1,8,24,9
S003,B003,9,24,10
S003,B006,9,24,10
S003,S002,9,24,10
S003,S004,9,12,10
S003,S005,9,12,10
S003,K004,9,6,10
S003,K005,9,6,10
S003,K009,9,6,10
S003,R008,9,24,10
S003,Y001,9,24,10
S003,Y006,9,6,10
S003,A006,9,6,10
S003,B001V2,9,24,10
S003,B002V3,9,24,10
S003,B007V1,9,24,10
S003,B007V2,9,24,10
S003,B009V3,9,6,10
S003,S001V2,9,24,10
S003,S002V2,9,24,10
S003,S003V1,9,24,10
S003,S003V2,9,24,10
S003,S004V3,9,12,10
S003,S005V1,9,12,10
S003,S009V2,9,6,10
S003,K004V3,9,6,10
S003,K005V2,9,6,10
S003,K007V1,9,12,10
S003,K009V2,9,24,10
S003,R002V2,9,6,10
S003,R003V2,9,24,10
S003,R005V1,9,12,10
S003,R006V1,9,6,10
S003,R007V1,9,6,10
S003,R008V1,9,24,10
S003,Y002V2,9,24,10
S003,S002,10,24,11
S003,S004,10,12,11
S003,S005,10,12,11
S003,K005,10,6,11
S003,R002,10,6,11
S003,R004,10,12,11
S003,R005,10,12,11
S003,Y001,10,24,11
S003,A003,10,24,11
S003,A005,10,6,11
S003,B004V1,10,12,11
S003,B006V2,10,24,11
S003,B007V2,10,24,11
S003,B008V2,10,24,11
S003,B010V2,10,6,11
S003,S002V1,10,24,11
S003,S003V1,10,24,11
S003,S005V1,10,12,11
S003,S009V2,10,6,11
S003,K001V1,10,12,11
S003,K002V3,10,24,11
S003,K004V3,10,6,11
S003,K005V1,10,6,11
S003,K006V1,10,24,11
S003,K007V1,10,12,11
S003,K007V2,10,12,11
S003,K009V2,10,24,11
S003,R002V1,10,6,11
S003,R002V2,10,6,11
S003,R003V1,10,24,11
S003,R003V2,10,24,11
S003,R006V3,10,6,11
S003,R010V1,10,24,11
S003,Y001V1,10,24,11
S003,S004,11,12,12
S003,S007,11,12,12
S003,K004,11,6,12
S003,K005,11,6,12
S003,R005,11,12,12
S003,R008,11,24,12
S003,R009,11,12,12
S003,Y001,11,24,12
S003,Y004,11,6,12
S003,A002,11,24,12
S003,B001V2,11,24,12
S003,B006V1,11,24,12
S003,B006V2,11,24,12
S003,B007V2,11,24,12
S003,B008V1,11,24,12
S003,B008V3,11,24,12
S003,B009V3,11,6,12
S003,S001V2,11,24,12
S003,S002V2,11,24,12
S003,S004V2,11,12,12
S003,S005V1,11,12,12
S003,S009V3,11,6,12
S003,K001V1,11,12,12
S003,K002V3,11,24,12
S003,K003V1,11,6,12
S003,K005V1,11,6,12
S003,K006V2,11,24,12
S003,K006V3,11,24,12
S003,K007V1,11,12,12
S003,K009V2,11,18,12
S003,R003V2,11,24,12
S003,R004V1,11,12,12
S003,R005V3,11,12,12
S003,R006V3,11,6,12
S003,R007V3,11,6,12
S003,R008V1,11,24,12
S003,R009V3,11,12,12
S003,R010V3,11,24,12
S003,Y001V1,11,24,12
S003,Y002V2,11,24,12
S003,B006,12,24,13
S003,S004,12,12,13
S003,S005,12,12,13
S003,S007,12,12,13
S003,K004,12,6,13
S003,K005,12,6,13
S003,K009,12,6,13
S003,R005,12,12,13
S003,R008,12,24,13
S003,R009,12,12,13
S003,Y003,12,6,13
S003,B004V2,12,12,13
S003,B006V2,12,24,13
S003,B007V3,12,24,13
S003,B008V1,12,24,13
S003,B008V2,12,24,13
S003,S002V2,12,24,13
S003,S004V2,12,12,13
S003,S005V1,12,12,13
S003,S009V1,12,6,13
S003,K001V1,12,12,13
S003,K002V1,12,24,13
S003,K003V1,12,6,13
S003,K004V3,12,6,13
S003,K005V2,12,6,13
S003,K006V1,12,24,13
S003,K006V2,12,24,13
S003,K006V3,12,24,13
S003,K007V2,12,12,13
S003,K009V2,12,24,13
S003,R002V1,12,6,13
S003,R002V2,12,6,13
S003,R003V2,12,24,13
S003,R004V2,12,12,13
S003,R006V3,12,6,13
S003,R008V1,12,24,13
S003,R009V1,12,12,13
S003,R010V2,12,24,13
S003,Y001V1,12,24,13
S003,B004,13,12,14
S003,S002,13,24,14
S003,S004,13,12,14
S003,S007,13,12,14
S003,K004,13,6,14
S003,K005,13,6,14
S003,K008,13,6,14
S003,R008,13,24,14
S003,R009,13,12,14
S003,R010,13,24,14
S003,Y006,13,6,14
S003,A007,13,6,14
S003,B001V2,13,24,14
S003,B003V3,13,24,14
S003,B006V1,13,24,14
S003,B006V2,13,24,14
S003,B007V1,13,24,14
S003,B007V2,13,24,14
S003,B008V2,13,24,14
S003,S001V2,13,24,14
S003,S002V2,13,24,14
S003,S007V2,13,12,14
S003,S009V1,13,6,14
S003,S009V3,13,6,14
S003,K001V2,13,12,14
S003,K003V1,13,6,14
S003,K004V3,13,6,14
S003,K005V2,13,6,14
S003,K009V2,13,18,14
S003,R001V2,13,12,14
S003,R002V1,13,6,14
S003,R005V3,13,12,14
S003,R007V1,13,6,14
S003,R009V2,13,12,14
S003,B004,14,12,15
S003,S002,14,24,15
S003,S005,14,12,15
S003,S007,14,12,15
S003,K004,14,6,15
S003,K005,14,6,15
S003,K009,14,6,15
S003,R001,14,12,15
S003,R007,14,6,15
S003,R009,14,12,15
S003,Y004,14,6,15
S003,A006,14,6,15
S003,A008,14,12,15
S003,B001V2,14,24,15
S003,B004V2,14,12,15
S003,B006V1,14,24,15
S003,B006V2,14,24,15
S003,S002V1,14,24,15
S003,S002V2,14,24,15
S003,S009V3,14,6,15
S003,K001V1,14,12,15
S003,K002V1,14,24,15
S003,K002V2,14,24,15
S003,K002V3,14,24,15
S003,K004V3,14,6,15
S003,K005V1,14,6,15
S003,K009V2,14,18,15
S003,R001V2,14,12,15
S003,R002V1,14,6,15
S003,R002V2,14,6,15
S003,R002V3,14,6,15
S003,R005V1,14,12,15
S003,R006V3,14,6,15
S003,R007V1,14,6,15
S003,R007V2,14,6,15
S003,R008V1,14,24,15
S003,R008V3,14,24,15
S003,Y002V2,14,24,15
S003,B001,15,24,16
S003,B003,15,24,16
S003,K004,15,6,16
S003,K005,15,6,16
S003,R002,15,6,16
S003,R008,15,24,16
S003,Y003,15,6,16
S003,A006,15,6,16
S003,B001V2,15,24,16
S003,B002V3,15,24,16
S003,B003V3,15,24,16
S003,B004V2,15,12,16
S003,B006V1,15,24,16
S003,B006V2,15,24,16
S003,B007V1,15,24,16
S003,B008V3,15,24,16
S003,B009V3,15,6,16
S003,S002V1,15,24,16
S003,S002V2,15,24,16
S003,S003V1,15,24,16
S003,S005V1,15,12,16
S003,S009V3,15,6,16
S003,K001V1,15,12,16
S003,K002V1,15,24,16
S003,K004V3,15,6,16
S003,K005V1,15,6,16
S003,K006V1,15,24,16
S003,K006V2,15,24,16
S003,K007V1,15,12,16
S003,K009V2,15,18,16
S003,R001V2,15,12,16
S003,R002V2,15,6,16
S003,R002V3,15,6,16
S003,R006V3,15,6,16
S003,R007V1,15,6,16
S003,R010V2,15,24,16
S003,B003,16,24,17
S003,B006,16,24,17
S003,S002,16,24,17
S003,S007,16,12,17
S003,S008,16,6,17
S003,K005,16,6,17
S003,R004,16,12,17
S003,Y001,16,24,17
S003,B003V3,16,24,17
S003,B004V2,16,12,17
S003,B007V2,16,24,17
S003,B009V3,16,6,17
S003,S004V2,16,12,17
S003,S005V1,16,12,17
S003,S006V1,16,6,17
S003,S006V3,16,6,17
S003,S008V2,16,6,17
S003,S009V3,16,6,17
S003,K001V2,16,12,17
S003,K002V3,16,24,17
S003,K004V3,16,6,17
S003,K005V1,16,6,17
S003,K005V2,16,6,17
S003,K006V1,16,24,17
S003,K006V2,16,24,17
S003,K006V3,16,24,17
S003,K007V1,16,12,17
S003,K009V2,16,18,17
S003,R004V2,16,12,17
S003,R008V3,16,24,17
S003,R009V2,16,12,17
S003,R010V3,16,24,17
S003,Y001V1,16,24,17
S003,Y002V2,16,24,17
S003,S002,17,24,18
S003,S005,17,12,18
S003,S007,17,12,18
S003,S008,17,6,18
S003,S010,17,6,18
S003,K004,17,6,18
S003,K005,17,6,18
S003,K010,17,6,18
S003,R002,17,6,18
S003,R004,17,12,18
S003,R009,17,12,18
S003,R010,17,24,18
S003,Y001,17,24,18
S003,Y005,17,12,18
S003,B001V2,17,24,18
S003,B002V3,17,24,18
S003,B004V2,17,12,18
S003,B006V1,17,24,18
S003,S003V2,17,24,18
S003,S004V2,17,12,18
S003,S005V1,17,12,18
S003,S007V2,17,12,18
S003,S010V3,17,6,18
S003,K001V1,17,12,18
S003,K002V1,17,24,18
S003,K004V3,17,6,18
S003,K005V1,17,6,18
S003,K005V2,17,6,18
S003,K006V1,17,24,18
S003,R002V1,17,6,18
S003,R002V2,17,6,18
S003,R002V3,17,6,18
S003,R003V1,17,24,18
S003,R004V1,17,12,18
S003,R006V3,17,6,18
S003,R008V3,17,24,18
S003,R009V3,17,12,18
S003,R010V3,17,24,18
S003,S004,18,12,19
S003,S007,18,12,19
S003,K003,18,6,19
S003,K004,18,6,19
S003,K005,18,6,19
S003,K006,18,24,19
S003,R001,18,12,19
S003,R005,18,12,19
S003,R006,18,6,19
S003,R008,18,24,19
S003,R010,18,24,19
S003,A002,18,24,19
S003,A007,18,6,19
S003,B001V2,18,24,19
S003,B002V2,18,24,19
S003,B003V3,18,24,19
S003,B004V2,18,12,19
S003,B006V1,18,24,19
S003,S001V2,18,24,19
S003,S003V2,18,24,19
S003,S004V3,18,12,19
S003,S005V1,18,12,19
S003,S005V3,18,12,19
S003,S006V3,18,6,19
S003,S009V1,18,6,19
S003,S010V3,18,6,19
S003,K002V3,18,24,19
S003,K004V3,18,6,19
S003,K005V2,18,6,19
S003,K006V1,18,24,19
S003,K006V2,18,24,19
S003,K006V3,18,24,19
S003,K007V1,18,12,19
S003,K009V2,18,6,19
S003,R004V2,18,12,19
S003,R005V1,18,12,19
S003,R006V3,18,6,19
S003,R007V3,18,6,19
S003,R008V1,18,24,19
S003,R009V3,18,12,19
S003,R010V2,18,24,19
S003,Y001V1,18,24,19
S003,Y001V3,18,24,19
S003,Y002V1,18,24,19
S003,B003,19,24,20
S003,B009,19,6,20
S003,S010,19,6,20
S003,K004,19,6,20
S003,K005,19,6,20
S003,K006,19,24,20
S003,R004,19,12,20
S003,B004V2,19,12,20
S003,B007V2,19,24,20
S003,B008V3,19,24,20
S003,B009V3,19,6,20
S003,S003V2,19,24,20
S003,S005V1,19,12,20
S003,S010V3,19,6,20
S003,K001V1,19,12,20
S003,K001V2,19,12,20
S003,K002V1,19,24,20
S003,K002V3,19,24,20
S003,K004V3,19,6,20
S003,K005V1,19,6,20
S003,K005V2,19,6,20
S003,K006V1,19,24,20
S003,K007V2,19,12,20
S003,R001V2,19,12,20
S003,R002V1,19,6,20
S003,R002V2,19,6,20
S003,R002V3,19,6,20
S003,R005V3,19,12,20
S003,R007V2,19,6,20
S003,R009V1,19,12,20
S003,R009V2,19,12,20
S003,R010V3,19,24,20
S003,Y002V2,19,24,20
S003,B006,20,24,21
S003,S010,20,6,21
S003,K004,20,6,21
S003,R004,20,12,21
S003,Y001,20,24,21
S003,Y004,20,6,21
S003,Y006,20,6,21
S003,B001V2,20,24,21
S003,B003V3,20,24,21
S003,B006V1,20,24,21
S003,B007V1,20,24,21
S003,B008V1,20,24,21
S003,S002V1,20,24,21
S003,S002V2,20,24,21
S003,S003V2,20,24,21
S003,S004V2,20,12,21
S003,S005V1,20,12,21
S003,S006V3,20,6,21
S003,S007V2,20,12,21
S003,S010V3,20,6,21
S003,K006V1,20,24,21
S003,K006V3,20,24,21
S003,K007V1,20,12,21
S003,K009V2,20,6,21
S003,R003V1,20,24,21
S003,R004V1,20,12,21
S003,R007V1,20,6,21
S003,R009V3,20,12,21
S003,B006,21,24,22
S003,S005,21,12,22
S003,S010,21,6,22
S003,K004,21,6,22
S003,K005,21,6,22
S003,K008,21,6,22
S003,R002,21,6,22
S003,R004,21,12,22
S003,Y001,21,24,22
S003,Y006,21,6,22
S003,A002,21,24,22
S003,B001V2,21,24,22
S003,B003V2,21,24,22
S003,B007V1,21,24,22
S003,B007V2,21,24,22
S003,B008V2,21,24,22
S003,B008V3,21,24,22
S003,B010V2,21,6,22
S003,S001V2,21,24,22
S003,S002V1,21,24,22
S003,S003V1,21,24,22
S003,S004V2,21,12,22
S003,S005V1,21,12,22
S003,S006V3,21,6,22
S003,S008V1,21,6,22
S003,S008V2,21,6,22
S003,S010V3,21,6,22
S003,K001V1,21,12,22
S003,K003V1,21,6,22
S003,K006V3,21,24,22
S003,K007V1,21,12,22
S003,K007V3,21,12,22
S003,R002V1,21,6,22
S003,R005V3,21,12,22
S003,R006V3,21,6,22
S003,Y002V2,21,24,22
S003,S007,22,12,23
S003,S010,22,6,23
S003,K004,22,6,23
S003,K005,22,6,23
S003,K006,22,24,23
S003,K008,22,6,23
S003,R001,22,12,23
S003,R010,22,24,23
S003,Y001,22,24,23
S003,Y004,22,6,23
S003,A005,22,6,23
S003,A006,22,6,23
S003,B001V2,22,24,23
S003,B006V1,22,24,23
S003,B007V2,22,24,23
S003,S001V2,22,24,23
S003,S002V2,22,24,23
S003,S004V3,22,12,23
S003,S005V1,22,12,23
S003,S007V2,22,12,23
S003,S008V2,22,6,23
S003,S009V1,22,6,23
S003,S009V3,22,6,23
S003,K001V1,22,12,23
S003,K002V1,22,24,23
S003,K002V2,22,24,23
S003,K006V1,22,24,23
S003,K007V2,22,12,23
S003,K009V2,22,6,23
S003,R002V1,22,6,23
S003,R002V2,22,6,23
S003,R003V2,22,24,23
S003,R004V2,22,12,23
S003,R006V1,22,6,23
S003,R007V1,22,6,23
S003,R007V3,22,6,23
S003,R008V1,22,24,23
S003,Y002V2,22,24,23
S003,S002,23,24,24
S003,S004,23,12,24
S003,S005,23,12,24
S003,K004,23,6,24
S003,K006,23,24,24
S003,R009,23,12,24
S003,Y005,23,12,24
S003,A002,23,24,24
S003,A006,23,6,24
S003,A007,23,6,24
S003,B001V2,23,24,24
S003,B002V3,23,24,24
S003,B006V1,23,24,24
S003,B007V1,23,24,24
S003,B008V3,23,24,24
S003,B009V3,23,6,24
S003,S003V1,23,24,24
S003,S005V1,23,12,24
S003,S006V3,23,6,24
S003,S008V2,23,6,24
S003,S009V1,23,6,24
S003,K002V3,23,24,24
S003,K004V3,23,6,24
S003,K005V2,23,6,24
S003,K007V3,23,12,24
S003,K009V2,23,6,24
S003,R002V2,23,6,24
S003,R003V1,23,24,24
S003,R005V2,23,12,24
S003,R005V3,23,12,24
S003,R006V3,23,6,24
S003,R010V3,23,24,24
S003,B007,24,24,25
S003,S002,24,24,25
S003,S005,24,12,25
S003,S007,24,12,25
S003,K004,24,6,25
S003,K005,24,6,25
S003,K006,24,24,25
S003,R003,24,24,25
S003,R008,24,24,25
S003,Y003,24,6,25
S003,A006,24,6,25
S003,B001V2,24,24,25
S003,B003V3,24,24,25
S003,B004V2,24,12,25
S003,B006V1,24,24,25
S003,B006V2,24,24,25
S003,B007V2,24,24,25
S003,B008V1,24,24,25
S003,B008V2,24,24,25
S003,B009V3,24,6,25
S003,S001V2,24,24,25
S003,S002V2,24,24,25
S003,S003V1,24,24,25
S003,S003V2,24,24,25
S003,S004V3,24,12,25
S003,S005V1,24,12,25
S003,S006V1,24,6,25
S003,S006V3,24,6,25
S003,S008V2,24,6,25
S003,K001V1,24,12,25
S003,K002V1,24,24,25
S003,K002V3,24,24,25
S003,K004V3,24,6,25
S003,K005V1,24,6,25
S003,K006V2,24,24,25
S003,K009V2,24,6,25
S003,R001V2,24,12,25
S003,R002V2,24,6,25
S003,R003V1,24,24,25
S003,R004V1,24,12,25
S003,R004V2,24,12,25
S003,R006V3,24,6,25
S003,R007V1,24,6,25
S003,R008V1,24,24,25
S003,R009V2,24,12,25
S003,B003,25,24,26
S003,B007,25,24,26
S003,S002,25,24,26
S003,S006,25,6,26
S003,K004,25,6,26
S003,K005,25,6,26
S003,R002,25,6,26
S003,R005,25,12,26
S003,R006,25,6,26
S003,R008,25,24,26
S003,R009,25,12,26
S003,B001V2,25,24,26
S003,B003V3,25,24,26
S003,B004V2,25,12,26
S003,B005V2,25,12,26
S003,B006V2,25,24,26
S003,B007V1,25,24,26
S003,B007V2,25,24,26
S003,B009V3,25,6,26
S003,S002V1,25,24,26
S003,S003V1,25,24,26
S003,S003V2,25,24,26
S003,S005V1,25,12,26
S003,S005V3,25,12,26
S003,K004V3,25,6,26
S003,K006V2,25,24,26
S003,K006V3,25,24,26
S003,K007V1,25,12,26
S003,K009V2,25,6,26
S003,R002V1,25,6,26
S003,R002V2,25,6,26
S003,R003V1,25,24,26
S003,R003V2,25,24,26
S003,R004V2,25,12,26
S003,R005V3,25,12,26
S003,R006V2,25,6,26
S003,R006V3,25,6,26
S003,R007V3,25,6,26
S003,R010V3,25,24,26
S003,B006,26,24,27
S003,B007,26,24,27
S003,S007,26,12,27
S003,K004,26,6,27
S003,K005,26,6,27
S003,R001,26,12,27
S003,R005,26,12,27
S003,R009,26,12,27
S003,Y001,26,24,27
S003,Y003,26,6,27
S003,A006,26,6,27
S003,B001V2,26,24,27
S003,B002V3,26,24,27
S003,B003V2,26,24,27
S003,B003V3,26,24,27
S003,B006V1,26,24,27
S003,B007V1,26,24,27
S003,S001V2,26,24,27
S003,S003V1,26,24,27
S003,S005V3,26,12,27
S003,S006V3,26,6,27
S003,S008V2,26,6,27
S003,K001V1,26,12,27
S003,K002V3,26,24,27
S003,K003V2,26,6,27
S003,K004V3,26,6,27
S003,K006V1,26,24,27
S003,K006V2,26,24,27
S003,K006V3,26,24,27
S003,K007V3,26,12,27
S003,K009V2,26,6,27
S003,R005V1,26,12,27
S003,R005V2,26,12,27
S003,R007V3,26,6,27
S003,R008V1,26,24,27
S003,R008V2,26,24,27
S003,R008V3,26,24,27
S003,R010V2,26,24,27
S003,S002,27,24,28
S003,S004,27,12,28
S003,S007,27,12,28
S003,S010,27,6,28
S003,K004,27,6,28
S003,K005,27,6,28
S003,K006,27,24,28
S003,R002,27,6,28
S003,R007,27,6,28
S003,R008,27,24,28
S003,Y004,27,6,28
S003,B001V2,27,24,28
S003,B005V1,27,12,28
S003,B005V2,27,12,28
S003,B006V2,27,24,28
S003,B007V2,27,24,28
S003,B009V3,27,6,28
S003,S001V2,27,24,28
S003,S002V1,27,24,28
S003,S002V2,27,24,28
S003,S005V1,27,12,28
S003,S005V3,27,12,28
S003,S008V2,27,6,28
S003,S009V3,27,6,28
S003,K001V1,27,12,28
S003,K003V2,27,6,28
S003,K004V1,27,6,28
S003,K004V3,27,6,28
S003,K006V3,27,24,28
S003,K007V1,27,12,28
S003,K009V2,27,6,28
S003,R002V1,27,6,28
S003,R002V3,27,6,28
S003,R003V1,27,24,28
S003,R004V1,27,12,28
S003,R005V1,27,12,28
S003,R009V3,27,12,28
S003,B002,28,24,29
S003,B003,28,24,29
S003,B007,28,24,29
S003,S002,28,24,29
S003,S007,28,12,29
S003,K004,28,6,29
S003,K005,28,6,29
S003,R001,28,12,29
S003,R005,28,12,29
S003,R009,28,12,29
S003,B001V2,28,24,29
S003,B002V3,28,24,29
S003,B009V2,28,6,29
S003,B009V3,28,6,29
S003,S002V1,28,24,29
S003,S005V3,28,12,29
S003,S009V3,28,6,29
S003,S010V1,28,6,29
S003,K001V1,28,12,29
S003,K001V2,28,12,29
S003,K002V1,28,24,29
S003,K004V3,28,6,29
S003,K007V1,28,12,29
S003,K007V2,28,12,29
S003,K009V2,28,6,29
S003,R002V3,28,6,29
S003,R003V1,28,24,29
S003,R004V2,28,12,29
S003,R005V2,28,12,29
S003,R006V3,28,6,29
S003,R008V1,28,24,29
S003,Y002V2,28,24,29
S003,B003,29,24,30
S003,S004,29,12,30
S003,K002,29,24,30
S003,K004,29,6,30
S003,K006,29,24,30
S003,R009,29,12,30
S003,R010,29,24,30
S003,Y005,29,12,30
S003,Y006,29,6,30
S003,B003V1,29,24,30
S003,B004V2,29,12,30
S003,B007V2,29,24,30
S003,B008V1,29,24,30
S003,B009V2,29,6,30
S003,B009V3,29,6,30
S003,B010V2,29,6,30
S003,S001V2,29,24,30
S003,S002V1,29,24,30
S003,S003V1,29,24,30
S003,S003V2,29,24,30
S003,S005V1,29,12,30
S003,S005V3,29,12,30
S003,S006V3,29,6,30
S003,K001V1,29,12,30
S003,K004V3,29,6,30
S003,K007V1,29,12,30
S003,K007V3,29,12,30
S003,K009V2,29,6,30
S003,R002V1,29,6,30
S003,R002V2,29,6,30
S003,R003V2,29,24,30
S003,R006V1,29,6,30
S003,R008V1,29,24,30
S003,R010V1,29,24,30
S003,Y001V1,29,24,30
S003,B007,30,24,31
S003,S008,30,6,31
S003,K006,30,24,31
S003,K009,30,6,31
S003,R001,30,12,31
S003,R005,30,12,31
S003,R008,30,24,31
S003,R009,30,12,31
S003,A005,30,6,31
S003,B002V3,30,24,31
S003,B003V2,30,24,31
S003,B004V2,30,12,31
S003,B005V1,30,12,31
S003,B005V2,30,12,31
S003,B007V2,30,24,31
S003,B007V3,30,24,31
S003,S001V2,30,24,31
S003,S003V1,30,24,31
S003,S004V3,30,12,31
S003,S005V1,30,12,31
S003,S006V3,30,6,31
S003,S009V1,30,6,31
S003,S009V3,30,6,31
S003,S010V3,30,6,31
S003,K003V1,30,6,31
S003,K004V3,30,6,31
S003,K006V1,30,24,31
S003,K009V2,30,6,31
S003,K010V2,30,6,31
S003,R002V1,30,6,31
S003,R002V3,30,6,31
S003,R004V2,30,12,31
S003,R006V3,30,6,31
S003,R007V3,30,6,31
S003,R010V2,30,24,31
S003,B002,31,24,32
S003,B003,31,24,32
S003,B004,31,12,32
S003,B007,31,24,32
S003,S008,31,6,32
S003,S010,31,6,32
S003,K004,31,6,32
S003,K005,31,6,32
S003,K006,31,24,32
S003,K009,31,6,32
S003,R003,31,24,32
S003,R004,31,12,32
S003,Y001,31,24,32
S003,A002,31,24,32
S003,A007,31,6,32
S003,B003V1,31,24,32
S003,B003V3,31,24,32
S003,B006V2,31,24,32
S003,B007V1,31,24,32
S003,B008V1,31,24,32
S003,B008V3,31,24,32
S003,B009V2,31,6,32
S003,B009V3,31,6,32
S003,S003V3,31,24,32
S003,K001V1,31,12,32
S003,K002V2,31,24,32
S003,K003V2,31,6,32
S003,K006V1,31,24,32
S003,K007V1,31,12,32
S003,R001V2,31,12,32
S003,R002V1,31,6,32
S003,R002V2,31,6,32
S003,R002V3,31,6,32
S003,R004V1,31,12,32
S003,R004V2,31,12,32
S003,R006V3,31,6,32
S003,R008V1,31,24,32
S003,R009V3,31,12,32
S003,B006,32,24,33
S003,B007,32,24,33
S003,S004,32,12,33
S003,S007,32,12,33
S003,S008,32,6,33
S003,S010,32,6,33
S003,K006,32,24,33
S003,R001,32,12,33
S003,R002,32,6,33
S003,R006,32,6,33
S003,Y001,32,24,33
S003,Y003,32,6,33
S003,A003,32,24,33
S003,B001V2,32,24,33
S003,B003V3,32,24,33
S003,B004V2,32,12,33
S003,B006V2,32,24,33
S003,B009V3,32,6,33
S003,S002V1,32,24,33
S003,S002V2,32,24,33
S003,S003V1,32,24,33
S003,S003V2,32,24,33
S003,S005V1,32,12,33
S003,S006V3,32,6,33
S003,S009V1,32,6,33
S003,K001V3,32,12,33
S003,K003V2,32,6,33
S003,K004V3,32,6,33
S003,K005V1,32,6,33
S003,K006V2,32,24,33
S003,K009V2,32,6,33
S003,R002V3,32,6,33
S003,R008V3,32,24,33
S003,R009V1,32,12,33
S003,Y002V2,32,24,33
S003,B006,33,24,34
S003,B007,33,24,34
S003,K002,33,24,34
S003,K004,33,6,34
S003,K006,33,24,34
S003,R008,33,24,34
S003,Y003,33,6,34
S003,B001V2,33,24,34
S003,B003V1,33,24,34
S003,B003V3,33,24,34
S003,B004V2,33,12,34
S003,B005V1,33,12,34
S003,B006V1,33,24,34
S003,B008V1,33,24,34
S003,S002V1,33,24,34
S003,S003V2,33,24,34
S003,S005V1,33,12,34
S003,S006V3,33,6,34
S003,S007V2,33,12,34
S003,S007V3,33,12,34
S003,K002V3,33,24,34
S003,K004V1,33,6,34
S003,K006V3,33,24,34
S003,K007V3,33,12,34
S003,R002V2,33,6,34
S003,R002V3,33,6,34
S003,R003V1,33,24,34
S003,R004V2,33,12,34
S003,R005V2,33,12,34
S003,R006V1,33,6,34
S003,R006V3,33,6,34
S003,R008V1,33,24,34
S003,R010V2,33,24,34
S003,Y002V2,33,24,34
S003,B007,34,24,35
S003,S002,34,24,35
S003,S005,34,12,35
S003,S007,34,12,35
S003,S010,34,6,35
S003,K005,34,6,35
S003,K006,34,24,35
S003,K009,34,6,35
S003,R003,34,24,35
S003,Y003,34,6,35
S003,Y006,34,6,35
S003,A006,34,6,35
S003,B001V2,34,24,35
S003,B003V2,34,24,35
S003,B003V3,34,24,35
S003,B004V2,34,12,35
S003,B007V1,34,24,35
S003,B007V2,34,24,35
S003,B009V3,34,6,35
S003,S001V2,34,24,35
S003,S002V2,34,24,35
S003,S003V1,34,24,35
S003,S005V1,34,12,35
S003,S006V3,34,6,35
S003,S009V1,34,6,35
S003,S009V3,34,6,35
S003,K001V1,34,12,35
S003,K004V1,34,6,35
S003,K004V3,34,6,35
S003,K006V2,34,24,35
S003,K007V3,34,12,35
S003,K009V2,34,6,35
S003,R002V2,34,6,35
S003,R004V1,34,12,35
S003,R004V2,34,12,35
S003,R008V1,34,24,35
S003,Y002V2,34,24,35
S003,B007,35,24,36
S003,S002,35,24,36
S003,S007,35,12,36
S003,K002,35,24,36
S003,K003,35,6,36
S003,K004,35,6,36
S003,K006,35,24,36
S003,R002,35,6,36
S003,R003,35,24,36
S003,R009,35,12,36
S003,B001V2,35,24,36
S003,B002V3,35,24,36
S003,B003V1,35,24,36
S003,B003V2,35,24,36
S003,B007V1,35,24,36
S003,B008V1,35,24,36
S003,B009V3,35,6,36
S003,S001V2,35,24,36
S003,S002V1,35,24,36
S003,S003V1,35,24,36
S003,S005V1,35,12,36
S003,S005V3,35,12,36
S003,S007V2,35,12,36
S003,S007V3,35,12,36
S003,S009V1,35,6,36
S003,S009V3,35,6,36
S003,K001V2,35,12,36
S003,K004V3,35,6,36
S003,K006V2,35,24,36
S003,K009V2,35,6,36
S003,R001V3,35,12,36
S003,R002V1,35,6,36
S003,R002V3,35,6,36
S003,R003V1,35,24,36
S003,R006V3,35,6,36
S003,R008V1,35,24,36
S003,R008V3,35,24,36
S003,R010V2,35,24,36
S003,B003,36,24,37
S003,B006,36,24,37
S003,B007,36,24,37
S003,S002,36,24,37
S003,S004,36,12,37
S003,K002,36,24,37
S003,K003,36,6,37
S003,K004,36,6,37
S003,K005,36,6,37
S003,K006,36,24,37
S003,R002,36,6,37
S003,R003,36,24,37
S003,R007,36,6,37
S003,R009,36,12,37
S003,Y003,36,6,37
S003,A006,36,6,37
S003,B001V2,36,24,37
S003,B003V3,36,24,37
S003,B006V1,36,24,37
S003,B006V2,36,24,37
S003,S002V2,36,24,37
S003,S005V1,36,12,37
S003,S009V3,36,6,37
S003,K001V1,36,12,37
S003,K005V1,36,6,37
S003,K007V1,36,12,37
S003,K009V2,36,6,37
S003,R002V1,36,6,37
S003,R002V2,36,6,37
S003,R002V3,36,6,37
S003,R003V2,36,24,37
S003,R004V1,36,12,37
S003,R005V2,36,12,37
S003,R009V1,36,12,37
S003,R009V3,36,12,37
S003,R010V2,36,24,37
S003,Y001V1,36,24,37
S003,B004,37,12,38
S003,K002,37,24,38
S003,K003,37,6,38
S003,K006,37,24,38
S003,R010,37,24,38
S003,Y001,37,24,38
S003,A002,37,24,38
S003,A005,37,6,38
S003,A007,37,6,38
S003,B001V2,37,24,38
S003,B004V2,37,12,38
S003,B005V1,37,12,38
S003,B008V1,37,24,38
S003,B009V3,37,6,38
S003,B010V2,37,6,38
S003,S002V2,37,24,38
S003,S005V3,37,12,38
S003,S007V2,37,12,38
S003,K001V1,37,12,38
S003,K002V3,37,24,38
S003,K003V3,37,6,38
S003,K004V3,37,6,38
S003,K009V2,37,6,38
S003,R002V1,37,6,38
S003,R002V2,37,6,38
S003,R003V1,37,24,38
S003,R003V2,37,24,38
S003,R005V2,37,12,38
S003,R009V3,37,12,38
S003,R010V2,37,24,38
S003,Y002V2,37,24,38
S003,B003,38,24,39
S003,B004,38,12,39
S003,B007,38,24,39
S003,B010,38,6,39
S003,S002,38,24,39
S003,K004,38,6,39
S003,K006,38,24,39
S003,R003,38,24,39
S003,R008,38,24,39
S003,R009,38,12,39
S003,R010,38,24,39
S003,Y004,38,6,39
S003,B001V2,38,24,39
S003,B006V2,38,24,39
S003,B008V2,38,24,39
S003,S001V2,38,24,39
S003,S002V2,38,24,39
S003,S005V1,38,12,39
S003,S006V3,38,6,39
S003,S007V2,38,12,39
S003,S009V1,38,6,39
S003,K001V1,38,12,39
S003,K003V2,38,6,39
S003,K004V1,38,6,39
S003,K004V3,38,6,39
S003,K006V1,38,24,39
S003,K006V3,38,24,39
S003,K009V2,38,6,39
S003,R001V2,38,12,39
S003,R002V1,38,6,39
S003,R003V2,38,24,39
S003,R005V3,38,12,39
S003,R006V3,38,6,39
S003,R008V1,38,24,39
S003,R010V2,38,24,39
S003,Y002V1,38,24,39
S003,B002,39,24,40
S003,B004,39,12,40
S003,B006,39,24,40
S003,B007,39,24,40
S003,S007,39,12,40
S003,S010,39,6,40
S003,K003,39,6,40
S003,K004,39,6,40
S003,K007,39,12,40
S003,R005,39,12,40
S003,R008,39,24,40
S003,R009,39,12,40
S003,Y003,39,6,40
S003,B001V2,39,24,40
S003,B002V3,39,24,40
S003,B005V1,39,12,40
S003,B008V2,39,24,40
S003,S001V2,39,24,40
S003,S002V1,39,24,40
S003,S005V1,39,12,40
S003,S005V3,39,12,40
S003,S006V1,39,6,40
S003,S006V3,39,6,40
S003,S007V2,39,12,40
S003,S007V3,39,12,40
S003,S009V3,39,6,40
S003,K001V1,39,12,40
S003,K003V3,39,6,40
S003,K004V1,39,6,40
S003,K004V3,39,6,40
S003,R001V2,39,12,40
S003,R002V1,39,6,40
S003,R002V3,39,6,40
S003,R003V1,39,24,40
S003,R006V3,39,6,40
S003,R007V1,39,6,40
S003,R009V2,39,12,40
S003,R010V3,39,24,40
S003,Y002V2,39,24,40
S003,B002,40,24,41
S003,B006,40,24,41
S003,S010,40,6,41
S003,K002,40,24,41
S003,K003,40,6,41
S003,K004,40,6,41
S003,K005,40,6,41
S003,K006,40,24,41
S003,R008,40,24,41
S003,Y004,40,6,41
S003,A002,40,24,41
S003,A004,40,6,41
S003,A007,40,6,41
S003,B001V2,40,24,41
S003,B002V2,40,24,41
S003,B002V3,40,24,41
S003,B004V2,40,12,41
S003,B009V3,40,6,41
S003,S003V2,40,24,41
S003,S004V2,40,12,41
S003,S005V1,40,12,41
S003,S006V1,40,6,41
S003,S006V3,40,6,41
S003,S007V2,40,12,41
S003,S009V1,40,6,41
S003,S009V3,40,6,41
S003,K001V1,40,12,41
S003,K002V3,40,24,41
S003,K003V3,40,6,41
S003,K004V3,40,6,41
S003,K006V1,40,24,41
S003,K007V1,40,12,41
S003,R002V1,40,6,41
S003,R002V2,40,6,41
S003,R004V1,40,12,41
S003,Y001V1,40,24,41
S003,B006,41,24,42
S003,B009,41,6,42
S003,S005,41,12,42
S003,K004,41,6,42
S003,K007,41,12,42
S003,R001,41,12,42
S003,R005,41,12,42
S003,Y001,41,24,42
S003,Y003,41,6,42
S003,B002V3,41,24,42
S003,B007V1,41,24,42
S003,B008V1,41,24,42
S003,S001V2,41,24,42
S003,S005V1,41,12,42
S003,S006V1,41,6,42
S003,K001V1,41,12,42
S003,K004V3,41,6,42
S003,K006V1,41,24,42
S003,K006V2,41,24,42
S003,K009V2,41,6,42
S003,R002V3,41,6,42
S003,R005V2,41,12,42
S003,R007V2,41,6,42
S003,R009V3,41,12,42
S003,B006,42,24,43
S003,B009,42,6,43
S003,S002,42,24,43
S003,S007,42,12,43
S003,K004,42,6,43
S003,K005,42,6,43
S003,K007,42,12,43
S003,R001,42,12,43
S003,R005,42,12,43
S003,R008,42,24,43
S003,Y004,42,6,43
S003,B004V2,42,12,43
S003,B005V1,42,12,43
S003,B010V1,42,6,43
S003,S003V3,42,24,43
S003,S009V1,42,6,43
S003,K001V1,42,12,43
S003,K003V3,42,6,43
S003,K004V3,42,6,43
S003,K006V3,42,24,43
S003,K009V2,42,6,43
S003,R002V1,42,6,43
S003,R002V2,42,6,43
S003,R003V2,42,24,43
S003,R005V1,42,12,43
S003,R006V3,42,6,43
S003,R007V2,42,6,43
S003,R010V2,42,24,43
S003,B002,43,24,44
S003,B004,43,12,44
S003,B009,43,6,44
S003,K004,43,6,44
S003,K005,43,6,44
S003,R003,43,24,44
S003,R010,43,24,44
S003,Y001,43,24,44
S003,B002V2,43,24,44
S003,B003V3,43,24,44
S003,B005V1,43,12,44
S003,B006V2,43,24,44
S003,B007V2,43,24,44
S003,B008V1,43,24,44
S003,B008V2,43,24,44
S003,B008V3,43,24,44
S003,B009V3,43,6,44
S003,B010V1,43,6,44
S003,S003V1,43,24,44
S003,S003V3,43,24,44
S003,S004V2,43,12,44
S003,S005V1,43,12,44
S003,S006V3,43,6,44
S003,S007V2,43,12,44
S003,S007V3,43,12,44
S003,S009V1,43,6,44
S003,S009V3,43,6,44
S003,S010V3,43,6,44
S003,K001V1,43,12,44
S003,K004V3,43,6,44
S003,K006V3,43,24,44
S003,K007V3,43,12,44
S003,R001V2,43,12,44
S003,R002V1,43,6,44
S003,R002V3,43,6,44
S003,R004V1,43,12,44
S003,R007V1,43,6,44
S003,R008V1,43,24,44
S003,R008V2,43,24,44
S003,R009V2,43,12,44
S003,R010V2,43,24,44
S003,B001,44,24,45
S003,B006,44,24,45
S003,S002,44,24,45
S003,S004,44,12,45
S003,S005,44,12,45
S003,S007,44,12,45
S003,K001,44,12,45
S003,K002,44,24,45
S003,K003,44,6,45
S003,K004,44,6,45
S003,K005,44,6,45
S003,K006,44,24,45
S003,Y006,44,6,45
S003,A002,44,24,45
S003,A007,44,6,45
S003,B002V2,44,24,45
S003,B003V2,44,24,45
S003,B003V3,44,24,45
S003,B006V1,44,24,45
S003,B007V2,44,24,45
S003,B008V1,44,24,45
S003,B008V2,44,24,45
S003,S002V2,44,24,45
S003,S004V3,44,12,45
S003,S005V3,44,12,45
S003,S006V3,44,6,45
S003,S009V1,44,6,45
S003,K001V1,44,12,45
S003,K004V3,44,6,45
S003,K005V3,44,6,45
S003,K006V1,44,24,45
S003,K007V1,44,12,45
S003,K007V3,44,12,45
S003,K009V2,44,6,45
S003,R002V2,44,6,45
S003,R003V1,44,24,45
S003,R003V2,44,24,45
S003,R004V1,44,12,45
S003,R006V3,44,6,45
S003,R009V3,44,12,45
S003,B002,45,24,46
S003,B006,45,24,46
S003,B009,45,6,46
S003,S002,45,24,46
S003,S005,45,12,46
S003,K004,45,6,46
S003,R002,45,6,46
S003,R003,45,24,46
S003,R004,45,12,46
S003,A008,45,12,46
S003,B002V2,45,24,46
S003,B002V3,45,24,46
S003,B004V2,45,12,46
S003,B005V1,45,12,46
S003,B006V2,45,24,46
S003,B007V1,45,24,46
S003,B007V2,45,24,46
S003,B009V3,45,6,46
S003,S001V2,45,24,46
S003,S005V1,45,12,46
S003,S007V3,45,12,46
S003,S009V3,45,6,46
S003,S010V3,45,6,46
S003,K003V3,45,6,46
S003,K004V3,45,6,46
S003,K005V3,45,6,46
S003,K006V1,45,24,46
S003,R002V1,45,6,46
S003,R002V3,45,6,46
S003,R004V1,45,12,46
S003,R004V2,45,12,46
S003,R006V3,45,6,46
S003,R007V1,45,6,46
S003,R007V3,45,6,46
S003,R008V1,45,24,46
S003,R008V3,45,24,46
S003,Y001V1,45,24,46
S003,B001,46,24,47
S003,B002,46,24,47
S003,B003,46,24,47
S003,B004,46,12,47
S003,B009,46,6,47
S003,S002,46,24,47
S003,S004,46,12,47
S003,S005,46,12,47
S003,S009,46,6,47
S003,K005,46,6,47
S003,K006,46,24,47
S003,R001,46,12,47
S003,R003,46,24,47
S003,R004,46,12,47
S003,A006,46,6,47
S003,B003V2,46,24,47
S003,B004V2,46,12,47
S003,B006V1,46,24,47
S003,B008V2,46,24,47
S003,B008V3,46,24,47
S003,B009V3,46,6,47
S003,S002V1,46,24,47
S003,S002V2,46,24,47
S003,S003V1,46,24,47
S003,S004V2,46,12,47
S003,S004V3,46,12,47
S003,S005V1,46,12,47
S003,S006V1,46,6,47
S003,S006V3,46,6,47
S003,S007V2,46,12,47
S003,K001V1,46,12,47
S003,K001V2,46,12,47
S003,K003V2,46,6,47
S003,K004V3,46,6,47
S003,K005V3,46,6,47
S003,K006V1,46,24,47
S003,K007V1,46,12,47
S003,R002V2,46,6,47
S003,R004V1,46,12,47
S003,R004V2,46,12,47
S003,R005V3,46,12,47
S003,R006V3,46,6,47
S003,R007V2,46,6,47
S003,R008V1,46,24,47
S003,B002,47,24,48
S003,B006,47,24,48
S003,S010,47,6,48
S003,K001,47,12,48
S003,K003,47,6,48
S003,K004,47,6,48
S003,K005,47,6,48
S003,K007,47,12,48
S003,R001,47,12,48
S003,R010,47,24,48
S003,B002V2,47,24,48
S003,B003V2,47,24,48
S003,B003V3,47,24,48
S003,B006V2,47,24,48
S003,B007V1,47,24,48
S003,B010V2,47,6,48
S003,S001V2,47,24,48
S003,S002V1,47,24,48
S003,S003V3,47,24,48
S003,S004V2,47,12,48
S003,S005V3,47,12,48
S003,S006V1,47,6,48
S003,K001V1,47,12,48
S003,K001V2,47,12,48
S003,K002V3,47,24,48
S003,K006V2,47,24,48
S003,K007V1,47,12,48
S003,K009V2,47,6,48
S003,R004V1,47,12,48
S003,R006V3,47,6,48
S003,R008V3,47,24,48
S003,R010V2,47,24,48
S003,S005,48,12,49
S003,S008,48,6,49
S003,K001,48,12,49
S003,K002,48,24,49
S003,K004,48,6,49
S003,K005,48,6,49
S003,K006,48,24,49
S003,K009,48,6,49
S003,R004,48,12,49
S003,R008,48,24,49
S003,Y001,48,24,49
S003,A002,48,24,49
S003,A006,48,6,49
S003,A007,48,6,49
S003,B002V2,48,24,49
S003,B006V2,48,24,49
S003,B007V2,48,24,49
S003,B008V1,48,24,49
S003,B008V2,48,24,49
S003,B009V3,48,6,49
S003,S001V2,48,24,49
S003,S002V1,48,24,49
S003,S002V2,48,24,49
S003,S004V2,48,12,49
S003,S004V3,48,12,49
S003,S005V3,48,12,49
S003,S006V1,48,6,49
S003,S009V1,48,6,49
S003,S009V3,48,6,49
S003,K001V1,48,12,49
S003,K003V3,48,6,49
S003,K004V3,48,6,49
S003,K005V1,48,6,49
S003,K006V1,48,24,49
S003,K006V3,48,24,49
S003,K007V2,48,12,49
S003,K009V2,48,6,49
S003,K009V3,48,6,49
S003,R002V2,48,6,49
S003,R003V1,48,24,49
S003,R003V2,48,24,49
S003,R007V1,48,6,49
S003,R007V3,48,6,49
S003,R008V3,48,24,49
S003,R009V2,48,12,49
S003,R010V3,48,24,49
S003,B003,49,24,50
S003,S002,49,24,50
S003,S003,49,24,50
S003,S005,49,12,50
S003,S007,49,12,50
S003,S010,49,6,50
S003,K004,49,6,50
S003,K005,49,6,50
S003,K006,49,24,50
S003,R009,49,12,50
S003,Y001,49,24,50
S003,Y003,49,6,50
S003,Y006,49,6,50
S003,A006,49,6,50
S003,B003V3,49,24,50
S003,B005V1,49,12,50
S003,B006V1,49,24,50
S003,B007V2,49,24,50
S003,B009V3,49,6,50
S003,S001V2,49,24,50
S003,S002V1,49,24,50
S003,S003V1,49,24,50
S003,S003V2,49,24,50
S003,S006V1,49,6,50
S003,S009V1,49,6,50
S003,S009V3,49,6,50
S003,K001V1,49,12,50
S003,K002V3,49,24,50
S003,K003V2,49,6,50
S003,K004V1,49,6,50
S003,K004V3,49,6,50
S003,K005V3,49,6,50
S003,K006V2,49,24,50
S003,K007V1,49,12,50
S003,K007V2,49,12,50
S003,K009V2,49,6,50
S003,R002V1,49,6,50
S003,R002V3,49,6,50
S003,R003V1,49,24,50
S003,R004V1,49,12,50
S003,R005V3,49,12,50
S003,R009V1,49,12,50
S003,Y001V1,49,24,50
S003,Y002V2,49,24,50
S003,S003,50,24,51
S003,S007,50,12,51
S003,S009,50,6,51
S003,S010,50,6,51
S003,K002,50,24,51
S003,K004,50,6,51
S003,K005,50,6,51
S003,K007,50,12,51
S003,Y005,50,12,51
S003,B003V3,50,24,51
S003,B006V2,50,24,51
S003,B007V1,50,24,51
S003,B007V2,50,24,51
S003,B008V2,50,24,51
S003,S001V2,50,24,51
S003,S005V1,50,12,51
S003,S005V3,50,12,51
S003,S006V1,50,6,51
S003,S006V3,50,6,51
S003,S009V3,50,6,51
S003,K003V3,50,6,51
S003,K004V3,50,6,51
S003,K005V1,50,6,51
S003,K005V3,50,6,51
S003,K007V3,50,12,51
S003,K009V2,50,6,51
S003,R001V2,50,12,51
S003,R002V2,50,6,51
S003,R003V2,50,24,51
S003,R004V2,50,12,51
S003,R005V1,50,12,51
S003,R006V3,50,6,51
S003,R007V1,50,6,51
S003,R010V1,50,24,51
S003,B002,51,24,52
S003,B006,51,24,52
S003,S005,51,12,52
S003,S006,51,6,52
S003,S010,51,6,52
S003,K001,51,12,52
S003,K002,51,24,52
S003,K005,51,6,52
S003,K007,51,12,52
S003,R003,51,24,52
S003,R008,51,24,52
S003,R009,51,12,52
S003,B002V3,51,24,52
S003,B003V3,51,24,52
S003,B007V1,51,24,52
S003,B007V2,51,24,52
S003,B008V2,51,24,52
S003,B009V3,51,6,52
S003,B010V2,51,6,52
S003,S004V2,51,12,52
S003,S005V1,51,12,52
S003,S005V3,51,12,52
S003,S006V1,51,6,52
S003,S006V3,51,6,52
S003,S007V1,51,12,52
S003,S008V1,51,6,52
S003,S009V3,51,6,52
S003,K001V1,51,12,52
S003,K001V2,51,12,52
S003,K003V2,51,6,52
S003,K003V3,51,6,52
S003,K004V3,51,6,52
S003,K005V1,51,6,52
S003,K006V2,51,24,52
S003,K007V2,51,12,52
S003,K009V2,51,6,52
S003,R003V1,51,24,52
S003,R005V1,51,12,52
S003,R007V1,51,6,52
S003,R008V1,51,24,52
S003,R009V3,51,12,52
S003,Y001V1,51,24,52
S004,B003,1,24,2
S004,B009,1,6,2
S004,S002,1,24,2
S004,S004,1,12,2
S004,S008,1,6,2
S004,S010,1,6,2
S004,K002,1,24,2
S004,K004,1,18,2
S004,K005,1,78,2
S004,K007,1,12,2
S004,K009,1,6,2
S004,R005,1,12,2
S004,R008,1,24,2
S004,Y001,1,24,2
S004,Y004,1,6,2
S004,Y005,1,12,2
S004,A006,1,6,2
S004,A008,1,12,2
S004,B001V3,1,24,2
S004,B002V1,1,24,2
S004,B003V1,1,24,2
S004,B005V2,1,12,2
S004,B005V3,1,12,2
S004,B006V1,1,24,2
S004,B006V2,1,24,2
S004,B008V1,1,24,2
S004,B009V2,1,6,2
S004,B009V3,1,36,2
S004,S001V2,1,24,2
S004,S001V3,1,24,2
S004,S002V2,1,24,2
S004,S004V2,1,12,2
S004,S005V1,1,24,2
S004,S005V3,1,12,2
S004,S006V2,1,6,2
S004,S007V2,1,12,2
S004,S009V1,1,6,2
S004,S009V2,1,6,2
S004,S010V3,1,6,2
S004,K001V1,1,108,2
S004,K003V2,1,6,2
S004,K005V3,1,6,2
S004,K006V1,1,24,2
S004,K006V3,1,24,2
S004,K007V3,1,12,2
S004,K008V2,1,6,2
S004,K009V1,1,6,2
S004,K009V2,1,12,2
S004,K010V1,1,12,2
S004,R001V1,1,24,2
S004,R001V3,1,12,2
S004,R002V1,1,6,2
S004,R002V2,1,6,2
S004,R005V2,1,12,2
S004,R005V3,1,12,2
S004,R006V3,1,6,2
S004,R007V2,1,6,2
S004,R008V3,1,24,2
S004,Y002V2,1,24,2
S004,B001,2,24,3
S004,B007,2,24,3
S004,S002,2,24,3
S004,S005,2,12,3
S004,K001,2,12,3
S004,K004,2,24,3
S004,K005,2,72,3
S004,K006,2,24,3
S004,K007,2,12,3
S004,R001,2,12,3
S004,R003,2,24,3
S004,Y001,2,24,3
S004,Y006,2,6,3
S004,A001,2,6,3
S004,A002,2,24,3
S004,A007,2,6,3
S004,B001V3,2,24,3
S004,B002V3,2,24,3
S004,B003V3,2,24,3
S004,B005V3,2,12,3
S004,B006V1,2,24,3
S004,B009V3,2,36,3
S004,S001V2,2,24,3
S004,S001V3,2,24,3
S004,S002V1,2,24,3
S004,S003V2,2,24,3
S004,S004V1,2,12,3
S004,S004V2,2,12,3
S004,S005V1,2,12,3
S004,S007V3,2,12,3
S004,S009V2,2,6,3
S004,S010V2,2,6,3
S004,K001V1,2,132,3
S004,K002V3,2,24,3
S004,K005V1,2,6,3
S004,K007V3,2,12,3
S004,K009V1,2,6,3
S004,K009V2,2,30,3
S004,K010V1,2,12,3
S004,R001V1,2,36,3
S004,R001V3,2,12,3
S004,R002V1,2,6,3
S004,R003V2,2,24,3
S004,R008V3,2,24,3
S004,R009V3,2,12,3
S004,Y001V2,2,24,3
S004,Y002V3,2,24,3
S004,B006,3,24,4
S004,S002,3,24,4
S004,S004,3,12,4
S004,K004,3,24,4
S004,K005,3,54,4
S004,K007,3,12,4
S004,K009,3,6,4
S004,R001,3,12,4
S004,R005,3,12,4
S004,A002,3,24,4
S004,B001V2,3,24,4
S004,B001V3,3,24,4
S004,B002V1,3,24,4
S004,B002V3,3,24,4
S004,B003V3,3,24,4
S004,B005V3,3,12,4
S004,B006V2,3,24,4
S004,B009V1,3,6,4
S004,B009V2,3,6,4
S004,B009V3,3,48,4
S004,S001V2,3,24,4
S004,S001V3,3,24,4
S004,S002V2,3,24,4
S004,S003V2,3,24,4
S004,S005V1,3,24,4
S004,S007V2,3,12,4
S004,S008V1,3,6,4
S004,S009V2,3,12,4
S004,K007V3,3,12,4
S004,K009V2,3,30,4
S004,K010V1,3,12,4
S004,R001V1,3,24,4
S004,R003V3,3,24,4
S004,R004V3,3,12,4
S004,R008V1,3,24,4
S004,R008V3,3,24,4
S004,Y002V3,3,24,4
S004,B002,4,24,5
S004,B009,4,6,5
S004,B010,4,6,5
S004,S002,4,24,5
S004,S004,4,12,5
S004,K001,4,12,5
S004,K004,4,6,5
S004,K005,4,6,5
S004,K007,4,12,5
S004,R001,4,12,5
S004,R003,4,24,5
S004,Y001,4,24,5
S004,B003V1,4,24,5
S004,B003V3,4,24,5
S004,B004V1,4,12,5
S004,B005V2,4,12,5
S004,B006V2,4,24,5
S004,B009V3,4,54,5
S004,S001V2,4,24,5
S004,S003V3,4,24,5
S004,S004V2,4,12,5
S004,S005V1,4,12,5
S004,S009V2,4,12,5
S004,K001V2,4,12,5
S004,K003V2,4,6,5
S004,K006V1,4,24,5
S004,K007V3,4,12,5
S004,K009V2,4,6,5
S004,K010V1,4,12,5
S004,R001V1,4,12,5
S004,R002V1,4,6,5
S004,R003V2,4,24,5
S004,R009V3,4,12,5
S004,Y001V1,4,24,5
S004,Y001V2,4,24,5
S004,Y002V2,4,24,5
S004,Y002V3,4,24,5
S004,B002,5,24,6
S004,B003,5,24,6
S004,S005,5,12,6
S004,K002,5,24,6
S004,K004,5,6,6
S004,R001,5,12,6
S004,R008,5,24,6
S004,B001V3,5,24,6
S004,B002V3,5,24,6
S004,B003V1,5,24,6
S004,B003V2,5,24,6
S004,B004V1,5,12,6
S004,B005V3,5,12,6
S004,B006V2,5,24,6
S004,B008V1,5,24,6
S004,B009V1,5,6,6
S004,B009V3,5,42,6
S004,S001V3,5,24,6
S004,S005V1,5,12,6
S004,S005V3,5,12,6
S004,S007V3,5,12,6
S004,K001V1,5,12,6
S004,K005V1,5,6,6
S004,K006V1,5,24,6
S004,K009V2,5,6,6
S004,K010V1,5,12,6
S004,R001V1,5,24,6
S004,R002V1,5,6,6
S004,R003V3,5,24,6
S004,R005V1,5,12,6
S004,R008V3,5,24,6
S004,R009V3,5,12,6
S004,Y002V3,5,24,6
S004,B001,6,24,7
S004,B003,6,24,7
S004,K004,6,6,7
S004,R002,6,6,7
S004,Y004,6,6,7
S004,A002,6,24,7
S004,B001V3,6,24,7
S004,B002V1,6,24,7
S004,B002V3,6,24,7
S004,B003V3,6,24,7
S004,B004V2,6,12,7
S004,B005V3,6,12,7
S004,B008V1,6,24,7
S004,B009V3,6,18,7
S004,B010V3,6,6,7
S004,S001V3,6,24,7
S004,S002V2,6,24,7
S004,S004V3,6,12,7
S004,S005V1,6,12,7
S004,S006V2,6,6,7
S004,S009V1,6,6,7
S004,K001V1,6,12,7
S004,K001V2,6,12,7
S004,K002V1,6,24,7
S004,K002V3,6,24,7
S004,K003V2,6,6,7
S004,K005V1,6,6,7
S004,K006V1,6,24,7
S004,K006V3,6,24,7
S004,K009V2,6,6,7
S004,K010V1,6,12,7
S004,R001V1,6,36,7
S004,R002V1,6,6,7
S004,R002V2,6,6,7
S004,R006V3,6,6,7
S004,R007V3,6,6,7
S004,R008V1,6,24,7
S004,Y001V1,6,24,7
S004,Y002V2,6,24,7
S004,Y002V3,6,24,7
S004,B001,7,24,8
S004,B002,7,24,8
S004,S005,7,12,8
S004,K004,7,6,8
S004,K005,7,6,8
S004,R008,7,24,8
S004,Y002,7,24,8
S004,A002,7,24,8
S004,B002V1,7,24,8
S004,B003V1,7,24,8
S004,B003V3,7,24,8
S004,B006V1,7,24,8
S004,B007V1,7,24,8
S004,B008V1,7,24,8
S004,B009V3,7,84,8
S004,B010V3,7,6,8
S004,S001V2,7,24,8
S004,S002V1,7,24,8
S004,S003V3,7,24,8
S004,S005V1,7,12,8
S004,S005V3,7,12,8
S004,K001V1,7,12,8
S004,K001V2,7,12,8
S004,K002V1,7,24,8
S004,K002V3,7,24,8
S004,K003V2,7,6,8
S004,K005V2,7,6,8
S004,K005V3,7,6,8
S004,K006V1,7,24,8
S004,K009V2,7,6,8
S004,K010V1,7,12,8
S004,R001V1,7,36,8
S004,R002V2,7,6,8
S004,R002V3,7,6,8
S004,R009V3,7,12,8
S004,Y002V3,7,24,8
S004,B003,8,24,9
S004,S005,8,12,9
S004,K004,8,6,9
S004,K005,8,6,9
S004,R001,8,12,9
S004,A004,8,6,9
S004,A007,8,6,9
S004,B002V3,8,24,9
S004,B003V1,8,24,9
S004,B004V2,8,12,9
S004,B004V3,8,12,9
S004,B007V1,8,24,9
S004,B009V3,8,6,9
S004,S004V2,8,12,9
S004,S005V1,8,12,9
S004,S007V2,8,12,9
S004,K001V1,8,12,9
S004,K002V1,8,24,9
S004,K004V1,8,6,9
S004,K005V1,8,6,9
S004,K009V2,8,6,9
S004,K010V1,8,12,9
S004,R001V1,8,12,9
S004,R003V3,8,24,9
S004,R004V3,8,12,9
S004,R005V2,8,12,9
S004,R006V3,8,6,9
S004,Y001V3,8,24,9
S004,B002,9,24,10
S004,B006,9,24,10
S004,B010,9,6,10
S004,S002,9,24,10
S004,S007,9,12,10
S004,K004,9,6,10
S004,K005,9,6,10
S004,R001,9,12,10
S004,R002,9,6,10
S004,R005,9,12,10
S004,Y004,9,6,10
S004,B002V1,9,24,10
S004,B003V1,9,24,10
S004,B003V3,9,24,10
S004,B004V1,9,12,10
S004,B004V2,9,12,10
S004,B005V3,9,12,10
S004,B006V1,9,24,10
S004,B006V2,9,24,10
S004,B007V1,9,24,10
S004,B009V1,9,6,10
S004,B009V2,9,6,10
S004,B009V3,9,6,10
S004,S001V2,9,24,10
S004,S004V1,9,12,10
S004,S007V2,9,12,10
S004,S007V3,9,12,10
S004,S009V1,9,6,10
S004,K001V1,9,12,10
S004,K005V3,9,6,10
S004,K006V1,9,24,10
S004,K009V3,9,6,10
S004,K010V1,9,12,10
S004,R001V1,9,24,10
S004,R002V2,9,6,10
S004,R006V3,9,6,10
S004,S002,10,24,11
S004,S007,10,12,11
S004,K004,10,6,11
S004,K005,10,6,11
S004,R005,10,12,11
S004,R007,10,6,11
S004,B002V1,10,24,11
S004,B002V3,10,24,11
S004,B003V3,10,24,11
S004,B004V1,10,12,11
S004,B006V1,10,24,11
S004,B006V3,10,24,11
S004,B007V1,10,24,11
S004,B008V1,10,24,11
S004,B009V3,10,6,11
S004,S004V2,10,12,11
S004,S004V3,10,12,11
S004,S005V1,10,12,11
S004,S005V3,10,12,11
S004,S007V2,10,12,11
S004,K001V1,10,12,11
S004,K002V1,10,24,11
S004,K005V1,10,6,11
S004,K005V2,10,6,11
S004,K007V3,10,12,11
S004,K009V2,10,6,11
S004,K010V1,10,12,11
S004,R001V1,10,24,11
S004,R002V1,10,6,11
S004,R003V3,10,24,11
S004,R005V1,10,12,11
S004,R008V1,10,24,11
S004,R008V2,10,24,11
S004,Y001V1,10,24,11
S004,Y001V2,10,24,11
S004,S004,11,12,12
S004,S005,11,12,12
S004,S007,11,12,12
S004,K001,11,12,12
S004,K004,11,6,12
S004,K007,11,12,12
S004,B001V3,11,24,12
S004,B002V3,11,24,12
S004,B003V3,11,24,12
S004,S001V1,11,24,12
S004,S001V3,11,24,12
S004,S002V2,11,24,12
S004,S003V2,11,24,12
S004,S004V1,11,12,12
S004,S004V3,11,12,12
S004,S005V1,11,12,12
S004,S005V3,11,12,12
S004,S007V3,11,12,12
S004,S010V3,11,6,12
S004,K001V1,11,12,12
S004,K005V3,11,6,12
S004,K006V1,11,24,12
S004,K006V3,11,24,12
S004,K009V2,11,6,12
S004,K010V1,11,12,12
S004,R001V1,11,12,12
S004,R002V1,11,6,12
S004,R002V2,11,6,12
S004,R004V3,11,12,12
S004,R010V3,11,24,12
S004,Y002V2,11,24,12
S004,Y002V3,11,24,12
S004,B008,12,24,13
S004,S005,12,12,13
S004,K001,12,12,13
S004,K002,12,24,13
S004,K004,12,6,13
S004,K005,12,6,13
S004,K007,12,12,13
S004,R003,12,24,13
S004,R008,12,24,13
S004,Y006,12,6,13
S004,A002,12,24,13
S004,B002V1,12,24,13
S004,B003V3,12,24,13
S004,B004V1,12,12,13
S004,B005V3,12,12,13
S004,B006V2,12,24,13
S004,B007V1,12,24,13
S004,B008V1,12,24,13
S004,B008V3,12,24,13
S004,B009V1,12,6,13
S004,B009V3,12,6,13
S004,S002V1,12,24,13
S004,S003V2,12,24,13
S004,S003V3,12,24,13
S004,S004V1,12,12,13
S004,S004V3,12,12,13
S004,S007V2,12,12,13
S004,S009V1,12,6,13
S004,K001V1,12,12,13
S004,K002V1,12,24,13
S004,K003V2,12,6,13
S004,K006V3,12,24,13
S004,K010V1,12,6,13
S004,R001V1,12,12,13
S004,R006V3,12,6,13
S004,R007V1,12,6,13
S004,R008V1,12,24,13
S004,R008V3,12,24,13
S004,Y002V2,12,24,13
S004,Y002V3,12,24,13
S004,B003,13,24,14
S004,S005,13,12,14
S004,K001,13,12,14
S004,K005,13,6,14
S004,K010,13,6,14
S004,R001,13,12,14
S004,R008,13,24,14
S004,Y004,13,6,14
S004,B002V1,13,24,14
S004,B003V1,13,24,14
S004,B003V3,13,24,14
S004,B004V1,13,12,14
S004,B004V2,13,12,14
S004,B006V2,13,24,14
S004,B007V1,13,24,14
S004,B009V3,13,6,14
S004,S001V1,13,24,14
S004,S003V2,13,24,14
S004,S007V2,13,12,14
S004,K001V1,13,12,14
S004,K005V2,13,6,14
S004,K006V3,13,24,14
S004,K010V1,13,6,14
S004,R001V1,13,12,14
S004,R002V2,13,6,14
S004,R003V2,13,24,14
S004,R004V3,13,12,14
S004,R005V2,13,12,14
S004,Y002V2,13,24,14
S004,B003,14,24,15
S004,S002,14,24,15
S004,K002,14,24,15
S004,K005,14,6,15
S004,Y002,14,24,15
S004,B003V3,14,24,15
S004,B004V1,14,12,15
S004,B004V2,14,12,15
S004,B007V1,14,24,15
S004,B007V3,14,24,15
S004,B008V1,14,24,15
S004,B009V3,14,6,15
S004,B010V2,14,6,15
S004,S002V2,14,24,15
S004,S005V1,14,12,15
S004,S005V3,14,12,15
S004,S006V2,14,6,15
S004,S009V1,14,6,15
S004,K001V1,14,12,15
S004,K002V1,14,24,15
S004,K002V3,14,24,15
S004,K007V3,14,12,15
S004,K009V3,14,6,15
S004,K010V1,14,12,15
S004,R001V1,14,12,15
S004,R001V3,14,12,15
S004,R002V1,14,6,15
S004,R009V1,14,12,15
S004,Y001V2,14,24,15
S004,B002,15,24,16
S004,S002,15,24,16
S004,S004,15,12,16
S004,S005,15,12,16
S004,K001,15,12,16
S004,K005,15,6,16
S004,K006,15,24,16
S004,K007,15,12,16
S004,K010,15,6,16
S004,A002,15,24,16
S004,B003V1,15,24,16
S004,B003V3,15,24,16
S004,B005V2,15,12,16
S004,B005V3,15,12,16
S004,B006V3,15,24,16
S004,B007V3,15,24,16
S004,S002V1,15,24,16
S004,S002V2,15,24,16
S004,S003V2,15,24,16
S004,S004V2,15,12,16
S004,S005V1,15,12,16
S004,S005V3,15,12,16
S004,S006V2,15,6,16
S004,S006V3,15,6,16
S004,S007V2,15,12,16
S004,S007V3,15,12,16
S004,S010V3,15,6,16
S004,K003V2,15,6,16
S004,K005V1,15,6,16
S004,K005V2,15,6,16
S004,K006V1,15,24,16
S004,K006V3,15,24,16
S004,K007V3,15,12,16
S004,K009V2,15,6,16
S004,K010V1,15,12,16
S004,R001V1,15,12,16
S004,R003V3,15,24,16
S004,R006V3,15,6,16
S004,R007V1,15,6,16
S004,R009V3,15,12,16
S004,B003,16,24,17
S004,B004,16,12,17
S004,B007,16,24,17
S004,K004,16,6,17
S004,K007,16,12,17
S004,R008,16,24,17
S004,Y001,16,24,17
S004,Y004,16,6,17
S004,Y006,16,6,17
S004,B005V2,16,12,17
S004,B006V1,16,24,17
S004,B009V3,16,6,17
S004,S001V1,16,24,17
S004,S002V1,16,24,17
S004,S003V2,16,24,17
S004,S004V2,16,12,17
S004,S004V3,16,12,17
S004,S005V1,16,12,17
S004,S006V3,16,6,17
S004,K001V1,16,12,17
S004,K001V3,16,12,17
S004,K003V2,16,6,17
S004,K005V3,16,6,17
S004,K006V1,16,24,17
S004,K009V2,16,6,17
S004,K010V1,16,12,17
S004,R002V1,16,6,17
S004,R002V2,16,6,17
S004,R006V3,16,6,17
S004,R008V3,16,24,17
S004,B003,17,24,18
S004,B006,17,24,18
S004,K001,17,12,18
S004,K002,17,24,18
S004,K004,17,6,18
S004,K005,17,6,18
S004,K007,17,12,18
S004,R002,17,6,18
S004,R008,17,24,18
S004,R010,17,24,18
S004,Y006,17,6,18
S004,A004,17,6,18
S004,A006,17,6,18
S004,B003V3,17,24,18
S004,B006V2,17,24,18
S004,B009V1,17,6,18
S004,B009V3,17,6,18
S004,S002V1,17,24,18
S004,S003V1,17,24,18
S004,S005V1,17,12,18
S004,S005V3,17,12,18
S004,S006V2,17,6,18
S004,S007V3,17,12,18
S004,S010V3,17,6,18
S004,K001V1,17,12,18
S004,K002V1,17,24,18
S004,K003V2,17,6,18
S004,K005V1,17,6,18
S004,K005V2,17,6,18
S004,K006V1,17,24,18
S004,K006V2,17,24,18
S004,K007V3,17,12,18
S004,K010V1,17,12,18
S004,R001V1,17,12,18
S004,R004V3,17,12,18
S004,R005V2,17,12,18
S004,R008V3,17,24,18
S004,R010V3,17,24,18
S004,B003,18,24,19
S004,S005,18,12,19
S004,S007,18,12,19
S004,K001,18,12,19
S004,K005,18,6,19
S004,R002,18,6,19
S004,A003,18,24,19
S004,B003V1,18,24,19
S004,B003V3,18,24,19
S004,B004V1,18,12,19
S004,B006V1,18,24,19
S004,B008V1,18,24,19
S004,B009V3,18,6,19
S004,B010V2,18,6,19
S004,S001V1,18,24,19
S004,S001V2,18,24,19
S004,S003V1,18,24,19
S004,S004V1,18,12,19
S004,S005V1,18,12,19
S004,S005V2,18,12,19
S004,S006V2,18,6,19
S004,S006V3,18,6,19
S004,S007V3,18,12,19
S004,K002V2,18,24,19
S004,K003V2,18,6,19
S004,K005V2,18,6,19
S004,K006V1,18,24,19
S004,K006V3,18,24,19
S004,K007V3,18,12,19
S004,K009V2,18,6,19
S004,K010V1,18,12,19
S004,R001V1,18,12,19
S004,R002V1,18,6,19
S004,R002V2,18,6,19
S004,R002V3,18,6,19
S004,R003V3,18,24,19
S004,R005V1,18,12,19
S004,R005V3,18,12,19
S004,R007V1,18,6,19
S004,Y001V1,18,24,19
S004,B007,19,24,20
S004,K001,19,12,20
S004,K004,19,6,20
S004,K006,19,24,20
S004,K007,19,12,20
S004,R001,19,12,20
S004,R003,19,24,20
S004,R005,19,12,20
S004,R010,19,24,20
S004,A001,19,6,20
S004,B002V3,19,24,20
S004,B004V1,19,12,20
S004,B005V2,19,12,20
S004,B005V3,19,12,20
S004,B007V1,19,24,20
S004,B008V3,19,24,20
S004,B009V3,19,6,20
S004,S001V1,19,24,20
S004,S001V2,19,24,20
S004,S004V2,19,12,20
S004,S005V1,19,12,20
S004,S006V3,19,6,20
S004,S007V3,19,12,20
S004,K002V1,19,24,20
S004,K005V1,19,6,20
S004,K007V3,19,12,20
S004,K009V2,19,6,20
S004,K010V1,19,6,20
S004,R001V1,19,12,20
S004,R005V3,19,12,20
S004,R006V3,19,6,20
S004,R007V1,19,6,20
S004,R008V1,19,24,20
S004,R008V3,19,24,20
S004,R009V3,19,12,20
S004,Y002V3,19,24,20
S004,B004,20,12,21
S004,B007,20,24,21
S004,K001,20,12,21
S004,K004,20,6,21
S004,K006,20,24,21
S004,R006,20,6,21
S004,A008,20,12,21
S004,B007V1,20,24,21
S004,B008V1,20,24,21
S004,B009V3,20,6,21
S004,S004V2,20,12,21
S004,S005V1,20,12,21
S004,S007V2,20,12,21
S004,S009V1,20,6,21
S004,S010V3,20,6,21
S004,K001V1,20,12,21
S004,K006V1,20,24,21
S004,K009V2,20,6,21
S004,K010V1,20,6,21
S004,R001V1,20,12,21
S004,R009V1,20,12,21
S004,Y001V2,20,24,21
S004,Y002V2,20,24,21
S004,B006,21,24,22
S004,B007,21,24,22
S004,K007,21,12,22
S004,K008,21,6,22
S004,K009,21,6,22
S004,K010,21,6,22
S004,R008,21,24,22
S004,A001,21,6,22
S004,A002,21,24,22
S004,B009V3,21,6,22
S004,S002V1,21,24,22
S004,S003V1,21,24,22
S004,S004V1,21,12,22
S004,S004V3,21,12,22
S004,S005V3,21,12,22
S004,S006V2,21,6,22
S004,S009V1,21,6,22
S004,S010V3,21,6,22
S004,K001V1,21,12,22
S004,K002V1,21,24,22
S004,K003V2,21,6,22
S004,K005V1,21,6,22
S004,K005V2,21,6,22
S004,K009V2,21,6,22
S004,K010V1,21,6,22
S004,R001V1,21,12,22
S004,R002V1,21,6,22
S004,R002V2,21,6,22
S004,R002V3,21,6,22
S004,R003V3,21,24,22
S004,R007V3,21,6,22
S004,B003,22,24,23
S004,B007,22,24,23
S004,S004,22,12,23
S004,S010,22,6,23
S004,K001,22,12,23
S004,K005,22,6,23
S004,K006,22,24,23
S004,K007,22,12,23
S004,R002,22,6,23
S004,A003,22,24,23
S004,B001V3,22,24,23
S004,B002V3,22,24,23
S004,B006V2,22,24,23
S004,B007V1,22,24,23
S004,B009V3,22,6,23
S004,S001V1,22,24,23
S004,S001V2,22,24,23
S004,S003V1,22,24,23
S004,S004V3,22,12,23
S004,S006V2,22,6,23
S004,S007V3,22,12,23
S004,S010V3,22,6,23
S004,K001V1,22,12,23
S004,K002V1,22,24,23
S004,K003V3,22,6,23
S004,K005V1,22,6,23
S004,K006V1,22,24,23
S004,K006V3,22,24,23
S004,K007V3,22,12,23
S004,K009V2,22,6,23
S004,K010V1,22,6,23
S004,R001V1,22,12,23
S004,R004V3,22,12,23
S004,R006V3,22,6,23
S004,R008V1,22,24,23
S004,R008V2,22,24,23
S004,R009V1,22,12,23
S004,B003,23,24,24
S004,B004,23,12,24
S004,B006,23,24,24
S004,B007,23,24,24
S004,B009,23,6,24
S004,S002,23,24,24
S004,S005,23,12,24
S004,K001,23,12,24
S004,K004,23,6,24
S004,K005,23,6,24
S004,Y001,23,24,24
S004,Y004,23,6,24
S004,A005,23,6,24
S004,A006,23,6,24
S004,B002V3,23,24,24
S004,B003V3,23,24,24
S004,B004V2,23,12,24
S004,B007V1,23,24,24
S004,B008V1,23,24,24
S004,B009V3,23,6,24
S004,S003V1,23,24,24
S004,S004V2,23,12,24
S004,S006V2,23,6,24
S004,S006V3,23,6,24
S004,S007V2,23,12,24
S004,S010V3,23,6,24
S004,K001V1,23,12,24
S004,K003V3,23,6,24
S004,K006V3,23,24,24
S004,K009V2,23,6,24
S004,K010V1,23,6,24
S004,R001V1,23,12,24
S004,R002V1,23,6,24
S004,R002V2,23,6,24
S004,R003V2,23,24,24
S004,R004V3,23,12,24
S004,R005V2,23,12,24
S004,R005V3,23,12,24
S004,R008V1,23,24,24
S004,R009V3,23,12,24
S004,Y002V2,23,24,24
S004,B004,24,12,25
S004,S002,24,24,25
S004,K004,24,6,25
S004,K005,24,6,25
S004,K007,24,12,25
S004,R003,24,24,25
S004,R007,24,6,25
S004,Y004,24,6,25
S004,Y005,24,12,25
S004,Y006,24,6,25
S004,B004V2,24,12,25
S004,B005V3,24,12,25
S004,B007V2,24,24,25
S004,B008V1,24,24,25
S004,B009V3,24,6,25
S004,S003V1,24,24,25
S004,S006V2,24,6,25
S004,S006V3,24,6,25
S004,K001V1,24,12,25
S004,K001V2,24,12,25
S004,K002V1,24,24,25
S004,K007V3,24,12,25
S004,K009V2,24,6,25
S004,K010V1,24,6,25
S004,R002V2,24,6,25
S004,R004V3,24,12,25
S004,R006V3,24,6,25
S004,R007V1,24,6,25
S004,R009V3,24,12,25
S004,Y001V2,24,24,25
S004,Y002V2,24,24,25
S004,B003,25,24,26
S004,B009,25,6,26
S004,S007,25,12,26
S004,S010,25,6,26
S004,K004,25,6,26
S004,K005,25,6,26
S004,K006,25,24,26
S004,R002,25,6,26
S004,R003,25,24,26
S004,A003,25,24,26
S004,B001V3,25,24,26
S004,B003V3,25,24,26
S004,B004V1,25,12,26
S004,B004V2,25,12,26
S004,B006V1,25,24,26
S004,B009V1,25,6,26
S004,S001V1,25,24,26
S004,S005V1,25,12,26
S004,S008V3,25,6,26
S004,S009V1,25,6,26
S004,S010V3,25,6,26
S004,K001V1,25,12,26
S004,K002V2,25,24,26
S004,K010V1,25,6,26
S004,R001V1,25,12,26
S004,R002V1,25,6,26
S004,R003V3,25,24,26
S004,R005V1,25,12,26
S004,R005V3,25,12,26
S004,R007V1,25,6,26
S004,R008V1,25,24,26
S004,R008V3,25,24,26
S004,Y002V2,25,24,26
S004,S004,26,12,27
S004,S008,26,6,27
S004,K001,26,12,27
S004,K002,26,24,27
S004,K004,26,6,27
S004,K005,26,6,27
S004,K007,26,12,27
S004,R003,26,24,27
S004,R005,26,12,27
S004,Y004,26,6,27
S004,A002,26,24,27
S004,A004,26,6,27
S004,A006,26,6,27
S004,B001V3,26,24,27
S004,B002V3,26,24,27
S004,B003V1,26,24,27
S004,B004V2,26,12,27
S004,B006V1,26,24,27
S004,B007V2,26,24,27
S004,S004V2,26,12,27
S004,S005V1,26,12,27
S004,S006V2,26,6,27
S004,S007V3,26,12,27
S004,S009V1,26,6,27
S004,K001V1,26,12,27
S004,K003V3,26,6,27
S004,K004V1,26,6,27
S004,K005V1,26,6,27
S004,K007V3,26,12,27
S004,R001V1,26,12,27
S004,R002V1,26,6,27
S004,R004V3,26,12,27
S004,R005V3,26,12,27
S004,R006V3,26,6,27
S004,R007V3,26,6,27
S004,R008V2,26,24,27
S004,R009V3,26,12,27
S004,Y001V3,26,24,27
S004,Y002V2,26,24,27
S004,B004,27,12,28
S004,S002,27,24,28
S004,S004,27,12,28
S004,S010,27,6,28
S004,K002,27,24,28
S004,K004,27,6,28
S004,K005,27,6,28
S004,R008,27,24,28
S004,Y001,27,24,28
S004,B005V3,27,12,28
S004,B006V2,27,24,28
S004,B007V1,27,24,28
S004,B009V3,27,6,28
S004,S004V2,27,12,28
S004,S005V1,27,12,28
S004,S010V3,27,6,28
S004,K001V1,27,12,28
S004,K002V1,27,24,28
S004,K003V2,27,6,28
S004,K005V1,27,6,28
S004,K006V1,27,24,28
S004,K007V3,27,12,28
S004,K009V2,27,6,28
S004,K010V1,27,6,28
S004,R001V1,27,12,28
S004,R001V3,27,12,28
S004,R002V2,27,6,28
S004,R003V2,27,24,28
S004,R004V3,27,12,28
S004,R007V2,27,6,28
S004,R008V1,27,24,28
S004,Y002V2,27,24,28
S004,S004,28,12,29
S004,S007,28,12,29
S004,S009,28,6,29
S004,S010,28,6,29
S004,K002,28,24,29
S004,K004,28,6,29
S004,R002,28,6,29
S004,R005,28,12,29
S004,R007,28,6,29
S004,Y001,28,24,29
S004,Y004,28,6,29
S004,A007,28,6,29
S004,B002V3,28,24,29
S004,B004V2,28,12,29
S004,B009V3,28,6,29
S004,S001V3,28,24,29
S004,S002V2,28,24,29
S004,S003V1,28,24,29
S004,S003V2,28,24,29
S004,S004V1,28,12,29
S004,S005V1,28,12,29
S004,S006V2,28,6,29
S004,S007V2,28,12,29
S004,S007V3,28,12,29
S004,S008V2,28,6,29
S004,S008V3,28,6,29
S004,S010V1,28,6,29
S004,S010V2,28,6,29
S004,K001V1,28,12,29
S004,K003V2,28,6,29
S004,K005V1,28,6,29
S004,K005V2,28,6,29
S004,K006V1,28,24,29
S004,K006V2,28,24,29
S004,K006V3,28,24,29
S004,K009V2,28,6,29
S004,K010V1,28,6,29
S004,R001V1,28,12,29
S004,R002V1,28,6,29
S004,R003V3,28,24,29
S004,R006V3,28,6,29
S004,Y002V2,28,24,29
S004,Y002V3,28,24,29
S004,B006,29,24,30
S004,B009,29,6,30
S004,B010,29,6,30
S004,S002,29,24,30
S004,S005,29,12,30
S004,K004,29,6,30
S004,K005,29,6,30
S004,R008,29,24,30
S004,Y006,29,6,30
S004,B001V3,29,24,30
S004,B002V3,29,24,30
S004,B003V1,29,24,30
S004,B003V3,29,24,30
S004,B006V2,29,24,30
S004,B007V1,29,24,30
S004,B009V3,29,6,30
S004,S001V2,29,24,30
S004,S002V1,29,24,30
S004,S002V2,29,24,30
S004,S005V1,29,12,30
S004,S008V2,29,6,30
S004,K001V1,29,12,30
S004,K005V1,29,6,30
S004,K006V3,29,24,30
S004,K009V2,29,6,30
S004,K010V1,29,6,30
S004,K010V3,29,6,30
S004,R001V1,29,12,30
S004,R002V2,29,6,30
S004,R003V2,29,24,30
S004,R003V3,29,24,30
S004,R007V2,29,6,30
S004,R008V1,29,24,30
S004,R009V3,29,12,30
S004,Y001V1,29,24,30
S004,Y002V2,29,24,30
S004,B002,30,24,31
S004,B003,30,24,31
S004,S007,30,12,31
S004,K001,30,12,31
S004,K004,30,6,31
S004,K005,30,6,31
S004,K007,30,12,31
S004,R001,30,12,31
S004,R008,30,24,31
S004,Y005,30,12,31
S004,B001V3,30,24,31
S004,B003V1,30,24,31
S004,B003V3,30,24,31
S004,B004V1,30,12,31
S004,B006V1,30,24,31
S004,B008V1,30,24,31
S004,B009V3,30,6,31
S004,S004V1,30,12,31
S004,S004V2,30,12,31
S004,S005V3,30,12,31
S004,S006V2,30,6,31
S004,S006V3,30,6,31
S004,S007V1,30,12,31
S004,S007V2,30,12,31
S004,K001V1,30,12,31
S004,K002V1,30,24,31
S004,K006V1,30,24,31
S004,K007V3,30,12,31
S004,K009V2,30,6,31
S004,K010V1,30,6,31
S004,R002V1,30,6,31
S004,R002V3,30,6,31
S004,R003V3,30,24,31
S004,R008V1,30,24,31
S004,R009V3,30,12,31
S004,Y002V2,30,24,31
S004,Y002V3,30,24,31
S004,B001,31,24,32
S004,B003,31,24,32
S004,B006,31,24,32
S004,B009,31,6,32
S004,S002,31,24,32
S004,S004,31,12,32
S004,K005,31,6,32
S004,K006,31,24,32
S004,R003,31,24,32
S004,Y002,31,24,32
S004,B003V2,31,24,32
S004,B004V1,31,12,32
S004,B006V2,31,24,32
S004,B008V1,31,24,32
S004,B008V3,31,24,32
S004,B009V1,31,6,32
S004,B009V3,31,6,32
S004,S001V1,31,24,32
S004,S001V2,31,24,32
S004,S001V3,31,24,32
S004,S002V1,31,24,32
S004,S003V2,31,24,32
S004,K001V1,31,12,32
S004,K005V1,31,6,32
S004,K009V2,31,6,32
S004,K010V1,31,6,32
S004,R002V2,31,6,32
S004,R003V2,31,24,32
S004,R006V3,31,6,32
S004,R009V3,31,12,32
S004,B002,32,24,33
S004,B003,32,24,33
S004,S005,32,12,33
S004,S007,32,12,33
S004,S009,32,6,33
S004,S010,32,6,33
S004,K004,32,6,33
S004,R003,32,24,33
S004,R008,32,24,33
S004,A008,32,12,33
S004,B002V1,32,24,33
S004,B003V2,32,24,33
S004,B004V1,32,12,33
S004,B004V2,32,12,33
S004,B006V1,32,24,33
S004,B006V2,32,24,33
S004,B009V1,32,6,33
S004,B009V3,32,6,33
S004,S001V2,32,24,33
S004,S001V3,32,24,33
S004,S004V1,32,12,33
S004,S004V2,32,12,33
S004,S005V1,32,12,33
S004,S006V2,32,6,33
S004,S008V1,32,6,33
S004,S008V2,32,6,33
S004,S009V1,32,6,33
S004,S010V3,32,6,33
S004,K001V1,32,12,33
S004,K009V2,32,6,33
S004,K010V1,32,6,33
S004,R001V1,32,12,33
S004,R006V3,32,6,33
S004,R008V1,32,24,33
S004,B002,33,24,34
S004,B003,33,24,34
S004,B009,33,6,34
S004,S007,33,12,34
S004,S010,33,6,34
S004,K001,33,12,34
S004,K004,33,6,34
S004,K005,33,6,34
S004,K006,33,24,34
S004,K007,33,12,34
S004,R001,33,12,34
S004,R003,33,24,34
S004,R008,33,24,34
S004,R010,33,24,34
S004,B003V1,33,24,34
S004,B004V1,33,12,34
S004,B007V1,33,24,34
S004,B009V3,33,6,34
S004,S001V1,33,24,34
S004,S002V2,33,24,34
S004,S003V2,33,24,34
S004,S003V3,33,24,34
S004,S005V1,33,12,34
S004,S007V2,33,12,34
S004,S009V1,33,6,34
S004,K001V1,33,12,34
S004,K002V1,33,24,34
S004,K003V3,33,6,34
S004,K005V3,33,6,34
S004,K006V3,33,24,34
S004,K007V3,33,12,34
S004,K009V2,33,6,34
S004,K010V1,33,6,34
S004,R001V1,33,12,34
S004,R002V1,33,6,34
S004,R003V2,33,24,34
S004,R003V3,33,24,34
S004,R005V3,33,12,34
S004,R006V3,33,6,34
S004,R007V1,33,6,34
S004,R008V3,33,24,34
S004,Y001V1,33,24,34
S004,B002,34,24,35
S004,B004,34,12,35
S004,B006,34,24,35
S004,S002,34,24,35
S004,S005,34,12,35
S004,K004,34,6,35
S004,K005,34,6,35
S004,K007,34,12,35
S004,K010,34,6,35
S004,R003,34,24,35
S004,R008,34,24,35
S004,R010,34,24,35
S004,Y001,34,24,35
S004,Y006,34,6,35
S004,A006,34,6,35
S004,B003V1,34,24,35
S004,B003V2,34,24,35
S004,B004V1,34,12,35
S004,B004V2,34,12,35
S004,B008V1,34,24,35
S004,B009V1,34,6,35
S004,B009V3,34,6,35
S004,S001V2,34,24,35
S004,S001V3,34,24,35
S004,S002V1,34,24,35
S004,S004V1,34,12,35
S004,S005V1,34,12,35
S004,S007V2,34,12,35
S004,S010V3,34,6,35
S004,K001V1,34,12,35
S004,K003V3,34,6,35
S004,K005V3,34,6,35
S004,K006V3,34,24,35
S004,K009V2,34,6,35
S004,K010V1,34,6,35
S004,R001V1,34,12,35
S004,R002V1,34,6,35
S004,R002V2,34,6,35
S004,R003V2,34,24,35
S004,R005V3,34,12,35
S004,R008V3,34,24,35
S004,Y002V2,34,24,35
S004,B002,35,24,36
S004,S004,35,12,36
S004,S010,35,6,36
S004,K002,35,24,36
S004,K010,35,6,36
S004,R001,35,12,36
S004,R008,35,24,36
S004,R010,35,24,36
S004,Y001,35,24,36
S004,Y004,35,6,36
S004,A001,35,6,36
S004,A002,35,24,36
S004,B001V3,35,24,36
S004,B004V2,35,12,36
S004,B008V1,35,24,36
S004,B008V3,35,24,36
S004,B009V1,35,6,36
S004,B009V2,35,6,36
S004,B009V3,35,6,36
S004,S001V2,35,24,36
S004,S002V1,35,24,36
S004,S003V2,35,24,36
S004,S004V1,35,12,36
S004,S004V3,35,12,36
S004,S005V1,35,12,36
S004,S006V2,35,6,36
S004,S007V3,35,12,36
S004,K001V1,35,12,36
S004,K003V3,35,6,36
S004,K004V1,35,6,36
S004,K006V3,35,24,36
S004,K007V3,35,12,36
S004,K009V2,35,6,36
S004,K010V1,35,6,36
S004,R001V1,35,12,36
S004,R002V1,35,6,36
S004,R002V2,35,6,36
S004,R002V3,35,6,36
S004,R003V3,35,24,36
S004,R006V3,35,6,36
S004,R007V3,35,6,36
S004,R008V3,35,24,36
S004,R009V2,35,12,36
S004,R009V3,35,12,36
S004,S009,36,6,37
S004,K001,36,12,37
S004,K004,36,6,37
S004,K005,36,6,37
S004,K007,36,12,37
S004,R001,36,12,37
S004,R010,36,24,37
S004,B001V3,36,24,37
S004,B002V3,36,24,37
S004,B003V3,36,24,37
S004,B006V1,36,24,37
S004,B008V1,36,24,37
S004,B009V1,36,6,37
S004,B009V2,36,6,37
S004,B009V3,36,6,37
S004,S001V2,36,24,37
S004,S004V1,36,12,37
S004,S004V3,36,12,37
S004,S005V1,36,12,37
S004,S005V3,36,12,37
S004,S006V3,36,6,37
S004,K002V1,36,24,37
S004,K006V2,36,24,37
S004,K009V2,36,6,37
S004,K010V1,36,6,37
S004,R001V3,36,12,37
S004,R002V2,36,6,37
S004,R002V3,36,6,37
S004,R003V2,36,24,37
S004,R003V3,36,24,37
S004,R005V1,36,12,37
S004,R006V3,36,6,37
S004,R007V1,36,6,37
S004,R008V2,36,24,37
S004,Y002V3,36,24,37
S004,B002,37,24,38
S004,B003,37,24,38
S004,B004,37,12,38
S004,S004,37,12,38
S004,K005,37,6,38
S004,K007,37,12,38
S004,K010,37,6,38
S004,R008,37,24,38
S004,Y004,37,6,38
S004,Y006,37,6,38
S004,A002,37,24,38
S004,B002V3,37,24,38
S004,B004V1,37,12,38
S004,B006V1,37,24,38
S004,B006V2,37,24,38
S004,B007V1,37,24,38
S004,B009V3,37,6,38
S004,S003V2,37,24,38
S004,S004V1,37,12,38
S004,S007V2,37,12,38
S004,S010V3,37,6,38
S004,K001V1,37,12,38
S004,K002V1,37,24,38
S004,K003V2,37,6,38
S004,K005V1,37,6,38
S004,K006V1,37,24,38
S004,K006V3,37,24,38
S004,K010V1,37,6,38
S004,R001V1,37,12,38
S004,R003V3,37,24,38
S004,R004V3,37,12,38
S004,R008V2,37,24,38
S004,R008V3,37,24,38
S004,Y001V1,37,24,38
S004,Y002V3,37,24,38
S004,B002,38,24,39
S004,B004,38,12,39
S004,S010,38,6,39
S004,K001,38,12,39
S004,K004,38,6,39
S004,K005,38,6,39
S004,K006,38,24,39
S004,K010,38,6,39
S004,R008,38,24,39
S004,Y001,38,24,39
S004,Y006,38,6,39
S004,B001V3,38,24,39
S004,B004V1,38,12,39
S004,B006V1,38,24,39
S004,B007V1,38,24,39
S004,B009V1,38,6,39
S004,B009V2,38,6,39
S004,B009V3,38,6,39
S004,S001V1,38,24,39
S004,S001V3,38,24,39
S004,S004V2,38,12,39
S004,S005V1,38,12,39
S004,S006V2,38,6,39
S004,S007V3,38,12,39
S004,S008V1,38,6,39
S004,K001V1,38,12,39
S004,K004V1,38,6,39
S004,K009V2,38,6,39
S004,R001V1,38,12,39
S004,R002V1,38,6,39
S004,R004V3,38,12,39
S004,R005V1,38,12,39
S004,R009V3,38,12,39
S004,Y002V2,38,24,39
S004,Y002V3,38,24,39
S004,B004,39,12,40
S004,B009,39,6,40
S004,S007,39,12,40
S004,K004,39,6,40
S004,K005,39,6,40
S004,R001,39,12,40
S004,A001,39,6,40
S004,A002,39,24,40
S004,B001V3,39,24,40
S004,B004V2,39,12,40
S004,B006V1,39,24,40
S004,B006V2,39,24,40
S004,B008V1,39,24,40
S004,B009V3,39,6,40
S004,S003V2,39,24,40
S004,S005V1,39,12,40
S004,S005V2,39,12,40
S004,S005V3,39,12,40
S004,S006V2,39,6,40
S004,S006V3,39,6,40
S004,S009V1,39,6,40
S004,S009V2,39,6,40
S004,K001V1,39,12,40
S004,K002V1,39,24,40
S004,K004V1,39,6,40
S004,K005V1,39,6,40
S004,K009V2,39,6,40
S004,K009V3,39,6,40
S004,R001V1,39,12,40
S004,R002V2,39,6,40
S004,R003V3,39,24,40
S004,R005V1,39,12,40
S004,R006V3,39,6,40
S004,R010V3,39,24,40
S004,B004,40,12,41
S004,S002,40,24,41
S004,S009,40,6,41
S004,S010,40,6,41
S004,K001,40,12,41
S004,K004,40,6,41
S004,K005,40,6,41
S004,R006,40,6,41
S004,R010,40,24,41
S004,B001V2,40,24,41
S004,B001V3,40,24,41
S004,B002V3,40,24,41
S004,B004V1,40,12,41
S004,B009V1,40,6,41
S004,S001V2,40,24,41
S004,S002V2,40,24,41
S004,S003V1,40,24,41
S004,S003V2,40,24,41
S004,S004V3,40,12,41
S004,S005V1,40,12,41
S004,S007V3,40,12,41
S004,S010V3,40,6,41
S004,K001V1,40,12,41
S004,K003V2,40,6,41
S004,K009V2,40,6,41
S004,K010V3,40,6,41
S004,R002V1,40,6,41
S004,R002V2,40,6,41
S004,Y001V1,40,24,41
S004,B002,41,24,42
S004,B004,41,12,42
S004,B006,41,24,42
S004,B010,41,6,42
S004,S007,41,12,42
S004,K001,41,12,42
S004,K004,41,6,42
S004,K005,41,6,42
S004,K006,41,24,42
S004,K007,41,12,42
S004,R001,41,12,42
S004,Y001,41,24,42
S004,A007,41,6,42
S004,B001V2,41,24,42
S004,B004V1,41,12,42
S004,B004V2,41,12,42
S004,B006V1,41,24,42
S004,B009V3,41,6,42
S004,S002V2,41,24,42
S004,S003V1,41,24,42
S004,S003V2,41,24,42
S004,S004V1,41,12,42
S004,S004V2,41,12,42
S004,S005V1,41,12,42
S004,S005V2,41,12,42
S004,S005V3,41,12,42
S004,S006V2,41,6,42
S004,S006V3,41,6,42
S004,S010V3,41,6,42
S004,K001V1,41,12,42
S004,K003V2,41,6,42
S004,K005V1,41,6,42
S004,K005V3,41,6,42
S004,K006V2,41,24,42
S004,K009V2,41,6,42
S004,K010V1,41,6,42
S004,R001V1,41,12,42
S004,R002V1,41,6,42
S004,R003V2,41,24,42
S004,R003V3,41,24,42
S004,R006V3,41,6,42
S004,R007V1,41,6,42
S004,R009V3,41,12,42
S004,Y001V1,41,24,42
S004,B002,42,24,43
S004,B004,42,12,43
S004,B009,42,6,43
S004,S005,42,12,43
S004,S007,42,12,43
S004,S009,42,6,43
S004,S010,42,6,43
S004,K002,42,24,43
S004,K006,42,24,43
S004,R003,42,24,43
S004,Y002,42,24,43
S004,Y004,42,6,43
S004,A004,42,6,43
S004,B001V2,42,24,43
S004,B001V3,42,24,43
S004,B002V3,42,24,43
S004,B004V3,42,12,43
S004,B007V3,42,24,43
S004,B009V1,42,6,43
S004,B009V3,42,6,43
S004,S001V3,42,24,43
S004,S002V1,42,24,43
S004,S002V2,42,24,43
S004,S003V1,42,24,43
S004,S005V1,42,12,43
S004,S005V2,42,12,43
S004,S008V1,42,6,43
S004,K001V1,42,12,43
S004,K002V1,42,24,43
S004,K003V2,42,6,43
S004,K003V3,42,6,43
S004,K005V1,42,6,43
S004,K005V3,42,6,43
S004,K006V3,42,24,43
S004,K007V3,42,12,43
S004,K010V1,42,6,43
S004,R001V1,42,12,43
S004,R003V2,42,24,43
S004,R005V3,42,12,43
S004,R006V3,42,6,43
S004,R008V1,42,24,43
S004,Y002V2,42,24,43
S004,Y002V3,42,24,43
S004,B004,43,12,44
S004,B006,43,24,44
S004,B009,43,6,44
S004,S004,43,12,44
S004,S009,43,6,44
S004,K004,43,6,44
S004,K005,43,6,44
S004,K006,43,24,44
S004,K007,43,12,44
S004,B001V2,43,24,44
S004,B005V3,43,12,44
S004,B006V1,43,24,44
S004,B007V1,43,24,44
S004,B009V1,43,6,44
S004,B009V2,43,6,44
S004,S001V1,43,24,44
S004,S003V1,43,24,44
S004,S003V2,43,24,44
S004,S004V3,43,12,44
S004,S005V1,43,12,44
S004,S006V2,43,6,44
S004,S007V3,43,12,44
S004,S008V2,43,6,44
S004,S008V3,43,6,44
S004,S010V3,43,6,44
S004,K002V1,43,24,44
S004,K007V3,43,12,44
S004,K010V1,43,6,44
S004,R001V1,43,12,44
S004,R003V2,43,24,44
S004,R004V3,43,12,44
S004,R009V3,43,12,44
S004,Y002V3,43,24,44
S004,S002,44,24,45
S004,K001,44,12,45
S004,K002,44,24,45
S004,K004,44,6,45
S004,K005,44,6,45
S004,R001,44,12,45
S004,R006,44,6,45
S004,R010,44,24,45
S004,B001V2,44,24,45
S004,B004V1,44,12,45
S004,B004V2,44,12,45
S004,B005V2,44,12,45
S004,B006V2,44,24,45
S004,B009V3,44,6,45
S004,B010V3,44,6,45
S004,S003V1,44,24,45
S004,S003V3,44,24,45
S004,S004V1,44,12,45
S004,S004V2,44,12,45
S004,S004V3,44,12,45
S004,S005V1,44,12,45
S004,S005V3,44,12,45
S004,S006V3,44,6,45
S004,S008V2,44,6,45
S004,S008V3,44,6,45
S004,S009V1,44,6,45
S004,K003V2,44,6,45
S004,K003V3,44,6,45
S004,K005V3,44,6,45
S004,K006V1,44,24,45
S004,K009V2,44,6,45
S004,K010V1,44,6,45
S004,R001V1,44,12,45
S004,R002V1,44,6,45
S004,R002V2,44,6,45
S004,R005V3,44,12,45
S004,R006V3,44,6,45
S004,R008V1,44,24,45
S004,R009V3,44,12,45
S004,B004,45,12,46
S004,B006,45,24,46
S004,B009,45,6,46
S004,B010,45,6,46
S004,S004,45,12,46
S004,K002,45,24,46
S004,K004,45,6,46
S004,K008,45,6,46
S004,R001,45,12,46
S004,R005,45,12,46
S004,Y004,45,6,46
S004,A001,45,6,46
S004,B001V2,45,24,46
S004,B001V3,45,24,46
S004,B003V2,45,24,46
S004,B006V2,45,24,46
S004,B008V1,45,24,46
S004,B009V1,45,6,46
S004,B009V3,45,6,46
S004,B010V3,45,6,46
S004,S001V1,45,24,46
S004,S001V3,45,24,46
S004,S005V1,45,12,46
S004,S007V3,45,12,46
S004,S008V2,45,6,46
S004,S010V3,45,6,46
S004,K001V1,45,12,46
S004,K005V3,45,6,46
S004,K006V3,45,24,46
S004,K007V3,45,12,46
S004,K009V2,45,6,46
S004,R001V1,45,12,46
S004,R005V1,45,12,46
S004,Y002V3,45,24,46
S004,B004,46,12,47
S004,B006,46,24,47
S004,B010,46,6,47
S004,S005,46,12,47
S004,S010,46,6,47
S004,K005,46,6,47
S004,K006,46,24,47
S004,R001,46,12,47
S004,R002,46,6,47
S004,A007,46,6,47
S004,B001V2,46,24,47
S004,B004V1,46,12,47
S004,B005V2,46,12,47
S004,B006V2,46,24,47
S004,B008V1,46,24,47
S004,B008V3,46,24,47
S004,B009V2,46,6,47
S004,B009V3,46,6,47
S004,B010V3,46,6,47
S004,S003V1,46,24,47
S004,S004V1,46,12,47
S004,S004V3,46,12,47
S004,S005V1,46,12,47
S004,S007V1,46,12,47
S004,S007V3,46,12,47
S004,S008V1,46,6,47
S004,S008V3,46,6,47
S004,S009V1,46,6,47
S004,S010V3,46,6,47
S004,K001V1,46,12,47
S004,K001V3,46,12,47
S004,K002V1,46,24,47
S004,K002V2,46,24,47
S004,K003V3,46,6,47
S004,K009V2,46,6,47
S004,K010V1,46,6,47
S004,R001V1,46,12,47
S004,R003V3,46,24,47
S004,R008V1,46,24,47
S004,R009V3,46,12,47
S004,R010V3,46,24,47
S004,Y001V1,46,24,47
S004,Y002V2,46,24,47
S004,B001,47,24,48
S004,B004,47,12,48
S004,B006,47,24,48
S004,S002,47,24,48
S004,S004,47,12,48
S004,S005,47,12,48
S004,S009,47,6,48
S004,K002,47,24,48
S004,K004,47,6,48
S004,K006,47,24,48
S004,K007,47,12,48
S004,R001,47,12,48
S004,R007,47,6,48
S004,R008,47,24,48
S004,B001V2,47,24,48
S004,B005V2,47,12,48
S004,B006V1,47,24,48
S004,B009V2,47,6,48
S004,B009V3,47,6,48
S004,S001V3,47,24,48
S004,S002V2,47,24,48
S004,S006V2,47,6,48
S004,S007V2,47,12,48
S004,S008V2,47,6,48
S004,S010V3,47,6,48
S004,K001V1,47,12,48
S004,K002V3,47,24,48
S004,K003V3,47,6,48
S004,K005V1,47,6,48
S004,K005V3,47,6,48
S004,K008V2,47,6,48
S004,K009V2,47,6,48
S004,K010V1,47,6,48
S004,R001V1,47,12,48
S004,R002V1,47,6,48
S004,R004V3,47,12,48
S004,R008V3,47,24,48
S004,B003,48,24,49
S004,B004,48,12,49
S004,S002,48,24,49
S004,S009,48,6,49
S004,K001,48,12,49
S004,K002,48,24,49
S004,K005,48,6,49
S004,Y001,48,24,49
S004,Y004,48,6,49
S004,A002,48,24,49
S004,A003,48,24,49
S004,B001V2,48,24,49
S004,B006V2,48,24,49
S004,B008V1,48,24,49
S004,B009V2,48,6,49
S004,B009V3,48,6,49
S004,B010V3,48,6,49
S004,S001V1,48,24,49
S004,S004V1,48,12,49
S004,S005V1,48,12,49
S004,S005V2,48,12,49
S004,S006V2,48,6,49
S004,S006V3,48,6,49
S004,S008V1,48,6,49
S004,S008V3,48,6,49
S004,K005V3,48,6,49
S004,K007V3,48,12,49
S004,K009V2,48,6,49
S004,R001V1,48,12,49
S004,R002V2,48,6,49
S004,R005V1,48,12,49
S004,R006V3,48,6,49
S004,Y002V2,48,24,49
S004,Y002V3,48,24,49
S004,B003,49,24,50
S004,B004,49,12,50
S004,B006,49,24,50
S004,S005,49,12,50
S004,K004,49,6,50
S004,K005,49,6,50
S004,K007,49,12,50
S004,R001,49,12,50
S004,Y006,49,6,50
S004,B004V1,49,12,50
S004,B005V2,49,12,50
S004,B006V1,49,24,50
S004,B008V1,49,24,50
S004,B009V3,49,6,50
S004,S001V1,49,24,50
S004,S002V1,49,24,50
S004,S003V2,49,24,50
S004,S005V1,49,12,50
S004,S006V2,49,6,50
S004,S007V2,49,12,50
S004,S007V3,49,12,50
S004,S008V2,49,6,50
S004,S008V3,49,6,50
S004,S009V1,49,6,50
S004,K001V1,49,12,50
S004,K001V2,49,12,50
S004,K002V1,49,24,50
S004,K002V3,49,24,50
S004,K003V3,49,6,50
S004,K005V3,49,6,50
S004,K007V2,49,12,50
S004,K008V2,49,6,50
S004,K009V2,49,6,50
S004,K010V1,49,6,50
S004,R001V1,49,12,50
S004,R001V3,49,12,50
S004,R006V3,49,6,50
S004,R009V3,49,12,50
S004,Y001V2,49,24,50
S004,Y002V3,49,24,50
S004,B001,50,24,51
S004,B006,50,24,51
S004,S007,50,12,51
S004,S009,50,6,51
S004,K002,50,24,51
S004,K004,50,6,51
S004,K005,50,6,51
S004,R003,50,24,51
S004,R005,50,12,51
S004,B004V1,50,12,51
S004,B005V2,50,12,51
S004,B006V2,50,24,51
S004,B008V1,50,24,51
S004,B009V2,50,6,51
S004,B009V3,50,6,51
S004,S001V1,50,24,51
S004,S001V3,50,24,51
S004,S003V1,50,24,51
S004,S004V2,50,12,51
S004,S004V3,50,12,51
S004,S005V1,50,12,51
S004,S005V2,50,12,51
S004,S005V3,50,12,51
S004,S007V2,50,12,51
S004,S007V3,50,12,51
S004,S008V2,50,6,51
S004,S010V3,50,6,51
S004,K001V1,50,12,51
S004,K003V2,50,6,51
S004,K005V1,50,6,51
S004,K007V3,50,12,51
S004,K009V2,50,6,51
S004,K010V3,50,6,51
S004,R001V1,50,12,51
S004,R002V1,50,6,51
S004,R002V2,50,6,51
S004,R004V3,50,12,51
S004,R007V3,50,6,51
S004,R008V1,50,24,51
S004,Y001V1,50,24,51
S004,Y002V2,50,24,51
S004,Y002V3,50,24,51
S004,B004,51,12,52
S004,B006,51,24,52
S004,S007,51,12,52
S004,S010,51,6,52
S004,K002,51,24,52
S004,R006,51,6,52
S004,R008,51,24,52
S004,Y001,51,24,52
S004,A002,51,24,52
S004,B002V3,51,24,52
S004,B006V2,51,24,52
S004,B007V1,51,24,52
S004,B008V1,51,24,52
S004,B009V2,51,6,52
S004,B009V3,51,6,52
S004,S001V2,51,24,52
S004,S003V1,51,24,52
S004,S004V1,51,12,52
S004,S005V1,51,12,52
S004,S008V2,51,6,52
S004,S010V3,51,6,52
S004,K001V1,51,12,52
S004,K003V3,51,6,52
S004,K006V1,51,24,52
S004,K006V3,51,24,52
S004,K009V1,51,6,52
S004,K010V1,51,6,52
S004,R001V1,51,12,52
S004,R002V1,51,6,52
S004,R002V3,51,6,52
S004,R003V2,51,24,52
S004,R006V3,51,6,52
S004,R007V1,51,6,52
S004,R009V3,51,12,52
S004,Y002V3,51,24,52
S005,B002,1,24,2
S005,B005,1,12,2
S005,B007,1,24,2
S005,B009,1,6,2
S005,S001,1,24,2
S005,S005,1,12,2
S005,K002,1,24,2
S005,K003,1,6,2
S005,K005,1,60,2
S005,R002,1,6,2
S005,R008,1,24,2
S005,Y003,1,6,2
S005,A002,1,24,2
S005,B001V2,1,24,2
S005,B003V1,1,24,2
S005,B004V2,1,12,2
S005,B005V1,1,12,2
S005,B005V2,1,12,2
S005,B005V3,1,12,2
S005,B006V2,1,24,2
S005,B009V3,1,60,2
S005,B010V3,1,6,2
S005,S002V1,1,24,2
S005,S002V2,1,24,2
S005,S002V3,1,24,2
S005,S004V1,1,12,2
S005,S005V1,1,24,2
S005,S005V2,1,12,2
S005,S006V1,1,6,2
S005,S006V3,1,6,2
S005,S008V2,1,6,2
S005,S008V3,1,6,2
S005,S009V2,1,12,2
S005,S009V3,1,6,2
S005,S010V1,1,6,2
S005,K002V1,1,24,2
S005,K002V3,1,24,2
S005,K004V2,1,6,2
S005,K006V1,1,24,2
S005,K008V3,1,6,2
S005,K010V1,1,12,2
S005,R001V1,1,24,2
S005,R002V1,1,6,2
S005,R002V2,1,6,2
S005,R004V2,1,12,2
S005,R004V3,1,12,2
S005,R006V3,1,6,2
S005,R007V1,1,6,2
S005,Y001V2,1,24,2
S005,Y002V3,1,24,2
S005,B002,2,24,3
S005,S001,2,24,3
S005,S009,2,6,3
S005,K003,2,6,3
S005,K005,2,78,3
S005,K006,2,24,3
S005,K010,2,6,3
S005,R002,2,6,3
S005,R007,2,6,3
S005,R008,2,24,3
S005,R009,2,12,3
S005,Y001,2,24,3
S005,Y004,2,6,3
S005,B002V3,2,24,3
S005,B003V1,2,24,3
S005,B005V2,2,12,3
S005,B006V2,2,24,3
S005,B007V2,2,24,3
S005,B009V3,2,60,3
S005,S001V2,2,24,3
S005,S002V3,2,24,3
S005,S004V1,2,12,3
S005,S005V1,2,36,3
S005,S005V2,2,12,3
S005,S006V1,2,6,3
S005,S006V3,2,6,3
S005,S009V2,2,6,3
S005,S009V3,2,6,3
S005,S010V1,2,6,3
S005,K002V3,2,24,3
S005,K003V1,2,6,3
S005,K004V1,2,6,3
S005,K006V2,2,24,3
S005,K010V1,2,12,3
S005,R001V1,2,24,3
S005,R002V1,2,6,3
S005,R003V1,2,24,3
S005,R003V2,2,24,3
S005,R003V3,2,24,3
S005,R004V1,2,12,3
S005,R005V3,2,12,3
S005,R007V1,2,6,3
S005,R008V2,2,24,3
S005,R010V3,2,24,3
S005,Y002V2,2,24,3
S005,Y002V3,2,24,3
S005,B002,3,24,4
S005,B003,3,24,4
S005,K005,3,84,4
S005,K010,3,6,4
S005,R006,3,6,4
S005,R009,3,12,4
S005,Y004,3,6,4
S005,Y006,3,6,4
S005,A007,3,6,4
S005,B001V2,3,24,4
S005,B004V1,3,12,4
S005,B005V1,3,12,4
S005,B005V3,3,12,4
S005,B006V2,3,24,4
S005,B007V2,3,24,4
S005,B009V3,3,30,4
S005,S001V1,3,24,4
S005,S002V1,3,24,4
S005,S004V1,3,12,4
S005,S005V1,3,24,4
S005,S005V2,3,12,4
S005,S006V1,3,6,4
S005,S007V1,3,12,4
S005,S008V2,3,6,4
S005,S009V1,3,6,4
S005,S009V2,3,6,4
S005,S010V1,3,6,4
S005,K002V3,3,24,4
S005,K004V2,3,6,4
S005,K007V2,3,12,4
S005,K010V1,3,12,4
S005,R001V1,3,24,4
S005,R002V2,3,6,4
S005,R003V1,3,24,4
S005,R003V3,3,24,4
S005,R004V1,3,12,4
S005,Y002V2,3,24,4
S005,B002,4,24,5
S005,B005,4,12,5
S005,B009,4,6,5
S005,B010,4,6,5
S005,S001,4,24,5
S005,S005,4,12,5
S005,K002,4,24,5
S005,K003,4,6,5
S005,K005,4,6,5
S005,K010,4,6,5
S005,R001,4,12,5
S005,R005,4,12,5
S005,Y004,4,6,5
S005,A001,4,6,5
S005,A002,4,24,5
S005,B001V2,4,48,5
S005,B004V2,4,12,5
S005,B006V2,4,24,5
S005,B007V2,4,24,5
S005,B009V3,4,48,5
S005,S002V1,4,24,5
S005,S002V2,4,24,5
S005,S002V3,4,24,5
S005,S004V2,4,12,5
S005,S005V1,4,12,5
S005,S005V2,4,12,5
S005,S006V3,4,6,5
S005,S008V2,4,6,5
S005,S009V2,4,12,5
S005,S009V3,4,6,5
S005,K004V1,4,6,5
S005,K010V1,4,18,5
S005,R001V1,4,12,5
S005,R002V2,4,6,5
S005,R003V3,4,24,5
S005,R004V1,4,12,5
S005,R005V1,4,12,5
S005,R006V3,4,6,5
S005,R007V3,4,6,5
S005,R009V3,4,12,5
S005,Y001V2,4,24,5
S005,Y002V1,4,24,5
S005,Y002V2,4,24,5
S005,B001,5,24,6
S005,B009,5,6,6
S005,K002,5,24,6
S005,K005,5,6,6
S005,K010,5,6,6
S005,R002,5,6,6
S005,R003,5,24,6
S005,R008,5,24,6
S005,Y004,5,6,6
S005,A006,5,6,6
S005,B005V1,5,12,6
S005,B009V3,5,42,6
S005,B010V3,5,6,6
S005,S002V1,5,24,6
S005,S002V2,5,24,6
S005,S005V1,5,12,6
S005,S006V1,5,6,6
S005,S009V2,5,6,6
S005,K004V1,5,6,6
S005,K010V1,5,12,6
S005,R001V1,5,12,6
S005,R001V3,5,12,6
S005,R002V2,5,6,6
S005,R004V3,5,12,6
S005,R009V3,5,12,6
S005,Y001V1,5,24,6
S005,Y002V2,5,24,6
S005,Y002V3,5,24,6
S005,B003,6,24,7
S005,B005,6,12,7
S005,B009,6,6,7
S005,S005,6,12,7
S005,K002,6,24,7
S005,K003,6,6,7
S005,K005,6,6,7
S005,K006,6,24,7
S005,R002,6,6,7
S005,R003,6,24,7
S005,R006,6,6,7
S005,R008,6,24,7
S005,R009,6,12,7
S005,Y001,6,24,7
S005,Y002,6,24,7
S005,A001,6,6,7
S005,B001V2,6,24,7
S005,B003V3,6,24,7
S005,B005V1,6,12,7
S005,B005V3,6,12,7
S005,B006V2,6,24,7
S005,B009V3,6,24,7
S005,S002V2,6,24,7
S005,S005V1,6,12,7
S005,S005V2,6,12,7
S005,S006V3,6,6,7
S005,S008V1,6,6,7
S005,S008V2,6,6,7
S005,S009V2,6,6,7
S005,S009V3,6,6,7
S005,S010V1,6,6,7
S005,K004V2,6,6,7
S005,K010V1,6,12,7
S005,R002V1,6,6,7
S005,R004V1,6,12,7
S005,R004V3,6,12,7
S005,R006V3,6,6,7
S005,B003,7,24,8
S005,S001,7,24,8
S005,S005,7,12,8
S005,K003,7,6,8
S005,K010,7,6,8
S005,Y001,7,24,8
S005,B001V2,7,24,8
S005,B002V1,7,24,8
S005,B003V1,7,24,8
S005,B003V3,7,24,8
S005,B006V2,7,24,8
S005,B009V2,7,6,8
S005,B009V3,7,6,8
S005,B010V3,7,6,8
S005,S002V1,7,24,8
S005,S005V1,7,12,8
S005,S006V1,7,6,8
S005,S009V2,7,6,8
S005,S009V3,7,6,8
S005,S010V1,7,6,8
S005,K002V3,7,24,8
S005,K010V1,7,12,8
S005,R001V1,7,12,8
S005,R002V2,7,6,8
S005,R008V2,7,24,8
S005,R009V3,7,12,8
S005,R010V3,7,24,8
S005,Y001V1,7,24,8
S005,Y002V2,7,24,8
S005,Y002V3,7,24,8
S005,B002,8,24,9
S005,B009,8,6,9
S005,B010,8,6,9
S005,S001,8,24,9
S005,K005,8,6,9
S005,R003,8,24,9
S005,R008,8,24,9
S005,R009,8,12,9
S005,Y003,8,6,9
S005,B002V1,8,24,9
S005,B003V3,8,24,9
S005,B004V1,8,12,9
S005,B005V3,8,12,9
S005,B008V1,8,24,9
S005,B010V3,8,6,9
S005,S001V1,8,24,9
S005,S005V1,8,12,9
S005,S006V1,8,6,9
S005,S006V3,8,6,9
S005,S009V2,8,6,9
S005,K002V2,8,24,9
S005,K004V2,8,6,9
S005,K005V1,8,6,9
S005,K010V1,8,6,9
S005,R001V1,8,12,9
S005,R002V1,8,6,9
S005,R002V2,8,6,9
S005,R003V3,8,24,9
S005,R007V3,8,6,9
S005,R009V3,8,12,9
S005,Y001V1,8,24,9
S005,B002,9,24,10
S005,B009,9,6,10
S005,S001,9,24,10
S005,K006,9,24,10
S005,K010,9,6,10
S005,R001,9,12,10
S005,R009,9,12,10
S005,Y006,9,6,10
S005,A005,9,6,10
S005,B002V1,9,24,10
S005,B003V1,9,24,10
S005,B004V2,9,12,10
S005,B005V3,9,12,10
S005,B006V2,9,24,10
S005,B008V1,9,24,10
S005,B008V2,9,24,10
S005,B009V3,9,6,10
S005,S002V1,9,24,10
S005,S005V1,9,12,10
S005,S006V3,9,6,10
S005,S009V2,9,6,10
S005,K005V1,9,6,10
S005,K010V1,9,6,10
S005,K010V3,9,6,10
S005,R001V1,9,12,10
S005,R002V1,9,6,10
S005,R003V1,9,24,10
S005,R004V1,9,12,10
S005,R005V1,9,12,10
S005,R006V1,9,6,10
S005,Y002V3,9,24,10
S005,B009,10,6,11
S005,S003,10,24,11
S005,K002,10,24,11
S005,K005,10,6,11
S005,K006,10,24,11
S005,K010,10,6,11
S005,R001,10,12,11
S005,R009,10,12,11
S005,Y001,10,24,11
S005,A006,10,6,11
S005,B002V1,10,24,11
S005,B003V3,10,24,11
S005,B004V3,10,12,11
S005,B008V1,10,24,11
S005,B009V3,10,6,11
S005,B010V1,10,6,11
S005,B010V3,10,6,11
S005,S001V1,10,24,11
S005,S002V2,10,24,11
S005,S002V3,10,24,11
S005,S004V2,10,12,11
S005,S004V3,10,12,11
S005,S005V2,10,12,11
S005,S006V1,10,6,11
S005,K003V1,10,6,11
S005,K010V1,10,6,11
S005,R001V1,10,12,11
S005,R003V1,10,24,11
S005,R004V2,10,12,11
S005,R004V3,10,12,11
S005,R007V1,10,6,11
S005,R009V3,10,12,11
S005,B001,11,24,12
S005,B003,11,24,12
S005,B010,11,6,12
S005,S001,11,24,12
S005,S002,11,24,12
S005,S003,11,24,12
S005,S007,11,12,12
S005,K002,11,24,12
S005,K003,11,6,12
S005,K005,11,6,12
S005,R001,11,12,12
S005,R002,11,6,12
S005,R005,11,12,12
S005,R008,11,24,12
S005,R009,11,12,12
S005,Y004,11,6,12
S005,A002,11,24,12
S005,A007,11,6,12
S005,B002V1,11,24,12
S005,B002V3,11,24,12
S005,B003V3,11,24,12
S005,B004V2,11,12,12
S005,B006V1,11,24,12
S005,B007V2,11,24,12
S005,B008V2,11,24,12
S005,B009V3,11,6,12
S005,S002V2,11,24,12
S005,S002V3,11,24,12
S005,S004V3,11,12,12
S005,S005V1,11,12,12
S005,S005V2,11,12,12
S005,S006V1,11,6,12
S005,S008V3,11,6,12
S005,S009V2,11,6,12
S005,K002V3,11,24,12
S005,K003V1,11,6,12
S005,K004V2,11,6,12
S005,K010V1,11,6,12
S005,R001V1,11,12,12
S005,R002V1,11,6,12
S005,R003V2,11,24,12
S005,R003V3,11,24,12
S005,R004V1,11,12,12
S005,R005V3,11,12,12
S005,R010V2,11,24,12
S005,Y002V2,11,24,12
S005,B002,12,24,13
S005,B009,12,6,13
S005,B010,12,6,13
S005,S001,12,24,13
S005,S007,12,12,13
S005,K005,12,6,13
S005,R008,12,24,13
S005,Y001,12,24,13
S005,A003,12,24,13
S005,A006,12,6,13
S005,A007,12,6,13
S005,A008,12,12,13
S005,B001V2,12,24,13
S005,B001V3,12,24,13
S005,B002V1,12,24,13
S005,B003V1,12,24,13
S005,B004V1,12,12,13
S005,B005V2,12,12,13
S005,B008V2,12,24,13
S005,B009V3,12,6,13
S005,S002V3,12,24,13
S005,S004V1,12,12,13
S005,S004V2,12,12,13
S005,S005V1,12,12,13
S005,S006V1,12,6,13
S005,S008V2,12,6,13
S005,S008V3,12,6,13
S005,S009V3,12,6,13
S005,K010V1,12,6,13
S005,R001V1,12,12,13
S005,R002V1,12,6,13
S005,R009V3,12,12,13
S005,Y001V2,12,24,13
S005,Y002V2,12,24,13
S005,B003,13,24,14
S005,B009,13,6,14
S005,S003,13,24,14
S005,S005,13,12,14
S005,K005,13,6,14
S005,R005,13,12,14
S005,Y002,13,24,14
S005,Y004,13,6,14
S005,A001,13,6,14
S005,B002V1,13,24,14
S005,B002V3,13,24,14
S005,B003V3,13,24,14
S005,B004V3,13,12,14
S005,B005V1,13,12,14
S005,B006V1,13,24,14
S005,B008V1,13,24,14
S005,B009V3,13,6,14
S005,B010V3,13,6,14
S005,S002V2,13,24,14
S005,S004V1,13,12,14
S005,S004V2,13,12,14
S005,S005V1,13,12,14
S005,S006V3,13,6,14
S005,S010V1,13,6,14
S005,S010V2,13,6,14
S005,K004V2,13,6,14
S005,K007V2,13,12,14
S005,K010V1,13,6,14
S005,R001V1,13,12,14
S005,R002V1,13,6,14
S005,R003V1,13,24,14
S005,R003V3,13,24,14
S005,R004V3,13,12,14
S005,R006V1,13,6,14
S005,R006V3,13,6,14
S005,Y002V3,13,24,14
S005,B002,14,24,15
S005,B009,14,6,15
S005,B010,14,6,15
S005,S005,14,12,15
S005,K002,14,24,15
S005,K005,14,6,15
S005,K006,14,24,15
S005,R003,14,24,15
S005,R008,14,24,15
S005,Y001,14,24,15
S005,A006,14,6,15
S005,B003V1,14,24,15
S005,B003V3,14,24,15
S005,B004V1,14,12,15
S005,B004V2,14,12,15
S005,B005V1,14,12,15
S005,B006V1,14,24,15
S005,B007V3,14,24,15
S005,B008V1,14,24,15
S005,B009V3,14,6,15
S005,S002V3,14,24,15
S005,S004V1,14,12,15
S005,S005V1,14,12,15
S005,S009V3,14,6,15
S005,K001V2,14,12,15
S005,K002V3,14,24,15
S005,K010V1,14,6,15
S005,K010V3,14,6,15
S005,R001V1,14,12,15
S005,R004V1,14,12,15
S005,R004V2,14,12,15
S005,R004V3,14,12,15
S005,R007V3,14,6,15
S005,Y001V2,14,24,15
S005,B003,15,24,16
S005,B009,15,6,16
S005,S003,15,24,16
S005,K003,15,6,16
S005,K005,15,6,16
S005,K006,15,24,16
S005,R002,15,6,16
S005,R003,15,24,16
S005,R008,15,24,16
S005,Y005,15,12,16
S005,A003,15,24,16
S005,B002V3,15,24,16
S005,B003V1,15,24,16
S005,B006V1,15,24,16
S005,B006V2,15,24,16
S005,B009V3,15,6,16
S005,B010V1,15,6,16
S005,B010V3,15,6,16
S005,S002V2,15,24,16
S005,S004V2,15,12,16
S005,S005V1,15,12,16
S005,S006V3,15,6,16
S005,S008V3,15,6,16
S005,S009V2,15,6,16
S005,S010V1,15,6,16
S005,K004V2,15,6,16
S005,K005V1,15,6,16
S005,K006V1,15,24,16
S005,K010V1,15,6,16
S005,R001V1,15,12,16
S005,R003V2,15,24,16
S005,R007V1,15,6,16
S005,R009V3,15,12,16
S005,R010V3,15,24,16
S005,B008,16,24,17
S005,K005,16,6,17
S005,R002,16,6,17
S005,R008,16,24,17
S005,Y001,16,24,17
S005,A001,16,6,17
S005,A004,16,6,17
S005,A007,16,6,17
S005,B001V3,16,24,17
S005,B002V1,16,24,17
S005,B002V3,16,24,17
S005,B003V1,16,24,17
S005,B003V3,16,24,17
S005,B004V1,16,12,17
S005,B005V1,16,12,17
S005,B005V2,16,12,17
S005,B006V1,16,24,17
S005,B008V2,16,24,17
S005,B009V3,16,6,17
S005,B010V2,16,6,17
S005,S002V3,16,24,17
S005,S004V1,16,12,17
S005,S004V2,16,12,17
S005,S004V3,16,12,17
S005,S005V1,16,12,17
S005,S008V3,16,6,17
S005,S009V2,16,6,17
S005,S009V3,16,6,17
S005,S010V1,16,6,17
S005,K002V3,16,24,17
S005,K005V1,16,6,17
S005,K006V1,16,24,17
S005,K006V2,16,24,17
S005,K010V1,16,6,17
S005,R001V1,16,12,17
S005,R003V1,16,24,17
S005,R003V2,16,24,17
S005,R004V1,16,12,17
S005,R004V3,16,12,17
S005,R006V3,16,6,17
S005,Y001V1,16,24,17
S005,Y001V2,16,24,17
S005,B002,17,24,18
S005,B009,17,6,18
S005,B010,17,6,18
S005,S002,17,24,18
S005,S003,17,24,18
S005,S007,17,12,18
S005,K002,17,24,18
S005,K005,17,6,18
S005,K010,17,6,18
S005,R003,17,24,18
S005,R009,17,12,18
S005,Y006,17,6,18
S005,A006,17,6,18
S005,A007,17,6,18
S005,B002V3,17,24,18
S005,B004V1,17,12,18
S005,B004V2,17,12,18
S005,B005V2,17,12,18
S005,B006V1,17,24,18
S005,B006V2,17,24,18
S005,B008V1,17,24,18
S005,B008V2,17,24,18
S005,B009V3,17,6,18
S005,B010V1,17,6,18
S005,S002V1,17,24,18
S005,S004V1,17,12,18
S005,S005V1,17,12,18
S005,S009V2,17,6,18
S005,K005V2,17,6,18
S005,K006V1,17,24,18
S005,R001V1,17,12,18
S005,R003V3,17,24,18
S005,R005V3,17,12,18
S005,R006V3,17,6,18
S005,R007V1,17,6,18
S005,Y001V1,17,24,18
S005,Y002V1,17,24,18
S005,B002,18,24,19
S005,B007,18,24,19
S005,B009,18,6,19
S005,S001,18,24,19
S005,S002,18,24,19
S005,S007,18,12,19
S005,K005,18,6,19
S005,K007,18,12,19
S005,K010,18,6,19
S005,R003,18,24,19
S005,R006,18,6,19
S005,R008,18,24,19
S005,A002,18,24,19
S005,B003V3,18,24,19
S005,B004V1,18,12,19
S005,B004V2,18,12,19
S005,B008V1,18,24,19
S005,B008V2,18,24,19
S005,B009V3,18,6,19
S005,B010V1,18,6,19
S005,B010V3,18,6,19
S005,S002V2,18,24,19
S005,S004V2,18,12,19
S005,S005V1,18,12,19
S005,S009V3,18,6,19
S005,K004V2,18,6,19
S005,K005V1,18,6,19
S005,K006V2,18,24,19
S005,K010V1,18,6,19
S005,R001V1,18,12,19
S005,R002V1,18,6,19
S005,R002V2,18,6,19
S005,R003V1,18,24,19
S005,R003V2,18,24,19
S005,R003V3,18,24,19
S005,R004V2,18,12,19
S005,R008V2,18,24,19
S005,R010V3,18,24,19
S005,Y002V3,18,24,19
S005,B002,19,24,20
S005,B008,19,24,20
S005,B009,19,6,20
S005,B010,19,6,20
S005,S003,19,24,20
S005,K005,19,6,20
S005,K010,19,6,20
S005,R003,19,24,20
S005,R005,19,12,20
S005,Y001,19,24,20
S005,Y003,19,6,20
S005,A002,19,24,20
S005,B001V3,19,24,20
S005,B002V1,19,24,20
S005,B002V3,19,24,20
S005,B005V1,19,12,20
S005,B006V2,19,24,20
S005,B008V1,19,24,20
S005,B009V3,19,6,20
S005,S001V1,19,24,20
S005,S002V2,19,24,20
S005,S004V1,19,12,20
S005,S004V2,19,12,20
S005,S006V3,19,6,20
S005,S009V2,19,6,20
S005,K005V2,19,6,20
S005,K010V1,19,6,20
S005,R004V2,19,12,20
S005,R004V3,19,12,20
S005,R005V3,19,12,20
S005,R006V3,19,6,20
S005,R007V1,19,6,20
S005,Y001V1,19,24,20
S005,Y002V2,19,24,20
S005,B001,20,24,21
S005,B002,20,24,21
S005,S005,20,12,21
S005,K006,20,24,21
S005,R006,20,6,21
S005,R010,20,24,21
S005,Y003,20,6,21
S005,Y004,20,6,21
S005,A001,20,6,21
S005,A008,20,12,21
S005,B003V3,20,24,21
S005,B004V2,20,12,21
S005,B005V1,20,12,21
S005,B005V2,20,12,21
S005,B006V1,20,24,21
S005,B007V2,20,24,21
S005,B009V3,20,6,21
S005,S002V2,20,24,21
S005,S003V2,20,24,21
S005,S005V1,20,12,21
S005,S005V2,20,12,21
S005,K003V1,20,6,21
S005,K005V1,20,6,21
S005,K006V1,20,24,21
S005,K010V1,20,6,21
S005,R002V1,20,6,21
S005,R002V2,20,6,21
S005,R003V2,20,24,21
S005,R003V3,20,24,21
S005,R004V1,20,12,21
S005,R007V1,20,6,21
S005,R010V3,20,24,21
S005,B007,21,24,22
S005,B010,21,6,22
S005,K005,21,6,22
S005,K006,21,24,22
S005,K010,21,6,22
S005,R005,21,12,22
S005,Y003,21,6,22
S005,Y004,21,6,22
S005,A001,21,6,22
S005,A002,21,24,22
S005,A004,21,6,22
S005,A005,21,6,22
S005,A007,21,6,22
S005,B002V1,21,24,22
S005,B004V1,21,12,22
S005,B005V1,21,12,22
S005,B007V2,21,24,22
S005,B008V2,21,24,22
S005,S004V3,21,12,22
S005,S005V1,21,12,22
S005,S005V2,21,12,22
S005,S007V1,21,12,22
S005,S008V3,21,6,22
S005,S010V2,21,6,22
S005,K006V3,21,24,22
S005,R001V1,21,12,22
S005,R004V1,21,12,22
S005,R004V3,21,12,22
S005,Y002V3,21,24,22
S005,B007,22,24,23
S005,B009,22,6,23
S005,S002,22,24,23
S005,S010,22,6,23
S005,K005,22,6,23
S005,K010,22,6,23
S005,R002,22,6,23
S005,R003,22,24,23
S005,R009,22,12,23
S005,Y006,22,6,23
S005,A002,22,24,23
S005,B002V3,22,24,23
S005,B005V2,22,12,23
S005,B008V1,22,24,23
S005,B009V3,22,6,23
S005,B010V1,22,6,23
S005,S003V2,22,24,23
S005,S005V2,22,12,23
S005,S009V2,22,6,23
S005,K003V1,22,6,23
S005,K004V1,22,6,23
S005,K010V1,22,6,23
S005,R001V1,22,12,23
S005,R002V1,22,6,23
S005,R002V2,22,6,23
S005,R003V2,22,24,23
S005,R004V2,22,12,23
S005,R004V3,22,12,23
S005,R006V3,22,6,23
S005,R007V1,22,6,23
S005,Y001V2,22,24,23
S005,B007,23,24,24
S005,B009,23,6,24
S005,S007,23,12,24
S005,K002,23,24,24
S005,K005,23,6,24
S005,K006,23,24,24
S005,R001,23,12,24
S005,R002,23,6,24
S005,R009,23,12,24
S005,A008,23,12,24
S005,B002V1,23,24,24
S005,B003V3,23,24,24
S005,B005V2,23,12,24
S005,B006V2,23,24,24
S005,B008V1,23,24,24
S005,B008V2,23,24,24
S005,B009V2,23,6,24
S005,B009V3,23,6,24
S005,S007V1,23,12,24
S005,S008V3,23,6,24
S005,S009V3,23,6,24
S005,K003V1,23,6,24
S005,K007V2,23,12,24
S005,R001V1,23,12,24
S005,R002V1,23,6,24
S005,R003V1,23,24,24
S005,R004V1,23,12,24
S005,R005V3,23,12,24
S005,Y002V2,23,24,24
S005,B001,24,24,25
S005,B006,24,24,25
S005,B007,24,24,25
S005,B010,24,6,25
S005,K002,24,24,25
S005,K003,24,6,25
S005,K005,24,6,25
S005,K010,24,6,25
S005,R001,24,12,25
S005,R008,24,24,25
S005,R009,24,12,25
S005,A001,24,6,25
S005,B002V1,24,24,25
S005,B004V2,24,12,25
S005,B004V3,24,12,25
S005,B007V2,24,24,25
S005,B009V2,24,6,25
S005,B009V3,24,6,25
S005,B010V2,24,6,25
S005,S002V2,24,24,25
S005,S003V2,24,24,25
S005,S004V3,24,12,25
S005,S005V1,24,12,25
S005,S005V2,24,12,25
S005,S006V3,24,6,25
S005,K003V1,24,6,25
S005,K006V1,24,24,25
S005,K010V1,24,6,25
S005,R001V1,24,12,25
S005,R002V1,24,6,25
S005,R003V1,24,24,25
S005,R003V3,24,24,25
S005,R005V3,24,12,25
S005,R006V3,24,6,25
S005,R007V1,24,6,25
S005,R010V1,24,24,25
S005,R010V2,24,24,25
S005,Y001V3,24,24,25
S005,B002,25,24,26
S005,B006,25,24,26
S005,S005,25,12,26
S005,S010,25,6,26
S005,K002,25,24,26
S005,K010,25,6,26
S005,R001,25,12,26
S005,Y003,25,6,26
S005,Y006,25,6,26
S005,A002,25,24,26
S005,A007,25,6,26
S005,B001V2,25,24,26
S005,B003V3,25,24,26
S005,B004V1,25,12,26
S005,B005V2,25,12,26
S005,B008V1,25,24,26
S005,B008V2,25,24,26
S005,B009V3,25,6,26
S005,S001V1,25,24,26
S005,S005V1,25,12,26
S005,S006V3,25,6,26
S005,S009V3,25,6,26
S005,K002V2,25,24,26
S005,K002V3,25,24,26
S005,K003V1,25,6,26
S005,K006V1,25,24,26
S005,K006V3,25,24,26
S005,K007V2,25,12,26
S005,K010V1,25,6,26
S005,R001V1,25,12,26
S005,R004V1,25,12,26
S005,R005V1,25,12,26
S005,R005V3,25,12,26
S005,R006V3,25,6,26
S005,R007V1,25,6,26
S005,Y001V2,25,24,26
S005,S001,26,24,27
S005,K002,26,24,27
S005,K003,26,6,27
S005,K005,26,6,27
S005,K006,26,24,27
S005,K010,26,6,27
S005,R001,26,12,27
S005,R003,26,24,27
S005,R010,26,24,27
S005,Y001,26,24,27
S005,A002,26,24,27
S005,B002V3,26,24,27
S005,B003V2,26,24,27
S005,B003V3,26,24,27
S005,B005V2,26,12,27
S005,B007V2,26,24,27
S005,S001V1,26,24,27
S005,S005V1,26,12,27
S005,S006V3,26,6,27
S005,S008V3,26,6,27
S005,S009V2,26,6,27
S005,S009V3,26,6,27
S005,K002V3,26,24,27
S005,K003V1,26,6,27
S005,K006V1,26,24,27
S005,K007V2,26,12,27
S005,R001V1,26,12,27
S005,R002V2,26,6,27
S005,R003V3,26,24,27
S005,R005V3,26,12,27
S005,R008V2,26,24,27
S005,R009V1,26,12,27
S005,R009V3,26,12,27
S005,R010V2,26,24,27
S005,Y001V1,26,24,27
S005,Y002V3,26,24,27
S005,B001,27,24,28
S005,B009,27,6,28
S005,S007,27,12,28
S005,K002,27,24,28
S005,K003,27,6,28
S005,K005,27,6,28
S005,K010,27,6,28
S005,R002,27,6,28
S005,R009,27,12,28
S005,Y001,27,24,28
S005,Y004,27,6,28
S005,A001,27,6,28
S005,B003V3,27,24,28
S005,B004V2,27,12,28
S005,B005V1,27,12,28
S005,B006V1,27,24,28
S005,B006V2,27,24,28
S005,B007V2,27,24,28
S005,B008V2,27,24,28
S005,B009V3,27,6,28
S005,S002V1,27,24,28
S005,S002V2,27,24,28
S005,S004V2,27,12,28
S005,S006V2,27,6,28
S005,S006V3,27,6,28
S005,S008V3,27,6,28
S005,K001V3,27,12,28
S005,K004V1,27,6,28
S005,K006V2,27,24,28
S005,K010V1,27,6,28
S005,R001V1,27,12,28
S005,R002V1,27,6,28
S005,R006V3,27,6,28
S005,B003,28,24,29
S005,S007,28,12,29
S005,S010,28,6,29
S005,K003,28,6,29
S005,K005,28,6,29
S005,R002,28,6,29
S005,R009,28,12,29
S005,Y004,28,6,29
S005,A002,28,24,29
S005,A003,28,24,29
S005,B005V1,28,12,29
S005,B006V2,28,24,29
S005,B007V2,28,24,29
S005,B008V2,28,24,29
S005,B009V2,28,6,29
S005,B009V3,28,6,29
S005,S002V2,28,24,29
S005,S002V3,28,24,29
S005,S003V2,28,24,29
S005,S005V2,28,12,29
S005,S006V2,28,6,29
S005,S009V2,28,6,29
S005,S009V3,28,6,29
S005,K001V2,28,12,29
S005,K002V3,28,24,29
S005,K010V1,28,6,29
S005,R002V2,28,6,29
S005,R004V3,28,12,29
S005,R006V3,28,6,29
S005,R007V3,28,6,29
S005,R009V3,28,12,29
S005,B002,29,24,30
S005,B006,29,24,30
S005,S001,29,24,30
S005,S003,29,24,30
S005,K002,29,24,30
S005,K003,29,6,30
S005,K005,29,6,30
S005,K006,29,24,30
S005,R001,29,12,30
S005,R003,29,24,30
S005,A007,29,6,30
S005,B002V3,29,24,30
S005,B006V3,29,24,30
S005,B007V2,29,24,30
S005,B008V2,29,24,30
S005,B009V3,29,6,30
S005,S002V1,29,24,30
S005,S002V2,29,24,30
S005,S006V2,29,6,30
S005,S009V2,29,6,30
S005,K007V2,29,12,30
S005,K008V1,29,6,30
S005,K010V1,29,6,30
S005,R001V1,29,12,30
S005,R003V3,29,24,30
S005,R004V2,29,12,30
S005,R004V3,29,12,30
S005,R006V3,29,6,30
S005,Y001V1,29,24,30
S005,B003,30,24,31
S005,S001,30,24,31
S005,S002,30,24,31
S005,K003,30,6,31
S005,K005,30,6,31
S005,K006,30,24,31
S005,K007,30,12,31
S005,R009,30,12,31
S005,Y004,30,6,31
S005,A002,30,24,31
S005,A004,30,6,31
S005,B003V3,30,24,31
S005,B005V1,30,12,31
S005,B007V2,30,24,31
S005,B009V3,30,6,31
S005,S002V2,30,24,31
S005,S004V1,30,12,31
S005,S004V2,30,12,31
S005,S004V3,30,12,31
S005,S005V1,30,12,31
S005,S009V2,30,6,31
S005,K007V2,30,12,31
S005,K010V1,30,6,31
S005,R001V1,30,12,31
S005,R003V1,30,24,31
S005,R003V3,30,24,31
S005,R007V1,30,6,31
S005,R008V2,30,24,31
S005,B006,31,24,32
S005,B007,31,24,32
S005,S005,31,12,32
S005,K005,31,6,32
S005,K010,31,6,32
S005,R001,31,12,32
S005,R002,31,6,32
S005,Y001,31,24,32
S005,Y003,31,6,32
S005,Y004,31,6,32
S005,Y005,31,12,32
S005,A001,31,6,32
S005,A006,31,6,32
S005,B002V3,31,24,32
S005,B003V3,31,24,32
S005,B004V1,31,12,32
S005,B005V2,31,12,32
S005,B006V1,31,24,32
S005,B008V2,31,24,32
S005,B009V3,31,6,32
S005,B010V3,31,6,32
S005,S001V1,31,24,32
S005,S001V2,31,24,32
S005,S003V2,31,24,32
S005,S004V1,31,12,32
S005,S005V1,31,12,32
S005,S006V3,31,6,32
S005,S009V3,31,6,32
S005,K006V3,31,24,32
S005,K010V1,31,6,32
S005,R002V2,31,6,32
S005,R003V3,31,24,32
S005,R004V2,31,12,32
S005,R006V1,31,6,32
S005,R007V3,31,6,32
S005,R009V3,31,12,32
S005,B006,32,24,33
S005,B007,32,24,33
S005,B010,32,6,33
S005,S003,32,24,33
S005,K005,32,6,33
S005,K010,32,6,33
S005,R005,32,12,33
S005,Y001,32,24,33
S005,Y003,32,6,33
S005,B003V3,32,24,33
S005,B004V1,32,12,33
S005,B005V1,32,12,33
S005,B006V1,32,24,33
S005,B008V2,32,24,33
S005,B009V3,32,6,33
S005,B010V3,32,6,33
S005,S001V1,32,24,33
S005,S001V2,32,24,33
S005,S002V1,32,24,33
S005,S002V3,32,24,33
S005,S003V2,32,24,33
S005,S005V1,32,12,33
S005,S006V3,32,6,33
S005,S009V2,32,6,33
S005,K002V3,32,24,33
S005,K006V1,32,24,33
S005,K006V2,32,24,33
S005,K007V2,32,12,33
S005,K010V1,32,6,33
S005,R001V1,32,12,33
S005,R002V1,32,6,33
S005,R004V2,32,12,33
S005,R005V3,32,12,33
S005,R006V3,32,6,33
S005,R009V3,32,12,33
S005,R010V2,32,24,33
S005,B007,33,24,34
S005,S002,33,24,34
S005,K003,33,6,34
S005,K005,33,6,34
S005,K010,33,6,34
S005,R001,33,12,34
S005,R002,33,6,34
S005,R008,33,24,34
S005,R009,33,12,34
S005,R010,33,24,34
S005,Y004,33,6,34
S005,Y005,33,12,34
S005,A001,33,6,34
S005,B003V3,33,24,34
S005,B004V1,33,12,34
S005,B005V2,33,12,34
S005,B006V1,33,24,34
S005,B006V2,33,24,34
S005,B007V2,33,24,34
S005,B008V2,33,24,34
S005,B009V3,33,6,34
S005,S001V1,33,24,34
S005,S002V3,33,24,34
S005,S004V1,33,12,34
S005,S004V2,33,12,34
S005,S005V1,33,12,34
S005,S009V2,33,6,34
S005,S009V3,33,6,34
S005,K004V1,33,6,34
S005,R001V1,33,12,34
S005,R002V2,33,6,34
S005,R006V3,33,6,34
S005,R007V3,33,6,34
S005,Y002V2,33,24,34
S005,B001,34,24,35
S005,B003,34,24,35
S005,B005,34,12,35
S005,B007,34,24,35
S005,S001,34,24,35
S005,S002,34,24,35
S005,S005,34,12,35
S005,S010,34,6,35
S005,K005,34,6,35
S005,R001,34,12,35
S005,R002,34,6,35
S005,R005,34,12,35
S005,A001,34,6,35
S005,A002,34,24,35
S005,A006,34,6,35
S005,B005V1,34,12,35
S005,B005V2,34,12,35
S005,B006V1,34,24,35
S005,B006V2,34,24,35
S005,B007V2,34,24,35
S005,B008V2,34,24,35
S005,B010V2,34,6,35
S005,S001V1,34,24,35
S005,S002V2,34,24,35
S005,S003V2,34,24,35
S005,S004V1,34,12,35
S005,S005V1,34,12,35
S005,S009V2,34,6,35
S005,S009V3,34,6,35
S005,K001V3,34,12,35
S005,K006V1,34,24,35
S005,K007V2,34,12,35
S005,K009V3,34,6,35
S005,K010V1,34,6,35
S005,R002V1,34,6,35
S005,R003V2,34,24,35
S005,R003V3,34,24,35
S005,R004V1,34,12,35
S005,R004V3,34,12,35
S005,R009V3,34,12,35
S005,Y002V2,34,24,35
S005,B003,35,24,36
S005,B007,35,24,36
S005,S005,35,12,36
S005,S010,35,6,36
S005,K005,35,6,36
S005,K007,35,12,36
S005,K010,35,6,36
S005,R001,35,12,36
S005,R002,35,6,36
S005,R005,35,12,36
S005,R009,35,12,36
S005,Y003,35,6,36
S005,Y004,35,6,36
S005,A001,35,6,36
S005,A007,35,6,36
S005,B003V2,35,24,36
S005,B005V1,35,12,36
S005,B008V1,35,24,36
S005,B009V3,35,6,36
S005,S002V1,35,24,36
S005,S003V2,35,24,36
S005,S004V3,35,12,36
S005,S005V1,35,12,36
S005,S009V3,35,6,36
S005,K007V2,35,12,36
S005,K008V1,35,6,36
S005,K010V1,35,6,36
S005,R002V2,35,6,36
S005,R003V1,35,24,36
S005,R003V3,35,24,36
S005,R005V1,35,12,36
S005,R007V3,35,6,36
S005,R010V2,35,24,36
S005,Y001V1,35,24,36
S005,Y002V2,35,24,36
S005,Y002V3,35,24,36
S005,B007,36,24,37
S005,B010,36,6,37
S005,S002,36,24,37
S005,S003,36,24,37
S005,S004,36,12,37
S005,S005,36,12,37
S005,S007,36,12,37
S005,K002,36,24,37
S005,K003,36,6,37
S005,K006,36,24,37
S005,K010,36,6,37
S005,R001,36,12,37
S005,R009,36,12,37
S005,Y001,36,24,37
S005,Y002,36,24,37
S005,Y003,36,6,37
S005,A001,36,6,37
S005,A006,36,6,37
S005,B002V3,36,24,37
S005,B003V3,36,24,37
S005,B004V2,36,12,37
S005,B009V3,36,6,37
S005,S001V1,36,24,37
S005,S001V2,36,24,37
S005,S002V2,36,24,37
S005,S003V2,36,24,37
S005,S004V3,36,12,37
S005,S005V2,36,12,37
S005,S005V3,36,12,37
S005,S006V3,36,6,37
S005,K006V1,36,24,37
S005,K006V2,36,24,37
S005,K010V1,36,6,37
S005,R001V1,36,12,37
S005,R002V1,36,6,37
S005,R004V2,36,12,37
S005,R006V3,36,6,37
S005,R008V2,36,24,37
S005,Y001V1,36,24,37
S005,Y002V2,36,24,37
S005,B007,37,24,38
S005,K002,37,24,38
S005,K003,37,6,38
S005,K010,37,6,38
S005,R009,37,12,38
S005,Y003,37,6,38
S005,A002,37,24,38
S005,B002V3,37,24,38
S005,B004V2,37,12,38
S005,B005V1,37,12,38
S005,B005V2,37,12,38
S005,S001V1,37,24,38
S005,S002V1,37,24,38
S005,S002V2,37,24,38
S005,S004V1,37,12,38
S005,S004V2,37,12,38
S005,S004V3,37,12,38
S005,S005V1,37,12,38
S005,S005V2,37,12,38
S005,S006V3,37,6,38
S005,S008V1,37,6,38
S005,S008V3,37,6,38
S005,S009V3,37,6,38
S005,K002V3,37,24,38
S005,K006V1,37,24,38
S005,K008V3,37,6,38
S005,K010V1,37,6,38
S005,R001V1,37,12,38
S005,R002V1,37,6,38
S005,R003V1,37,24,38
S005,R004V2,37,12,38
S005,R004V3,37,12,38
S005,R005V1,37,12,38
S005,R007V3,37,6,38
S005,Y001V2,37,24,38
S005,Y002V2,37,24,38
S005,B007,38,24,39
S005,S002,38,24,39
S005,S003,38,24,39
S005,S004,38,12,39
S005,S005,38,12,39
S005,S010,38,6,39
S005,K003,38,6,39
S005,K005,38,6,39
S005,K007,38,12,39
S005,R001,38,12,39
S005,R002,38,6,39
S005,R008,38,24,39
S005,A004,38,6,39
S005,B003V3,38,24,39
S005,B004V2,38,12,39
S005,B005V1,38,12,39
S005,B006V1,38,24,39
S005,B006V2,38,24,39
S005,B007V2,38,24,39
S005,S006V2,38,6,39
S005,S009V3,38,6,39
S005,K002V3,38,24,39
S005,K004V1,38,6,39
S005,K006V3,38,24,39
S005,K010V1,38,6,39
S005,R001V1,38,12,39
S005,R002V1,38,6,39
S005,R002V2,38,6,39
S005,R006V3,38,6,39
S005,B006,39,24,40
S005,B007,39,24,40
S005,S001,39,24,40
S005,S002,39,24,40
S005,S005,39,12,40
S005,S010,39,6,40
S005,K005,39,6,40
S005,K006,39,24,40
S005,K007,39,12,40
S005,R002,39,6,40
S005,R006,39,6,40
S005,R008,39,24,40
S005,R009,39,12,40
S005,Y001,39,24,40
S005,A001,39,6,40
S005,B001V2,39,24,40
S005,B002V3,39,24,40
S005,B003V1,39,24,40
S005,B007V2,39,24,40
S005,B009V3,39,6,40
S005,S001V2,39,24,40
S005,S004V1,39,12,40
S005,S004V3,39,12,40
S005,S005V1,39,12,40
S005,S005V3,39,12,40
S005,S006V2,39,6,40
S005,K002V3,39,24,40
S005,K004V1,39,6,40
S005,K006V1,39,24,40
S005,K007V2,39,12,40
S005,K010V1,39,6,40
S005,R001V1,39,12,40
S005,R002V1,39,6,40
S005,R003V1,39,24,40
S005,R004V3,39,12,40
S005,R006V3,39,6,40
S005,R007V2,39,6,40
S005,R010V2,39,24,40
S005,Y002V3,39,24,40
S005,B003,40,24,41
S005,B006,40,24,41
S005,S005,40,12,41
S005,K005,40,6,41
S005,K006,40,24,41
S005,R005,40,12,41
S005,R009,40,12,41
S005,Y001,40,24,41
S005,B006V2,40,24,41
S005,B007V2,40,24,41
S005,S001V2,40,24,41
S005,S004V1,40,12,41
S005,S004V3,40,12,41
S005,S005V1,40,12,41
S005,S005V3,40,12,41
S005,S006V3,40,6,41
S005,S008V3,40,6,41
S005,S009V1,40,6,41
S005,S009V3,40,6,41
S005,S010V1,40,6,41
S005,K002V3,40,24,41
S005,K006V1,40,24,41
S005,K007V1,40,12,41
S005,K010V1,40,6,41
S005,R001V1,40,12,41
S005,R001V3,40,12,41
S005,R002V2,40,6,41
S005,R004V2,40,12,41
S005,R006V1,40,6,41
S005,S001,41,24,42
S005,S004,41,12,42
S005,K005,41,6,42
S005,K007,41,12,42
S005,R005,41,12,42
S005,R009,41,12,42
S005,A002,41,24,42
S005,B003V1,41,24,42
S005,B004V3,41,12,42
S005,B006V1,41,24,42
S005,B007V2,41,24,42
S005,B009V3,41,6,42
S005,S001V1,41,24,42
S005,S001V2,41,24,42
S005,S005V1,41,12,42
S005,S008V1,41,6,42
S005,K004V1,41,6,42
S005,K007V2,41,12,42
S005,K010V1,41,6,42
S005,R003V1,41,24,42
S005,R003V2,41,24,42
S005,R003V3,41,24,42
S005,R004V1,41,12,42
S005,R004V2,41,12,42
S005,R005V1,41,12,42
S005,R007V3,41,6,42
S005,R009V3,41,12,42
S005,R010V2,41,24,42
S005,R010V3,41,24,42
S005,Y001V1,41,24,42
S005,Y002V2,41,24,42
S005,B003,42,24,43
S005,B005,42,12,43
S005,B010,42,6,43
S005,S001,42,24,43
S005,K003,42,6,43
S005,K005,42,6,43
S005,K006,42,24,43
S005,R002,42,6,43
S005,R003,42,24,43
S005,R008,42,24,43
S005,R009,42,12,43
S005,Y003,42,6,43
S005,B002V3,42,24,43
S005,B004V2,42,12,43
S005,B005V1,42,12,43
S005,B006V2,42,24,43
S005,B009V3,42,6,43
S005,S002V2,42,24,43
S005,S005V1,42,12,43
S005,S005V2,42,12,43
S005,S005V3,42,12,43
S005,S006V1,42,6,43
S005,S009V1,42,6,43
S005,S009V3,42,6,43
S005,K002V3,42,24,43
S005,K003V1,42,6,43
S005,K006V1,42,24,43
S005,K006V3,42,24,43
S005,K010V1,42,6,43
S005,R001V1,42,12,43
S005,R002V2,42,6,43
S005,R004V3,42,12,43
S005,R005V3,42,12,43
S005,R006V3,42,6,43
S005,R007V3,42,6,43
S005,R010V3,42,24,43
S005,Y002V3,42,24,43
S005,B005,43,12,44
S005,S001,43,24,44
S005,K002,43,24,44
S005,K003,43,6,44
S005,K005,43,6,44
S005,K006,43,24,44
S005,K007,43,12,44
S005,R009,43,12,44
S005,Y001,43,24,44
S005,Y004,43,6,44
S005,Y006,43,6,44
S005,A001,43,6,44
S005,B002V3,43,24,44
S005,B003V3,43,24,44
S005,B006V1,43,24,44
S005,B007V2,43,24,44
S005,B009V3,43,6,44
S005,B010V3,43,6,44
S005,S002V3,43,24,44
S005,S003V2,43,24,44
S005,S006V3,43,6,44
S005,K007V1,43,12,44
S005,R002V1,43,6,44
S005,R003V2,43,24,44
S005,R005V1,43,12,44
S005,R006V3,43,6,44
S005,R009V3,43,12,44
S005,Y002V3,43,24,44
S005,B005,44,12,45
S005,B007,44,24,45
S005,S005,44,12,45
S005,K005,44,6,45
S005,K006,44,24,45
S005,K007,44,12,45
S005,A002,44,24,45
S005,B003V1,44,24,45
S005,B003V2,44,24,45
S005,B003V3,44,24,45
S005,B006V2,44,24,45
S005,B009V3,44,6,45
S005,B010V3,44,6,45
S005,S001V1,44,24,45
S005,S001V2,44,24,45
S005,S004V2,44,12,45
S005,S005V1,44,12,45
S005,S005V2,44,12,45
S005,S006V1,44,6,45
S005,S006V2,44,6,45
S005,S006V3,44,6,45
S005,S009V3,44,6,45
S005,K010V1,44,6,45
S005,R002V1,44,6,45
S005,R002V2,44,6,45
S005,R004V2,44,12,45
S005,R006V3,44,6,45
S005,Y002V3,44,24,45
S005,B005,45,12,46
S005,B007,45,24,46
S005,S001,45,24,46
S005,S004,45,12,46
S005,S005,45,12,46
S005,K002,45,24,46
S005,K003,45,6,46
S005,K007,45,12,46
S005,R009,45,12,46
S005,A001,45,6,46
S005,A007,45,6,46
S005,B002V3,45,24,46
S005,B003V1,45,24,46
S005,B004V2,45,12,46
S005,B005V1,45,12,46
S005,B006V1,45,24,46
S005,B006V2,45,24,46
S005,B008V2,45,24,46
S005,B010V2,45,6,46
S005,S002V1,45,24,46
S005,S003V2,45,24,46
S005,S005V1,45,12,46
S005,S006V1,45,6,46
S005,S009V2,45,6,46
S005,S009V3,45,6,46
S005,K003V1,45,6,46
S005,K010V1,45,6,46
S005,R002V2,45,6,46
S005,R003V3,45,24,46
S005,R004V1,45,12,46
S005,R004V2,45,12,46
S005,R004V3,45,12,46
S005,R006V3,45,6,46
S005,R007V1,45,6,46
S005,R007V2,45,6,46
S005,R009V3,45,12,46
S005,B003,46,24,47
S005,B005,46,12,47
S005,S004,46,12,47
S005,S005,46,12,47
S005,K002,46,24,47
S005,K003,46,6,47
S005,K005,46,6,47
S005,R001,46,12,47
S005,R005,46,12,47
S005,R007,46,6,47
S005,R008,46,24,47
S005,R009,46,12,47
S005,Y001,46,24,47
S005,Y005,46,12,47
S005,Y006,46,6,47
S005,A002,46,24,47
S005,B005V1,46,12,47
S005,B006V1,46,24,47
S005,B006V2,46,24,47
S005,B006V3,46,24,47
S005,B008V2,46,24,47
S005,B009V3,46,6,47
S005,S001V2,46,24,47
S005,S002V3,46,24,47
S005,S005V1,46,12,47
S005,S005V2,46,12,47
S005,S006V2,46,6,47
S005,S006V3,46,6,47
S005,S009V1,46,6,47
S005,S009V2,46,6,47
S005,S009V3,46,6,47
S005,K006V3,46,24,47
S005,K007V1,46,12,47
S005,K007V2,46,12,47
S005,K010V1,46,6,47
S005,R002V1,46,6,47
S005,R003V1,46,24,47
S005,R006V1,46,6,47
S005,R006V3,46,6,47
S005,Y002V2,46,24,47
S005,B005,47,12,48
S005,B010,47,6,48
S005,K003,47,6,48
S005,K005,47,6,48
S005,R005,47,12,48
S005,Y001,47,24,48
S005,A001,47,6,48
S005,A006,47,6,48
S005,B005V1,47,12,48
S005,B006V2,47,24,48
S005,B008V2,47,24,48
S005,B009V3,47,6,48
S005,B010V2,47,6,48
S005,S003V2,47,24,48
S005,S004V1,47,12,48
S005,S004V2,47,12,48
S005,S005V1,47,12,48
S005,S005V3,47,12,48
S005,S006V1,47,6,48
S005,S009V2,47,6,48
S005,K002V3,47,24,48
S005,K006V1,47,24,48
S005,K010V1,47,6,48
S005,R003V2,47,24,48
S005,R004V1,47,12,48
S005,R004V2,47,12,48
S005,R006V1,47,6,48
S005,R006V3,47,6,48
S005,Y002V3,47,24,48
S005,S003,48,24,49
S005,K005,48,6,49
S005,K007,48,12,49
S005,R002,48,6,49
S005,R010,48,24,49
S005,Y001,48,24,49
S005,A001,48,6,49
S005,A003,48,24,49
S005,B004V1,48,12,49
S005,B004V2,48,12,49
S005,B005V3,48,12,49
S005,B006V1,48,24,49
S005,B008V2,48,24,49
S005,B009V3,48,6,49
S005,B010V2,48,6,49
S005,S001V2,48,24,49
S005,S003V2,48,24,49
S005,S004V1,48,12,49
S005,S004V2,48,12,49
S005,S005V1,48,12,49
S005,S005V3,48,12,49
S005,K006V2,48,24,49
S005,K008V2,48,6,49
S005,K010V1,48,6,49
S005,R001V1,48,12,49
S005,R002V1,48,6,49
S005,R002V2,48,6,49
S005,R003V3,48,24,49
S005,R004V2,48,12,49
S005,R007V1,48,6,49
S005,Y002V2,48,24,49
S005,S004,49,12,50
S005,K002,49,24,50
S005,K003,49,6,50
S005,K007,49,12,50
S005,R001,49,12,50
S005,R008,49,24,50
S005,R010,49,24,50
S005,Y005,49,12,50
S005,B005V1,49,12,50
S005,B008V1,49,24,50
S005,B008V2,49,24,50
S005,B009V3,49,6,50
S005,S001V1,49,24,50
S005,S002V2,49,24,50
S005,S004V1,49,12,50
S005,S004V2,49,12,50
S005,S005V1,49,12,50
S005,S006V2,49,6,50
S005,S009V3,49,6,50
S005,K006V1,49,24,50
S005,K006V3,49,24,50
S005,K008V2,49,6,50
S005,K010V1,49,6,50
S005,R001V1,49,12,50
S005,R003V3,49,24,50
S005,R004V1,49,12,50
S005,R004V2,49,12,50
S005,R004V3,49,12,50
S005,R009V3,49,12,50
S005,Y001V2,49,24,50
S005,B003,50,24,51
S005,B006,50,24,51
S005,B007,50,24,51
S005,B010,50,6,51
S005,S001,50,24,51
S005,S003,50,24,51
S005,K007,50,12,51
S005,R007,50,6,51
S005,R008,50,24,51
S005,R009,50,12,51
S005,Y002,50,24,51
S005,Y004,50,6,51
S005,B001V3,50,24,51
S005,B002V3,50,24,51
S005,B005V2,50,12,51
S005,B005V3,50,12,51
S005,B006V1,50,24,51
S005,B008V1,50,24,51
S005,B009V3,50,6,51
S005,B010V1,50,6,51
S005,S001V1,50,24,51
S005,S001V2,50,24,51
S005,S002V1,50,24,51
S005,S005V1,50,12,51
S005,S005V2,50,12,51
S005,S009V3,50,6,51
S005,K002V2,50,24,51
S005,K006V3,50,24,51
S005,K008V2,50,6,51
S005,K009V3,50,6,51
S005,R001V1,50,12,51
S005,R002V1,50,6,51
S005,R002V2,50,6,51
S005,R003V1,50,24,51
S005,R003V3,50,24,51
S005,R004V1,50,12,51
S005,R005V1,50,12,51
S005,R006V1,50,6,51
S005,B010,51,6,52
S005,S001,51,24,52
S005,S002,51,24,52
S005,K002,51,24,52
S005,K005,51,6,52
S005,K006,51,24,52
S005,R001,51,12,52
S005,R005,51,12,52
S005,A001,51,6,52
S005,A002,51,24,52
S005,B002V3,51,24,52
S005,B003V3,51,24,52
S005,B005V2,51,12,52
S005,B005V3,51,12,52
S005,B006V1,51,24,52
S005,B006V2,51,24,52
S005,B008V2,51,24,52
S005,B009V3,51,6,52
S005,S001V2,51,24,52
S005,S002V1,51,24,52
S005,S003V2,51,24,52
S005,S004V1,51,12,52
S005,S005V1,51,12,52
S005,S005V2,51,12,52
S005,S005V3,51,12,52
S005,S006V3,51,6,52
S005,S007V2,51,12,52
S005,S009V3,51,6,52
S005,K002V1,51,24,52
S005,K002V3,51,24,52
S005,K003V1,51,6,52
S005,K006V2,51,24,52
S005,K007V2,51,12,52
S005,K008V2,51,6,52
S005,K010V1,51,6,52
S005,R001V1,51,12,52
S005,R003V3,51,24,52
S005,R004V1,51,12,52
S005,R004V2,51,12,52
S005,R005V1,51,12,52
S005,R005V3,51,12,52
S005,R006V3,51,6,52
S005,R009V3,51,12,52
S006,B004,1,12,2
S006,B007,1,24,2
S006,S005,1,12,2
S006,S008,1,6,2
S006,K001,1,12,2
S006,K003,1,6,2
S006,K005,1,48,2
S006,K008,1,6,2
S006,K009,1,6,2
S006,Y001,1,24,2
S006,B001V2,1,24,2
S006,B002V2,1,24,2
S006,B003V1,1,24,2
S006,B003V3,1,24,2
S006,B004V1,1,12,2
S006,B005V3,1,12,2
S006,B007V1,1,24,2
S006,B009V3,1,36,2
S006,S001V1,1,24,2
S006,S001V3,1,24,2
S006,S003V1,1,24,2
S006,S004V1,1,12,2
S006,S004V2,1,12,2
S006,S005V1,1,36,2
S006,S005V3,1,12,2
S006,S006V1,1,6,2
S006,S007V2,1,12,2
S006,S007V3,1,12,2
S006,S008V2,1,6,2
S006,S009V1,1,6,2
S006,S009V2,1,6,2
S006,S010V1,1,6,2
S006,S010V3,1,6,2
S006,K001V1,1,60,2
S006,K002V1,1,24,2
S006,K003V1,1,6,2
S006,K003V2,1,6,2
S006,K004V3,1,54,2
S006,K008V3,1,6,2
S006,K009V1,1,6,2
S006,K009V2,1,24,2
S006,K010V1,1,6,2
S006,R001V1,1,24,2
S006,R002V2,1,6,2
S006,R004V3,1,12,2
S006,R006V3,1,6,2
S006,R008V1,1,24,2
S006,Y002V2,1,24,2
S006,Y002V3,1,24,2
S006,B007,2,24,3
S006,B009,2,6,3
S006,B010,2,6,3
S006,S001,2,24,3
S006,S010,2,6,3
S006,K005,2,60,3
S006,K009,2,6,3
S006,R003,2,24,3
S006,R008,2,24,3
S006,R009,2,12,3
S006,B002V2,2,24,3
S006,B003V1,2,24,3
S006,B004V1,2,12,3
S006,B005V2,2,12,3
S006,B005V3,2,12,3
S006,B006V2,2,24,3
S006,B008V2,2,24,3
S006,B009V3,2,48,3
S006,B010V2,2,6,3
S006,S005V1,2,24,3
S006,S007V2,2,12,3
S006,S009V2,2,12,3
S006,S010V3,2,6,3
S006,K001V1,2,132,3
S006,K002V1,2,24,3
S006,K003V1,2,6,3
S006,K003V2,2,6,3
S006,K003V3,2,6,3
S006,K004V3,2,72,3
S006,K008V3,2,6,3
S006,K009V1,2,12,3
S006,K009V2,2,30,3
S006,K010V1,2,24,3
S006,K010V2,2,6,3
S006,R001V1,2,12,3
S006,R002V1,2,6,3
S006,R002V3,2,6,3
S006,R003V1,2,24,3
S006,R003V3,2,24,3
S006,R004V1,2,12,3
S006,R004V3,2,12,3
S006,R007V1,2,6,3
S006,R008V1,2,24,3
S006,R009V3,2,12,3
S006,Y002V2,2,24,3
S006,B002,3,24,4
S006,B004,3,12,4
S006,B008,3,24,4
S006,B009,3,6,4
S006,S001,3,24,4
S006,S004,3,12,4
S006,K005,3,90,4
S006,R002,3,6,4
S006,R003,3,24,4
S006,Y003,3,6,4
S006,A001,3,6,4
S006,A002,3,24,4
S006,A004,3,6,4
S006,B004V1,3,12,4
S006,B005V1,3,12,4
S006,B005V3,3,12,4
S006,B007V1,3,24,4
S006,B009V1,3,6,4
S006,B009V3,3,66,4
S006,S001V1,3,24,4
S006,S003V1,3,24,4
S006,S004V1,3,12,4
S006,S004V2,3,12,4
S006,S005V1,3,12,4
S006,S005V3,3,12,4
S006,S008V2,3,6,4
S006,S009V1,3,6,4
S006,S009V2,3,12,4
S006,K001V1,3,12,4
S006,K002V1,3,24,4
S006,K002V2,3,24,4
S006,K003V1,3,6,4
S006,K004V3,3,72,4
S006,K006V3,3,24,4
S006,K009V1,3,6,4
S006,K009V2,3,30,4
S006,K010V1,3,12,4
S006,K010V2,3,6,4
S006,R002V1,3,6,4
S006,R002V2,3,6,4
S006,R004V3,3,12,4
S006,R006V3,3,6,4
S006,R009V3,3,12,4
S006,R010V2,3,24,4
S006,Y002V3,3,24,4
S006,B009,4,6,5
S006,B010,4,6,5
S006,S005,4,12,5
S006,K005,4,54,5
S006,K007,4,12,5
S006,R008,4,24,5
S006,Y003,4,6,5
S006,B001V2,4,24,5
S006,B003V1,4,24,5
S006,B003V3,4,24,5
S006,B004V1,4,12,5
S006,B005V1,4,12,5
S006,B009V3,4,96,5
S006,S001V1,4,24,5
S006,S005V1,4,24,5
S006,S005V3,4,12,5
S006,S007V2,4,12,5
S006,S007V3,4,12,5
S006,S008V2,4,6,5
S006,S009V2,4,12,5
S006,S010V3,4,6,5
S006,K001V1,4,12,5
S006,K002V1,4,24,5
S006,K004V3,4,78,5
S006,K006V3,4,24,5
S006,K008V1,4,6,5
S006,K009V1,4,12,5
S006,K009V2,4,30,5
S006,K010V1,4,12,5
S006,R003V1,4,24,5
S006,R003V2,4,24,5
S006,R004V3,4,12,5
S006,R005V1,4,12,5
S006,R009V3,4,12,5
S006,Y001V2,4,24,5
S006,B009,5,6,6
S006,S005,5,12,6
S006,S007,5,12,6
S006,K005,5,60,6
S006,R001,5,12,6
S006,R008,5,24,6
S006,R010,5,24,6
S006,B003V1,5,24,6
S006,B007V3,5,24,6
S006,B008V2,5,24,6
S006,B009V3,5,30,6
S006,S004V2,5,12,6
S006,S005V1,5,24,6
S006,S007V3,5,12,6
S006,K002V1,5,24,6
S006,K003V2,5,6,6
S006,K008V3,5,6,6
S006,K009V1,5,12,6
S006,K009V2,5,36,6
S006,K010V1,5,12,6
S006,K010V2,5,6,6
S006,R001V2,5,12,6
S006,R002V2,5,6,6
S006,R003V1,5,24,6
S006,R003V3,5,24,6
S006,R004V2,5,12,6
S006,R004V3,5,12,6
S006,R006V3,5,6,6
S006,B009,6,6,7
S006,S001,6,24,7
S006,K001,6,12,7
S006,K005,6,54,7
S006,R003,6,24,7
S006,A006,6,6,7
S006,B002V2,6,24,7
S006,B003V1,6,24,7
S006,B005V2,6,12,7
S006,B009V3,6,30,7
S006,B010V2,6,6,7
S006,S003V1,6,24,7
S006,S005V1,6,24,7
S006,S007V3,6,12,7
S006,S009V2,6,6,7
S006,S010V3,6,6,7
S006,K001V1,6,12,7
S006,K003V2,6,6,7
S006,K004V3,6,6,7
S006,K008V3,6,6,7
S006,K009V2,6,24,7
S006,K010V1,6,6,7
S006,R001V1,6,12,7
S006,R002V1,6,6,7
S006,R002V2,6,6,7
S006,R003V2,6,24,7
S006,R004V1,6,12,7
S006,R005V2,6,12,7
S006,R005V3,6,12,7
S006,R008V1,6,24,7
S006,R010V2,6,24,7
S006,Y001V2,6,24,7
S006,Y002V2,6,24,7
S006,Y002V3,6,24,7
S006,B002,7,24,8
S006,B009,7,6,8
S006,S001,7,24,8
S006,S010,7,6,8
S006,K003,7,6,8
S006,K005,7,6,8
S006,R001,7,12,8
S006,R004,7,12,8
S006,R010,7,24,8
S006,A002,7,24,8
S006,B003V1,7,24,8
S006,B003V2,7,24,8
S006,B004V1,7,12,8
S006,B004V3,7,12,8
S006,B005V2,7,12,8
S006,B005V3,7,12,8
S006,B007V1,7,24,8
S006,B009V3,7,66,8
S006,S003V1,7,24,8
S006,S005V1,7,24,8
S006,S007V3,7,12,8
S006,S008V2,7,6,8
S006,K001V1,7,12,8
S006,K003V1,7,6,8
S006,K003V2,7,6,8
S006,K004V3,7,6,8
S006,K008V3,7,6,8
S006,K009V1,7,6,8
S006,K009V2,7,12,8
S006,K010V1,7,12,8
S006,R001V1,7,12,8
S006,R002V1,7,6,8
S006,R004V3,7,12,8
S006,B002,8,24,9
S006,B009,8,6,9
S006,S010,8,6,9
S006,K001,8,12,9
S006,K005,8,6,9
S006,R002,8,6,9
S006,A002,8,24,9
S006,B003V3,8,24,9
S006,B004V1,8,12,9
S006,B005V1,8,12,9
S006,B005V3,8,12,9
S006,B007V1,8,24,9
S006,B007V2,8,24,9
S006,B009V1,8,6,9
S006,B009V3,8,6,9
S006,S003V1,8,24,9
S006,S004V1,8,12,9
S006,S005V1,8,24,9
S006,S005V3,8,12,9
S006,S010V2,8,6,9
S006,K001V1,8,12,9
S006,K002V1,8,24,9
S006,K003V1,8,6,9
S006,K004V3,8,6,9
S006,K008V3,8,6,9
S006,K009V1,8,6,9
S006,K009V2,8,12,9
S006,K010V1,8,18,9
S006,R003V2,8,24,9
S006,R003V3,8,24,9
S006,R004V2,8,12,9
S006,R004V3,8,12,9
S006,R005V1,8,12,9
S006,R005V3,8,12,9
S006,R006V3,8,6,9
S006,R009V1,8,12,9
S006,Y001V1,8,24,9
S006,Y002V1,8,24,9
S006,B009,9,6,10
S006,S001,9,24,10
S006,S005,9,12,10
S006,S007,9,12,10
S006,K007,9,12,10
S006,R001,9,12,10
S006,R008,9,24,10
S006,R009,9,12,10
S006,Y003,9,6,10
S006,A006,9,6,10
S006,B002V2,9,24,10
S006,B005V1,9,12,10
S006,B006V3,9,24,10
S006,S001V1,9,24,10
S006,S003V1,9,24,10
S006,S003V2,9,24,10
S006,S004V2,9,12,10
S006,S005V1,9,36,10
S006,S005V3,9,12,10
S006,S008V1,9,6,10
S006,S010V3,9,6,10
S006,K001V1,9,12,10
S006,K003V1,9,6,10
S006,K004V3,9,6,10
S006,K009V1,9,6,10
S006,K009V2,9,24,10
S006,K010V1,9,12,10
S006,K010V2,9,6,10
S006,R001V1,9,12,10
S006,R002V1,9,6,10
S006,R002V2,9,6,10
S006,R004V1,9,12,10
S006,R004V3,9,12,10
S006,R005V2,9,12,10
S006,Y002V3,9,24,10
S006,B009,10,6,11
S006,S001,10,24,11
S006,S004,10,12,11
S006,S010,10,6,11
S006,K005,10,6,11
S006,K007,10,12,11
S006,R001,10,12,11
S006,R009,10,12,11
S006,Y001,10,24,11
S006,Y005,10,12,11
S006,A002,10,24,11
S006,A004,10,6,11
S006,B003V1,10,24,11
S006,B004V1,10,12,11
S006,B005V2,10,12,11
S006,B005V3,10,12,11
S006,B009V3,10,6,11
S006,S005V1,10,12,11
S006,S007V3,10,12,11
S006,S010V3,10,6,11
S006,K001V1,10,12,11
S006,K003V1,10,6,11
S006,K003V2,10,6,11
S006,K004V3,10,6,11
S006,K008V3,10,6,11
S006,K009V1,10,6,11
S006,K009V2,10,24,11
S006,K010V1,10,12,11
S006,R001V1,10,12,11
S006,R002V2,10,6,11
S006,R002V3,10,6,11
S006,R003V3,10,24,11
S006,R004V1,10,12,11
S006,R007V1,10,6,11
S006,R009V3,10,12,11
S006,Y002V3,10,24,11
S006,S001,11,24,12
S006,S005,11,12,12
S006,S010,11,6,12
S006,R003,11,24,12
S006,Y001,11,24,12
S006,A002,11,24,12
S006,B001V1,11,24,12
S006,B002V2,11,24,12
S006,B003V1,11,24,12
S006,B003V2,11,24,12
S006,B003V3,11,24,12
S006,B009V3,11,6,12
S006,S004V1,11,12,12
S006,S005V1,11,24,12
S006,S007V2,11,12,12
S006,S007V3,11,12,12
S006,S009V1,11,6,12
S006,S010V3,11,6,12
S006,K001V1,11,12,12
S006,K002V1,11,24,12
S006,K004V3,11,6,12
S006,K006V3,11,24,12
S006,K009V1,11,6,12
S006,K009V3,11,6,12
S006,K010V1,11,12,12
S006,R001V1,11,12,12
S006,R002V1,11,6,12
S006,R003V3,11,24,12
S006,R004V1,11,12,12
S006,R005V1,11,12,12
S006,R006V3,11,6,12
S006,R008V1,11,24,12
S006,B010,12,6,13
S006,S001,12,24,13
S006,S004,12,12,13
S006,S008,12,6,13
S006,K005,12,6,13
S006,R002,12,6,13
S006,R003,12,24,13
S006,R006,12,6,13
S006,Y001,12,24,13
S006,Y003,12,6,13
S006,A001,12,6,13
S006,A004,12,6,13
S006,B004V1,12,12,13
S006,B005V1,12,12,13
S006,B007V1,12,24,13
S006,B008V2,12,24,13
S006,B009V3,12,6,13
S006,S001V1,12,24,13
S006,S004V1,12,12,13
S006,S005V1,12,24,13
S006,S009V1,12,6,13
S006,K001V1,12,12,13
S006,K002V1,12,24,13
S006,K004V3,12,6,13
S006,K009V1,12,6,13
S006,K009V2,12,6,13
S006,K010V1,12,12,13
S006,R002V1,12,6,13
S006,R003V1,12,24,13
S006,R003V2,12,24,13
S006,R004V2,12,12,13
S006,R005V1,12,12,13
S006,R008V1,12,24,13
S006,Y001V1,12,24,13
S006,Y001V2,12,24,13
S006,Y002V1,12,24,13
S006,Y002V3,12,24,13
S006,S006,13,6,14
S006,S008,13,6,14
S006,K005,13,6,14
S006,Y003,13,6,14
S006,A008,13,12,14
S006,B003V1,13,24,14
S006,B005V2,13,12,14
S006,B009V3,13,6,14
S006,S001V3,13,24,14
S006,S005V1,13,24,14
S006,S005V3,13,12,14
S006,S007V1,13,12,14
S006,S007V3,13,12,14
S006,K001V1,13,12,14
S006,K003V2,13,6,14
S006,K004V3,13,6,14
S006,K006V3,13,24,14
S006,K008V3,13,6,14
S006,K009V2,13,6,14
S006,K010V1,13,6,14
S006,R001V1,13,12,14
S006,R001V2,13,12,14
S006,R002V2,13,6,14
S006,R002V3,13,6,14
S006,R003V1,13,24,14
S006,R004V3,13,12,14
S006,R005V2,13,12,14
S006,R006V3,13,6,14
S006,R008V1,13,24,14
S006,R009V3,13,12,14
S006,Y001V1,13,24,14
S006,Y001V2,13,24,14
S006,Y002V3,13,24,14
S006,B009,14,6,15
S006,B010,14,6,15
S006,S001,14,24,15
S006,S005,14,12,15
S006,S010,14,6,15
S006,K003,14,6,15
S006,K007,14,12,15
S006,R001,14,12,15
S006,R003,14,24,15
S006,A006,14,6,15
S006,A008,14,12,15
S006,B003V1,14,24,15
S006,B005V2,14,12,15
S006,B009V3,14,6,15
S006,S001V2,14,24,15
S006,S001V3,14,24,15
S006,S004V2,14,12,15
S006,S005V1,14,24,15
S006,S005V3,14,12,15
S006,S007V2,14,12,15
S006,S007V3,14,12,15
S006,S010V2,14,6,15
S006,S010V3,14,6,15
S006,K001V1,14,12,15
S006,K002V1,14,24,15
S006,K003V2,14,6,15
S006,K004V3,14,6,15
S006,K006V3,14,24,15
S006,K008V3,14,6,15
S006,K009V2,14,6,15
S006,K010V1,14,18,15
S006,R001V1,14,12,15
S006,R002V1,14,6,15
S006,R004V1,14,12,15
S006,R006V3,14,6,15
S006,Y002V3,14,24,15
S006,B010,15,6,16
S006,S005,15,12,16
S006,S008,15,6,16
S006,S010,15,6,16
S006,K005,15,6,16
S006,K007,15,12,16
S006,R003,15,24,16
S006,R009,15,12,16
S006,Y001,15,24,16
S006,Y002,15,24,16
S006,B003V1,15,24,16
S006,B004V1,15,12,16
S006,B005V1,15,12,16
S006,B008V2,15,24,16
S006,B009V3,15,6,16
S006,S003V1,15,24,16
S006,S005V1,15,24,16
S006,S005V3,15,12,16
S006,S010V3,15,6,16
S006,K001V1,15,12,16
S006,K004V3,15,6,16
S006,K007V1,15,12,16
S006,K009V2,15,6,16
S006,K010V1,15,6,16
S006,R001V1,15,12,16
S006,R002V1,15,6,16
S006,R003V3,15,24,16
S006,R007V1,15,6,16
S006,B007,16,24,17
S006,K005,16,6,17
S006,B003V1,16,24,17
S006,B003V3,16,24,17
S006,B004V1,16,12,17
S006,B005V1,16,12,17
S006,B008V2,16,24,17
S006,B009V3,16,6,17
S006,S001V1,16,24,17
S006,S003V1,16,24,17
S006,S004V1,16,12,17
S006,S005V1,16,12,17
S006,S005V3,16,12,17
S006,S006V1,16,6,17
S006,S010V3,16,6,17
S006,K001V1,16,12,17
S006,K004V3,16,6,17
S006,K008V3,16,6,17
S006,K009V2,16,6,17
S006,K010V1,16,6,17
S006,R001V1,16,12,17
S006,R002V1,16,6,17
S006,R002V2,16,6,17
S006,R003V1,16,24,17
S006,R004V1,16,12,17
S006,R004V2,16,12,17
S006,R004V3,16,12,17
S006,R007V2,16,6,17
S006,R008V1,16,24,17
S006,R009V3,16,12,17
S006,R010V2,16,24,17
S006,Y001V1,16,24,17
S006,Y002V2,16,24,17
S006,K003,17,6,18
S006,K005,17,6,18
S006,R001,17,12,18
S006,R006,17,6,18
S006,A003,17,24,18
S006,A006,17,6,18
S006,B002V2,17,24,18
S006,B003V3,17,24,18
S006,B004V1,17,12,18
S006,B005V2,17,12,18
S006,B009V3,17,6,18
S006,B010V3,17,6,18
S006,S001V1,17,24,18
S006,S007V2,17,12,18
S006,S009V1,17,6,18
S006,S010V3,17,6,18
S006,K001V1,17,12,18
S006,K002V1,17,24,18
S006,K004V3,17,6,18
S006,K008V3,17,6,18
S006,K010V1,17,6,18
S006,R001V1,17,12,18
S006,R001V2,17,12,18
S006,R004V1,17,12,18
S006,R004V2,17,12,18
S006,R004V3,17,12,18
S006,R005V3,17,12,18
S006,R006V3,17,6,18
S006,R007V1,17,6,18
S006,R008V1,17,24,18
S006,R009V2,17,12,18
S006,R010V1,17,24,18
S006,R010V2,17,24,18
S006,Y001V1,17,24,18
S006,B001,18,24,19
S006,B010,18,6,19
S006,R001,18,12,19
S006,R003,18,24,19
S006,R009,18,12,19
S006,Y003,18,6,19
S006,A006,18,6,19
S006,B003V2,18,24,19
S006,B005V2,18,12,19
S006,B010V3,18,6,19
S006,S001V3,18,24,19
S006,S002V2,18,24,19
S006,S003V2,18,24,19
S006,S004V1,18,12,19
S006,S004V2,18,12,19
S006,S005V1,18,12,19
S006,S005V3,18,12,19
S006,S006V1,18,6,19
S006,S010V2,18,6,19
S006,S010V3,18,6,19
S006,K002V1,18,24,19
S006,K003V2,18,6,19
S006,K004V1,18,6,19
S006,K008V3,18,6,19
S006,K010V1,18,6,19
S006,R001V1,18,12,19
S006,R002V1,18,6,19
S006,R002V3,18,6,19
S006,R003V1,18,24,19
S006,R003V3,18,24,19
S006,R004V3,18,12,19
S006,R008V1,18,24,19
S006,R009V2,18,12,19
S006,B004,19,12,20
S006,S004,19,12,20
S006,K005,19,6,20
S006,K007,19,12,20
S006,Y001,19,24,20
S006,Y003,19,6,20
S006,B002V2,19,24,20
S006,B003V1,19,24,20
S006,B005V1,19,12,20
S006,B005V2,19,12,20
S006,B009V3,19,6,20
S006,B010V3,19,6,20
S006,S004V1,19,12,20
S006,S004V2,19,12,20
S006,S005V1,19,12,20
S006,S007V3,19,12,20
S006,S009V1,19,6,20
S006,S010V3,19,6,20
S006,K001V1,19,12,20
S006,K002V1,19,24,20
S006,K004V1,19,6,20
S006,K008V2,19,6,20
S006,K010V1,19,6,20
S006,K010V3,19,6,20
S006,R001V1,19,12,20
S006,R001V2,19,12,20
S006,R001V3,19,12,20
S006,R002V1,19,6,20
S006,R002V2,19,6,20
S006,R003V1,19,24,20
S006,R003V2,19,24,20
S006,R004V1,19,12,20
S006,R004V3,19,12,20
S006,R006V3,19,6,20
S006,R009V3,19,12,20
S006,Y001V1,19,24,20
S006,Y002V2,19,24,20
S006,Y002V3,19,24,20
S006,B007,20,24,21
S006,B010,20,6,21
S006,S010,20,6,21
S006,R001,20,12,21
S006,R004,20,12,21
S006,A001,20,6,21
S006,A002,20,24,21
S006,B002V2,20,24,21
S006,B003V1,20,24,21
S006,B003V2,20,24,21
S006,B003V3,20,24,21
S006,B009V3,20,6,21
S006,S001V2,20,24,21
S006,S002V2,20,24,21
S006,S005V3,20,12,21
S006,S007V3,20,12,21
S006,S009V1,20,6,21
S006,K001V1,20,12,21
S006,K004V3,20,6,21
S006,K009V1,20,6,21
S006,K010V1,20,6,21
S006,R003V2,20,24,21
S006,R004V1,20,12,21
S006,R004V3,20,12,21
S006,R005V1,20,12,21
S006,R008V2,20,24,21
S006,Y001V1,20,24,21
S006,Y001V3,20,24,21
S006,B004,21,12,22
S006,B007,21,24,22
S006,S005,21,12,22
S006,S008,21,6,22
S006,Y001,21,24,22
S006,A008,21,12,22
S006,B002V2,21,24,22
S006,B003V2,21,24,22
S006,B006V3,21,24,22
S006,B007V1,21,24,22
S006,B009V3,21,6,22
S006,B010V3,21,6,22
S006,S001V2,21,24,22
S006,S002V1,21,24,22
S006,S002V3,21,24,22
S006,S005V1,21,12,22
S006,S007V2,21,12,22
S006,S010V3,21,6,22
S006,K001V1,21,12,22
S006,K004V3,21,6,22
S006,K008V1,21,6,22
S006,K010V1,21,6,22
S006,R001V1,21,12,22
S006,R001V2,21,12,22
S006,R003V3,21,24,22
S006,R004V1,21,12,22
S006,R004V3,21,12,22
S006,R006V1,21,6,22
S006,R006V3,21,6,22
S006,R008V1,21,24,22
S006,R009V3,21,12,22
S006,Y002V3,21,24,22
S006,B007,22,24,23
S006,B010,22,6,23
S006,S001,22,24,23
S006,S004,22,12,23
S006,S005,22,12,23
S006,S008,22,6,23
S006,S010,22,6,23
S006,K005,22,6,23
S006,R001,22,12,23
S006,R008,22,24,23
S006,A001,22,6,23
S006,A002,22,24,23
S006,A006,22,6,23
S006,B003V2,22,24,23
S006,B003V3,22,24,23
S006,B004V1,22,12,23
S006,B005V1,22,12,23
S006,B008V2,22,24,23
S006,B009V1,22,6,23
S006,B010V3,22,6,23
S006,S001V1,22,24,23
S006,S003V1,22,24,23
S006,S003V2,22,24,23
S006,S004V2,22,12,23
S006,S005V1,22,12,23
S006,S005V3,22,12,23
S006,K001V3,22,12,23
S006,K002V1,22,24,23
S006,K004V3,22,6,23
S006,K008V3,22,6,23
S006,K009V2,22,6,23
S006,R001V1,22,12,23
S006,R002V1,22,6,23
S006,R002V2,22,6,23
S006,R003V3,22,24,23
S006,R004V1,22,12,23
S006,R005V1,22,12,23
S006,R006V3,22,6,23
S006,R007V1,22,6,23
S006,R008V2,22,24,23
S006,B007,23,24,24
S006,S010,23,6,24
S006,K002,23,24,24
S006,K005,23,6,24
S006,R001,23,12,24
S006,R009,23,12,24
S006,A001,23,6,24
S006,A002,23,24,24
S006,B002V2,23,24,24
S006,B007V1,23,24,24
S006,B009V3,23,6,24
S006,B010V3,23,6,24
S006,S001V1,23,24,24
S006,S002V3,23,24,24
S006,S003V1,23,24,24
S006,S004V2,23,12,24
S006,S005V1,23,12,24
S006,S005V3,23,12,24
S006,S010V3,23,6,24
S006,K001V1,23,12,24
S006,K003V2,23,6,24
S006,K004V3,23,6,24
S006,K006V1,23,24,24
S006,K009V2,23,6,24
S006,K010V1,23,6,24
S006,R001V1,23,12,24
S006,R001V2,23,12,24
S006,R004V3,23,12,24
S006,R005V3,23,12,24
S006,R006V3,23,6,24
S006,R010V3,23,24,24
S006,Y002V2,23,24,24
S006,B001,24,24,25
S006,B007,24,24,25
S006,S008,24,6,25
S006,K002,24,24,25
S006,K007,24,12,25
S006,R003,24,24,25
S006,Y003,24,6,25
S006,A001,24,6,25
S006,A002,24,24,25
S006,A004,24,6,25
S006,B002V2,24,24,25
S006,B006V2,24,24,25
S006,B006V3,24,24,25
S006,B008V2,24,24,25
S006,B009V1,24,6,25
S006,S002V1,24,24,25
S006,S005V1,24,12,25
S006,S009V1,24,6,25
S006,K001V1,24,12,25
S006,K003V2,24,6,25
S006,K003V3,24,6,25
S006,K006V3,24,24,25
S006,K009V2,24,6,25
S006,K010V1,24,6,25
S006,R002V1,24,6,25
S006,R002V2,24,6,25
S006,R002V3,24,6,25
S006,R003V2,24,24,25
S006,R003V3,24,24,25
S006,R004V1,24,12,25
S006,R004V3,24,12,25
S006,R006V3,24,6,25
S006,R007V1,24,6,25
S006,Y002V1,24,24,25
S006,B004,25,12,26
S006,B010,25,6,26
S006,S004,25,12,26
S006,K005,25,6,26
S006,K007,25,12,26
S006,K009,25,6,26
S006,R004,25,12,26
S006,R009,25,12,26
S006,Y001,25,24,26
S006,A001,25,6,26
S006,A005,25,6,26
S006,B001V2,25,24,26
S006,B003V1,25,24,26
S006,B005V2,25,12,26
S006,B006V2,25,24,26
S006,B007V3,25,24,26
S006,S002V2,25,24,26
S006,S002V3,25,24,26
S006,S004V2,25,12,26
S006,S005V1,25,12,26
S006,K004V3,25,6,26
S006,K006V1,25,24,26
S006,K006V3,25,24,26
S006,K008V2,25,6,26
S006,K010V1,25,6,26
S006,R001V1,25,12,26
S006,R002V1,25,6,26
S006,R002V2,25,6,26
S006,R003V1,25,24,26
S006,R004V1,25,12,26
S006,R004V3,25,12,26
S006,R005V1,25,12,26
S006,R006V3,25,6,26
S006,Y002V3,25,24,26
S006,B010,26,6,27
S006,S004,26,12,27
S006,R001,26,12,27
S006,R002,26,6,27
S006,Y001,26,24,27
S006,Y005,26,12,27
S006,A002,26,24,27
S006,B002V2,26,24,27
S006,B004V1,26,12,27
S006,B005V2,26,12,27
S006,B007V1,26,24,27
S006,B008V2,26,24,27
S006,B009V3,26,6,27
S006,S002V2,26,24,27
S006,S004V2,26,12,27
S006,S005V1,26,12,27
S006,S005V3,26,12,27
S006,K001V1,26,12,27
S006,K003V2,26,6,27
S006,K003V3,26,6,27
S006,K004V1,26,6,27
S006,K004V3,26,6,27
S006,K006V1,26,24,27
S006,K008V3,26,6,27
S006,K009V2,26,6,27
S006,R001V1,26,12,27
S006,R003V3,26,24,27
S006,R005V1,26,12,27
S006,R005V2,26,12,27
S006,R006V3,26,6,27
S006,R008V1,26,24,27
S006,R009V3,26,12,27
S006,Y001V2,26,24,27
S006,Y002V3,26,24,27
S006,B004,27,12,28
S006,B008,27,24,28
S006,K005,27,6,28
S006,K007,27,12,28
S006,K009,27,6,28
S006,R003,27,24,28
S006,A008,27,12,28
S006,B001V2,27,24,28
S006,B002V2,27,24,28
S006,B007V1,27,24,28
S006,B009V1,27,6,28
S006,B009V3,27,6,28
S006,S002V3,27,24,28
S006,S004V1,27,12,28
S006,S005V1,27,12,28
S006,S005V3,27,12,28
S006,S008V1,27,6,28
S006,S010V3,27,6,28
S006,K001V1,27,12,28
S006,K004V3,27,6,28
S006,K006V1,27,24,28
S006,K009V2,27,6,28
S006,K010V1,27,6,28
S006,R002V1,27,6,28
S006,R002V2,27,6,28
S006,R003V2,27,24,28
S006,R003V3,27,24,28
S006,R004V1,27,12,28
S006,R004V3,27,12,28
S006,R005V1,27,12,28
S006,R007V1,27,6,28
S006,R007V2,27,6,28
S006,Y001V2,27,24,28
S006,Y002V2,27,24,28
S006,Y002V3,27,24,28
S006,K005,28,6,29
S006,K009,28,6,29
S006,R001,28,12,29
S006,R008,28,24,29
S006,R009,28,12,29
S006,Y001,28,24,29
S006,Y003,28,6,29
S006,A001,28,6,29
S006,B001V2,28,24,29
S006,B002V2,28,24,29
S006,B003V1,28,24,29
S006,B004V1,28,12,29
S006,B005V1,28,12,29
S006,B006V3,28,24,29
S006,B007V1,28,24,29
S006,B009V1,28,6,29
S006,S002V1,28,24,29
S006,S002V2,28,24,29
S006,S005V1,28,12,29
S006,S007V2,28,12,29
S006,S008V2,28,6,29
S006,K001V1,28,12,29
S006,K001V2,28,12,29
S006,K002V1,28,24,29
S006,K003V2,28,6,29
S006,K006V3,28,24,29
S006,R003V1,28,24,29
S006,R003V3,28,24,29
S006,R004V2,28,12,29
S006,R005V1,28,12,29
S006,R005V2,28,12,29
S006,R005V3,28,12,29
S006,R006V3,28,6,29
S006,R010V2,28,24,29
S006,Y001V1,28,24,29
S006,Y001V2,28,24,29
S006,S001,29,24,30
S006,S005,29,12,30
S006,K005,29,6,30
S006,K007,29,12,30
S006,R002,29,6,30
S006,R009,29,12,30
S006,B002V2,29,24,30
S006,B003V3,29,24,30
S006,B004V1,29,12,30
S006,B009V3,29,6,30
S006,B010V2,29,6,30
S006,B010V3,29,6,30
S006,S001V2,29,24,30
S006,S002V1,29,24,30
S006,S003V1,29,24,30
S006,S005V1,29,12,30
S006,S007V3,29,12,30
S006,S008V2,29,6,30
S006,S009V1,29,6,30
S006,K001V1,29,12,30
S006,K003V2,29,6,30
S006,K003V3,29,6,30
S006,K004V3,29,6,30
S006,K006V3,29,24,30
S006,K010V1,29,6,30
S006,K010V3,29,6,30
S006,R001V1,29,12,30
S006,R001V2,29,12,30
S006,R002V1,29,6,30
S006,R004V1,29,12,30
S006,R004V2,29,12,30
S006,R005V3,29,12,30
S006,R006V3,29,6,30
S006,R009V3,29,12,30
S006,Y001V1,29,24,30
S006,B004,30,12,31
S006,B010,30,6,31
S006,S005,30,12,31
S006,K005,30,6,31
S006,K007,30,12,31
S006,K009,30,6,31
S006,R001,30,12,31
S006,R006,30,6,31
S006,R010,30,24,31
S006,Y001,30,24,31
S006,Y005,30,12,31
S006,A001,30,6,31
S006,A003,30,24,31
S006,A004,30,6,31
S006,B003V3,30,24,31
S006,B007V1,30,24,31
S006,B009V1,30,6,31
S006,B009V3,30,6,31
S006,S001V3,30,24,31
S006,S002V1,30,24,31
S006,S002V2,30,24,31
S006,S003V1,30,24,31
S006,S003V2,30,24,31
S006,S003V3,30,24,31
S006,S004V2,30,12,31
S006,S005V1,30,12,31
S006,S005V3,30,12,31
S006,S007V3,30,12,31
S006,S008V2,30,6,31
S006,S009V1,30,6,31
S006,S010V3,30,6,31
S006,K001V1,30,12,31
S006,K003V2,30,6,31
S006,K004V3,30,6,31
S006,K006V3,30,24,31
S006,K008V3,30,6,31
S006,K009V2,30,6,31
S006,R002V1,30,6,31
S006,R003V3,30,24,31
S006,R004V3,30,12,31
S006,R006V3,30,6,31
S006,R009V3,30,12,31
S006,Y001V1,30,24,31
S006,Y002V1,30,24,31
S006,B010,31,6,32
S006,K002,31,24,32
S006,K005,31,6,32
S006,R001,31,12,32
S006,R009,31,12,32
S006,Y005,31,12,32
S006,A001,31,6,32
S006,A002,31,24,32
S006,B002V2,31,24,32
S006,B003V1,31,24,32
S006,B003V3,31,24,32
S006,B006V2,31,24,32
S006,B009V1,31,6,32
S006,B009V3,31,6,32
S006,B010V3,31,6,32
S006,S001V1,31,24,32
S006,S003V2,31,24,32
S006,S003V3,31,24,32
S006,S004V1,31,12,32
S006,S004V2,31,12,32
S006,S005V1,31,12,32
S006,S007V3,31,12,32
S006,S009V1,31,6,32
S006,K001V1,31,12,32
S006,K004V1,31,6,32
S006,K006V2,31,24,32
S006,K009V2,31,6,32
S006,K010V1,31,6,32
S006,R001V1,31,12,32
S006,R003V1,31,24,32
S006,R005V3,31,12,32
S006,B004,32,12,33
S006,B009,32,6,33
S006,S006,32,6,33
S006,K009,32,6,33
S006,R003,32,24,33
S006,Y001,32,24,33
S006,B001V1,32,24,33
S006,B004V1,32,12,33
S006,B004V3,32,12,33
S006,B005V2,32,12,33
S006,B005V3,32,12,33
S006,B007V1,32,24,33
S006,B009V3,32,6,33
S006,S004V1,32,12,33
S006,S005V1,32,12,33
S006,S007V2,32,12,33
S006,S007V3,32,12,33
S006,K001V1,32,12,33
S006,K004V3,32,6,33
S006,K005V1,32,6,33
S006,K006V3,32,24,33
S006,K009V2,32,6,33
S006,R001V2,32,12,33
S006,R002V1,32,6,33
S006,R002V2,32,6,33
S006,R003V3,32,24,33
S006,R004V1,32,12,33
S006,R004V3,32,12,33
S006,R009V3,32,12,33
S006,R010V3,32,24,33
S006,Y002V2,32,24,33
S006,Y002V3,32,24,33
S006,B004,33,12,34
S006,B007,33,24,34
S006,S001,33,24,34
S006,K009,33,6,34
S006,R009,33,12,34
S006,A002,33,24,34
S006,A006,33,6,34
S006,A008,33,12,34
S006,B006V2,33,24,34
S006,B009V1,33,6,34
S006,B009V3,33,6,34
S006,S001V1,33,24,34
S006,S002V2,33,24,34
S006,S002V3,33,24,34
S006,S003V1,33,24,34
S006,S004V1,33,12,34
S006,S007V2,33,12,34
S006,S007V3,33,12,34
S006,S010V3,33,6,34
S006,K004V1,33,6,34
S006,K008V1,33,6,34
S006,K008V3,33,6,34
S006,K009V3,33,6,34
S006,K010V1,33,6,34
S006,R001V1,33,12,34
S006,R002V1,33,6,34
S006,R003V3,33,24,34
S006,R006V1,33,6,34
S006,R007V2,33,6,34
S006,Y002V1,33,24,34
S006,Y002V3,33,24,34
S006,B004,34,12,35
S006,B007,34,24,35
S006,B008,34,24,35
S006,B010,34,6,35
S006,S010,34,6,35
S006,K007,34,12,35
S006,R002,34,6,35
S006,R003,34,24,35
S006,R008,34,24,35
S006,R009,34,12,35
S006,R010,34,24,35
S006,A002,34,24,35
S006,A004,34,6,35
S006,A006,34,6,35
S006,B002V2,34,24,35
S006,B004V1,34,12,35
S006,B007V1,34,24,35
S006,B009V3,34,6,35
S006,S001V1,34,24,35
S006,S001V3,34,24,35
S006,S004V2,34,12,35
S006,S005V1,34,12,35
S006,S009V1,34,6,35
S006,K001V1,34,12,35
S006,K004V3,34,6,35
S006,K006V3,34,24,35
S006,K008V3,34,6,35
S006,K009V2,34,6,35
S006,K010V1,34,6,35
S006,K010V3,34,6,35
S006,R001V1,34,12,35
S006,R001V3,34,12,35
S006,R002V1,34,6,35
S006,R003V3,34,24,35
S006,R004V1,34,12,35
S006,R004V2,34,12,35
S006,R004V3,34,12,35
S006,R005V1,34,12,35
S006,Y002V3,34,24,35
S006,B010,35,6,36
S006,S005,35,12,36
S006,S007,35,12,36
S006,K002,35,24,36
S006,K005,35,6,36
S006,R001,35,12,36
S006,R002,35,6,36
S006,R006,35,6,36
S006,R010,35,24,36
S006,B005V1,35,12,36
S006,B006V1,35,24,36
S006,B006V2,35,24,36
S006,B007V1,35,24,36
S006,B009V3,35,6,36
S006,S001V1,35,24,36
S006,S002V3,35,24,36
S006,S003V2,35,24,36
S006,S005V1,35,12,36
S006,S007V3,35,12,36
S006,S010V3,35,6,36
S006,K002V1,35,24,36
S006,K004V3,35,6,36
S006,K005V1,35,6,36
S006,K006V1,35,24,36
S006,K009V2,35,6,36
S006,K010V1,35,6,36
S006,R002V1,35,6,36
S006,R002V2,35,6,36
S006,R003V1,35,24,36
S006,R004V3,35,12,36
S006,R006V3,35,6,36
S006,R007V1,35,6,36
S006,R008V2,35,24,36
S006,B008,36,24,37
S006,S004,36,12,37
S006,S010,36,6,37
S006,K005,36,6,37
S006,R001,36,12,37
S006,R002,36,6,37
S006,R003,36,24,37
S006,R006,36,6,37
S006,R009,36,12,37
S006,A002,36,24,37
S006,A004,36,6,37
S006,A005,36,6,37
S006,A006,36,6,37
S006,B003V3,36,24,37
S006,B005V1,36,12,37
S006,B006V1,36,24,37
S006,B007V1,36,24,37
S006,B009V1,36,6,37
S006,S001V3,36,24,37
S006,S003V1,36,24,37
S006,S004V1,36,12,37
S006,S005V1,36,12,37
S006,S007V3,36,12,37
S006,K001V1,36,12,37
S006,K003V2,36,6,37
S006,K004V3,36,6,37
S006,K006V2,36,24,37
S006,K008V3,36,6,37
S006,K009V2,36,6,37
S006,R001V1,36,12,37
S006,R002V1,36,6,37
S006,R004V3,36,12,37
S006,R006V3,36,6,37
S006,R009V3,36,12,37
S006,Y002V1,36,24,37
S006,Y002V2,36,24,37
S006,Y002V3,36,24,37
S006,S008,37,6,38
S006,K002,37,24,38
S006,K005,37,6,38
S006,K009,37,6,38
S006,R009,37,12,38
S006,R010,37,24,38
S006,A006,37,6,38
S006,B002V2,37,24,38
S006,B003V3,37,24,38
S006,B007V1,37,24,38
S006,B008V2,37,24,38
S006,S001V2,37,24,38
S006,S001V3,37,24,38
S006,S002V1,37,24,38
S006,S003V1,37,24,38
S006,S004V1,37,12,38
S006,S005V1,37,12,38
S006,S006V2,37,6,38
S006,S007V2,37,12,38
S006,S009V1,37,6,38
S006,S010V2,37,6,38
S006,K001V1,37,12,38
S006,K003V2,37,6,38
S006,K008V3,37,6,38
S006,K009V2,37,6,38
S006,K010V1,37,6,38
S006,R001V1,37,12,38
S006,R003V2,37,24,38
S006,R003V3,37,24,38
S006,R004V1,37,12,38
S006,R005V2,37,12,38
S006,R006V3,37,6,38
S006,R008V1,37,24,38
S006,R010V2,37,24,38
S006,Y001V2,37,24,38
S006,Y001V3,37,24,38
S006,S005,38,12,39
S006,S007,38,12,39
S006,K009,38,6,39
S006,R002,38,6,39
S006,R009,38,12,39
S006,Y001,38,24,39
S006,Y003,38,6,39
S006,B003V3,38,24,39
S006,B004V1,38,12,39
S006,B005V1,38,12,39
S006,B009V1,38,6,39
S006,B009V3,38,6,39
S006,S001V1,38,24,39
S006,S002V1,38,24,39
S006,S002V2,38,24,39
S006,S003V1,38,24,39
S006,S003V2,38,24,39
S006,S004V1,38,12,39
S006,S004V2,38,12,39
S006,K002V1,38,24,39
S006,K002V2,38,24,39
S006,K004V1,38,6,39
S006,K004V3,38,6,39
S006,K006V1,38,24,39
S006,K008V1,38,6,39
S006,K010V1,38,6,39
S006,R001V1,38,12,39
S006,R002V1,38,6,39
S006,R002V2,38,6,39
S006,R002V3,38,6,39
S006,R003V1,38,24,39
S006,R004V1,38,12,39
S006,R006V3,38,6,39
S006,R007V1,38,6,39
S006,Y002V2,38,24,39
S006,B007,39,24,40
S006,S004,39,12,40
S006,S008,39,6,40
S006,S010,39,6,40
S006,R001,39,12,40
S006,R004,39,12,40
S006,R008,39,24,40
S006,Y001,39,24,40
S006,A002,39,24,40
S006,B002V2,39,24,40
S006,B006V2,39,24,40
S006,B009V3,39,6,40
S006,S001V1,39,24,40
S006,S001V2,39,24,40
S006,S004V1,39,12,40
S006,S005V1,39,12,40
S006,S005V3,39,12,40
S006,S009V2,39,6,40
S006,S010V1,39,6,40
S006,K003V1,39,6,40
S006,K004V1,39,6,40
S006,K004V3,39,6,40
S006,K008V3,39,6,40
S006,K009V2,39,6,40
S006,R001V1,39,12,40
S006,R002V2,39,6,40
S006,R002V3,39,6,40
S006,R006V3,39,6,40
S006,R007V1,39,6,40
S006,R008V1,39,24,40
S006,R009V3,39,12,40
S006,R010V2,39,24,40
S006,Y002V3,39,24,40
S006,B004,40,12,41
S006,B005,40,12,41
S006,S007,40,12,41
S006,S010,40,6,41
S006,K009,40,6,41
S006,R004,40,12,41
S006,A002,40,24,41
S006,A008,40,12,41
S006,B002V2,40,24,41
S006,B003V3,40,24,41
S006,B005V1,40,12,41
S006,B009V3,40,6,41
S006,S001V1,40,24,41
S006,S003V1,40,24,41
S006,S003V2,40,24,41
S006,S005V1,40,12,41
S006,S007V2,40,12,41
S006,S009V2,40,6,41
S006,K001V1,40,12,41
S006,K002V1,40,24,41
S006,K004V3,40,6,41
S006,K005V1,40,6,41
S006,K006V2,40,24,41
S006,K010V1,40,6,41
S006,R004V1,40,12,41
S006,R005V3,40,12,41
S006,R007V1,40,6,41
S006,R008V1,40,24,41
S006,R009V3,40,12,41
S006,Y002V3,40,24,41
S006,B008,41,24,42
S006,B010,41,6,42
S006,S005,41,12,42
S006,K002,41,24,42
S006,K005,41,6,42
S006,K009,41,6,42
S006,R009,41,12,42
S006,Y001,41,24,42
S006,A001,41,6,42
S006,B003V1,41,24,42
S006,B003V3,41,24,42
S006,B009V3,41,6,42
S006,S001V2,41,24,42
S006,S004V1,41,12,42
S006,S004V2,41,12,42
S006,S005V3,41,12,42
S006,S006V2,41,6,42
S006,S007V3,41,12,42
S006,S009V1,41,6,42
S006,S009V2,41,6,42
S006,K001V3,41,12,42
S006,K004V3,41,6,42
S006,K005V1,41,6,42
S006,K008V1,41,6,42
S006,R001V1,41,12,42
S006,R002V1,41,6,42
S006,R002V2,41,6,42
S006,R003V3,41,24,42
S006,R004V2,41,12,42
S006,R004V3,41,12,42
S006,R005V1,41,12,42
S006,R006V3,41,6,42
S006,R010V1,41,24,42
S006,Y001V1,41,24,42
S006,Y001V2,41,24,42
S006,Y002V2,41,24,42
S006,Y002V3,41,24,42
S006,B007,42,24,43
S006,B008,42,24,43
S006,S005,42,12,43
S006,S008,42,6,43
S006,K009,42,6,43
S006,R002,42,6,43
S006,R004,42,12,43
S006,R008,42,24,43
S006,R009,42,12,43
S006,R010,42,24,43
S006,A002,42,24,43
S006,B001V2,42,24,43
S006,B003V1,42,24,43
S006,B003V2,42,24,43
S006,B004V1,42,12,43
S006,B006V2,42,24,43
S006,B008V2,42,24,43
S006,B009V3,42,6,43
S006,S001V2,42,24,43
S006,S002V1,42,24,43
S006,S002V2,42,24,43
S006,S002V3,42,24,43
S006,S004V2,42,12,43
S006,S005V1,42,12,43
S006,S005V3,42,12,43
S006,S006V2,42,6,43
S006,S009V1,42,6,43
S006,S010V2,42,6,43
S006,K001V1,42,12,43
S006,K004V3,42,6,43
S006,K007V1,42,12,43
S006,K009V2,42,6,43
S006,K010V1,42,6,43
S006,R001V1,42,12,43
S006,R002V1,42,6,43
S006,R002V2,42,6,43
S006,R003V1,42,24,43
S006,R008V1,42,24,43
S006,R010V1,42,24,43
S006,Y001V2,42,24,43
S006,Y002V3,42,24,43
S006,B005,43,12,44
S006,S007,43,12,44
S006,S008,43,6,44
S006,K002,43,24,44
S006,K005,43,6,44
S006,K007,43,12,44
S006,R001,43,12,44
S006,R002,43,6,44
S006,R003,43,24,44
S006,R008,43,24,44
S006,R009,43,12,44
S006,A006,43,6,44
S006,B001V2,43,24,44
S006,B003V1,43,24,44
S006,B005V1,43,12,44
S006,B007V2,43,24,44
S006,B008V2,43,24,44
S006,B009V3,43,6,44
S006,S002V1,43,24,44
S006,S002V2,43,24,44
S006,S003V3,43,24,44
S006,S006V2,43,6,44
S006,S007V3,43,12,44
S006,S009V1,43,6,44
S006,K001V1,43,12,44
S006,K002V1,43,24,44
S006,K004V3,43,6,44
S006,K005V1,43,6,44
S006,K008V3,43,6,44
S006,K009V2,43,6,44
S006,K010V1,43,6,44
S006,R001V1,43,12,44
S006,R001V2,43,12,44
S006,R002V1,43,6,44
S006,R002V2,43,6,44
S006,R003V3,43,24,44
S006,R004V1,43,12,44
S006,R004V2,43,12,44
S006,R006V3,43,6,44
S006,R007V2,43,6,44
S006,R009V3,43,12,44
S006,Y001V2,43,24,44
S006,Y002V2,43,24,44
S006,Y002V3,43,24,44
S006,S001,44,24,45
S006,S007,44,12,45
S006,K005,44,6,45
S006,K007,44,12,45
S006,R001,44,12,45
S006,Y001,44,24,45
S006,A002,44,24,45
S006,A008,44,12,45
S006,B001V2,44,24,45
S006,B002V2,44,24,45
S006,B003V1,44,24,45
S006,B003V3,44,24,45
S006,B005V1,44,12,45
S006,B007V2,44,24,45
S006,S001V2,44,24,45
S006,S004V1,44,12,45
S006,S005V1,44,12,45
S006,S010V3,44,6,45
S006,K001V1,44,12,45
S006,K002V1,44,24,45
S006,K002V2,44,24,45
S006,K004V3,44,6,45
S006,K005V1,44,6,45
S006,K006V1,44,24,45
S006,K009V2,44,6,45
S006,K010V1,44,6,45
S006,R001V1,44,12,45
S006,R003V2,44,24,45
S006,R003V3,44,24,45
S006,R006V1,44,6,45
S006,R008V1,44,24,45
S006,Y001V2,44,24,45
S006,Y001V3,44,24,45
S006,Y002V2,44,24,45
S006,Y002V3,44,24,45
S006,S004,45,12,46
S006,S007,45,12,46
S006,S008,45,6,46
S006,K005,45,6,46
S006,K009,45,6,46
S006,R007,45,6,46
S006,Y002,45,24,46
S006,A004,45,6,46
S006,A006,45,6,46
S006,B001V3,45,24,46
S006,B003V1,45,24,46
S006,B006V2,45,24,46
S006,B007V2,45,24,46
S006,B009V1,45,6,46
S006,B009V3,45,6,46
S006,S002V2,45,24,46
S006,S003V2,45,24,46
S006,S004V2,45,12,46
S006,S005V1,45,12,46
S006,S006V2,45,6,46
S006,S007V2,45,12,46
S006,K001V1,45,12,46
S006,K004V1,45,6,46
S006,K004V3,45,6,46
S006,K007V1,45,12,46
S006,K009V1,45,6,46
S006,K009V2,45,6,46
S006,K010V1,45,6,46
S006,R001V1,45,12,46
S006,R002V1,45,6,46
S006,R003V1,45,24,46
S006,R003V3,45,24,46
S006,R005V1,45,12,46
S006,R007V1,45,6,46
S006,R010V2,45,24,46
S006,Y002V2,45,24,46
S006,B008,46,24,47
S006,S004,46,12,47
S006,K005,46,6,47
S006,Y001,46,24,47
S006,A002,46,24,47
S006,A003,46,24,47
S006,B001V3,46,24,47
S006,B002V2,46,24,47
S006,B003V2,46,24,47
S006,B005V1,46,12,47
S006,B007V1,46,24,47
S006,B008V2,46,24,47
S006,B009V3,46,6,47
S006,B010V2,46,6,47
S006,S001V1,46,24,47
S006,S002V2,46,24,47
S006,S004V2,46,12,47
S006,S005V1,46,12,47
S006,S010V3,46,6,47
S006,K001V1,46,12,47
S006,K004V3,46,6,47
S006,K005V1,46,6,47
S006,K006V3,46,24,47
S006,K007V1,46,12,47
S006,K009V1,46,6,47
S006,K009V2,46,6,47
S006,K010V1,46,6,47
S006,R001V1,46,12,47
S006,R002V2,46,6,47
S006,R003V2,46,24,47
S006,R004V3,46,12,47
S006,R005V1,46,12,47
S006,R006V3,46,6,47
S006,R007V1,46,6,47
S006,R009V3,46,12,47
S006,B004,47,12,48
S006,B009,47,6,48
S006,S005,47,12,48
S006,K001,47,12,48
S006,R009,47,12,48
S006,Y001,47,24,48
S006,A002,47,24,48
S006,A005,47,6,48
S006,B001V3,47,24,48
S006,B002V2,47,24,48
S006,B003V1,47,24,48
S006,B006V1,47,24,48
S006,B007V1,47,24,48
S006,B008V2,47,24,48
S006,B009V3,47,6,48
S006,B010V3,47,6,48
S006,S001V3,47,24,48
S006,S004V1,47,12,48
S006,S005V1,47,12,48
S006,S007V2,47,12,48
S006,S007V3,47,12,48
S006,S010V3,47,6,48
S006,K001V1,47,12,48
S006,K002V1,47,24,48
S006,K004V1,47,6,48
S006,K005V1,47,6,48
S006,K006V3,47,24,48
S006,K007V1,47,12,48
S006,K009V1,47,6,48
S006,K009V2,47,6,48
S006,K010V1,47,6,48
S006,R001V1,47,12,48
S006,R001V2,47,12,48
S006,R002V1,47,6,48
S006,R003V2,47,24,48
S006,R004V1,47,12,48
S006,R004V2,47,12,48
S006,R004V3,47,12,48
S006,R008V1,47,24,48
S006,Y001V1,47,24,48
S006,Y001V3,47,24,48
S006,Y002V3,47,24,48
S006,B004,48,12,49
S006,B009,48,6,49
S006,B010,48,6,49
S006,S004,48,12,49
S006,S005,48,12,49
S006,S007,48,12,49
S006,K005,48,6,49
S006,K007,48,12,49
S006,K009,48,6,49
S006,R006,48,6,49
S006,R008,48,24,49
S006,A004,48,6,49
S006,A006,48,6,49
S006,B003V1,48,24,49
S006,B003V3,48,24,49
S006,B004V1,48,12,49
S006,B005V1,48,12,49
S006,B006V1,48,24,49
S006,B006V2,48,24,49
S006,B008V2,48,24,49
S006,B009V3,48,6,49
S006,S001V1,48,24,49
S006,S002V1,48,24,49
S006,S002V2,48,24,49
S006,S004V2,48,12,49
S006,S005V1,48,12,49
S006,S005V2,48,12,49
S006,S007V3,48,12,49
S006,S009V1,48,6,49
S006,K001V1,48,12,49
S006,K002V1,48,24,49
S006,K007V1,48,12,49
S006,K008V3,48,6,49
S006,K009V1,48,6,49
S006,R001V1,48,12,49
S006,R005V1,48,12,49
S006,R008V1,48,24,49
S006,Y001V2,48,24,49
S006,Y002V2,48,24,49
S006,B004,49,12,50
S006,B009,49,6,50
S006,B010,49,6,50
S006,S004,49,12,50
S006,S007,49,12,50
S006,K001,49,12,50
S006,K002,49,24,50
S006,K005,49,6,50
S006,K007,49,12,50
S006,K009,49,6,50
S006,R002,49,6,50
S006,R003,49,24,50
S006,R009,49,12,50
S006,B003V1,49,24,50
S006,B005V1,49,12,50
S006,B006V2,49,24,50
S006,B008V2,49,24,50
S006,B009V1,49,6,50
S006,B010V2,49,6,50
S006,S001V2,49,24,50
S006,S003V1,49,24,50
S006,S004V1,49,12,50
S006,K001V1,49,12,50
S006,K002V1,49,24,50
S006,K004V3,49,6,50
S006,K005V1,49,6,50
S006,K009V1,49,6,50
S006,K009V2,49,6,50
S006,K010V1,49,6,50
S006,R001V1,49,12,50
S006,R002V1,49,6,50
S006,R003V2,49,24,50
S006,R004V2,49,12,50
S006,R008V1,49,24,50
S006,Y002V2,49,24,50
S006,Y002V3,49,24,50
S006,B009,50,6,51
S006,S002,50,24,51
S006,S010,50,6,51
S006,K001,50,12,51
S006,K005,50,6,51
S006,K009,50,6,51
S006,B001V3,50,24,51
S006,B003V3,50,24,51
S006,B005V1,50,12,51
S006,B006V1,50,24,51
S006,B007V1,50,24,51
S006,B010V2,50,6,51
S006,S001V1,50,24,51
S006,S001V2,50,24,51
S006,S003V3,50,24,51
S006,S005V1,50,12,51
S006,S005V2,50,12,51
S006,S006V2,50,6,51
S006,K001V1,50,12,51
S006,K002V1,50,24,51
S006,K004V3,50,6,51
S006,K008V1,50,6,51
S006,K008V3,50,6,51
S006,K010V1,50,6,51
S006,R001V2,50,12,51
S006,R002V1,50,6,51
S006,R002V2,50,6,51
S006,R003V1,50,24,51
S006,R003V2,50,24,51
S006,R004V2,50,12,51
S006,R004V3,50,12,51
S006,R005V2,50,12,51
S006,R006V3,50,6,51
S006,B009,51,6,52
S006,B010,51,6,52
S006,S001,51,24,52
S006,S005,51,12,52
S006,K005,51,6,52
S006,R008,51,24,52
S006,R009,51,12,52
S006,Y001,51,24,52
S006,A001,51,6,52
S006,B001V3,51,24,52
S006,B005V1,51,12,52
S006,B006V2,51,24,52
S006,B007V1,51,24,52
S006,B009V3,51,6,52
S006,S001V2,51,24,52
S006,S001V3,51,24,52
S006,S002V3,51,24,52
S006,S005V2,51,12,52
S006,S005V3,51,12,52
S006,S009V1,51,6,52
S006,K001V1,51,12,52
S006,K005V1,51,6,52
S006,K008V3,51,6,52
S006,K009V2,51,6,52
S006,K010V1,51,6,52
S006,R001V1,51,12,52
S006,R003V2,51,24,52
S006,R004V1,51,12,52
S006,R007V2,51,6,52
S006,Y001V1,51,24,52
S006,Y001V2,51,24,52
S007,B004,1,12,2
S007,B008,1,24,2
S007,S001,1,24,2
S007,S002,1,24,2
S007,S010,1,6,2
S007,K001,1,12,2
S007,K004,1,18,2
S007,K005,1,66,2
S007,K006,1,24,2
S007,K009,1,6,2
S007,R001,1,12,2
S007,Y003,1,6,2
S007,A006,1,6,2
S007,A008,1,12,2
S007,B001V2,1,24,2
S007,B001V3,1,24,2
S007,B002V1,1,24,2
S007,B006V1,1,24,2
S007,B009V2,1,6,2
S007,B009V3,1,66,2
S007,B010V1,1,6,2
S007,S001V1,1,24,2
S007,S004V1,1,12,2
S007,S004V2,1,12,2
S007,S005V1,1,36,2
S007,S006V1,1,6,2
S007,S007V3,1,12,2
S007,S008V3,1,6,2
S007,S009V2,1,6,2
S007,K001V1,1,96,2
S007,K003V3,1,6,2
S007,K004V3,1,48,2
S007,K005V1,1,6,2
S007,K007V2,1,12,2
S007,K007V3,1,12,2
S007,K009V1,1,12,2
S007,K009V2,1,18,2
S007,K010V1,1,6,2
S007,R005V1,1,12,2
S007,R008V1,1,24,2
S007,Y001V2,1,24,2
S007,Y002V2,1,24,2
S007,Y002V3,1,24,2
S007,B003,2,24,3
S007,B004,2,12,3
S007,B005,2,12,3
S007,B010,2,6,3
S007,S002,2,24,3
S007,S008,2,6,3
S007,K004,2,36,3
S007,K005,2,6,3
S007,K006,2,24,3
S007,K009,2,6,3
S007,K010,2,6,3
S007,Y003,2,6,3
S007,B001V2,2,24,3
S007,B005V3,2,12,3
S007,B006V1,2,24,3
S007,B006V2,2,24,3
S007,B008V1,2,24,3
S007,B009V3,2,42,3
S007,B010V1,2,6,3
S007,S003V2,2,24,3
S007,S004V2,2,12,3
S007,S005V1,2,36,3
S007,S008V2,2,6,3
S007,S008V3,2,6,3
S007,S009V2,2,12,3
S007,K001V1,2,84,3
S007,K002V2,2,24,3
S007,K003V3,2,6,3
S007,K004V3,2,6,3
S007,K005V2,2,6,3
S007,K005V3,2,6,3
S007,K006V1,2,24,3
S007,K006V3,2,24,3
S007,K007V2,2,12,3
S007,K007V3,2,12,3
S007,K008V3,2,6,3
S007,K009V1,2,6,3
S007,K009V2,2,30,3
S007,K010V1,2,18,3
S007,R002V1,2,6,3
S007,R003V3,2,24,3
S007,R004V1,2,12,3
S007,R007V3,2,6,3
S007,Y002V2,2,24,3
S007,B004,3,12,4
S007,B005,3,12,4
S007,B006,3,24,4
S007,B007,3,24,4
S007,K001,3,12,4
S007,K004,3,6,4
S007,K005,3,6,4
S007,K006,3,24,4
S007,K009,3,6,4
S007,K010,3,6,4
S007,R005,3,12,4
S007,R006,3,6,4
S007,R009,3,12,4
S007,A001,3,6,4
S007,A006,3,6,4
S007,B004V1,3,12,4
S007,B005V1,3,12,4
S007,B005V2,3,12,4
S007,B005V3,3,12,4
S007,B006V1,3,24,4
S007,B006V2,3,24,4
S007,B009V1,3,6,4
S007,B009V2,3,6,4
S007,B009V3,3,42,4
S007,B010V1,3,6,4
S007,S005V1,3,24,4
S007,S007V2,3,12,4
S007,S007V3,3,12,4
S007,S008V1,3,6,4
S007,S009V2,3,12,4
S007,K001V1,3,132,4
S007,K005V2,3,6,4
S007,K006V1,3,24,4
S007,K007V2,3,12,4
S007,K007V3,3,12,4
S007,K009V1,3,12,4
S007,K009V2,3,42,4
S007,K010V1,3,12,4
S007,R003V1,3,24,4
S007,R004V1,3,12,4
S007,R004V3,3,12,4
S007,R005V1,3,12,4
S007,R005V2,3,12,4
S007,R007V1,3,6,4
S007,R008V2,3,24,4
S007,Y002V3,3,24,4
S007,B003,4,24,5
S007,B006,4,24,5
S007,B007,4,24,5
S007,B010,4,6,5
S007,S001,4,24,5
S007,S008,4,6,5
S007,S010,4,6,5
S007,K001,4,12,5
S007,K010,4,6,5
S007,R002,4,6,5
S007,R004,4,12,5
S007,R008,4,24,5
S007,Y006,4,6,5
S007,B001V2,4,24,5
S007,B005V2,4,12,5
S007,B006V1,4,24,5
S007,B007V3,4,24,5
S007,B008V1,4,24,5
S007,B008V2,4,24,5
S007,B009V2,4,6,5
S007,B009V3,4,6,5
S007,S001V1,4,24,5
S007,S005V1,4,48,5
S007,S007V3,4,12,5
S007,S009V2,4,18,5
S007,K001V1,4,12,5
S007,K004V3,4,6,5
S007,K005V2,4,6,5
S007,K006V1,4,24,5
S007,K009V1,4,6,5
S007,K009V2,4,18,5
S007,K010V1,4,12,5
S007,R002V1,4,6,5
S007,R003V1,4,24,5
S007,R004V2,4,12,5
S007,Y002V2,4,24,5
S007,Y002V3,4,24,5
S007,B006,5,24,6
S007,B007,5,24,6
S007,S001,5,24,6
S007,S002,5,24,6
S007,S010,5,6,6
S007,K005,5,6,6
S007,K006,5,24,6
S007,K010,5,6,6
S007,R005,5,12,6
S007,R008,5,24,6
S007,B004V1,5,12,6
S007,B006V1,5,24,6
S007,B006V2,5,24,6
S007,B009V3,5,6,6
S007,S003V2,5,24,6
S007,S005V1,5,12,6
S007,S008V3,5,6,6
S007,S009V1,5,6,6
S007,S009V2,5,12,6
S007,K004V3,5,6,6
S007,K005V2,5,6,6
S007,K009V1,5,6,6
S007,K009V2,5,24,6
S007,K010V1,5,12,6
S007,R003V1,5,24,6
S007,R004V1,5,12,6
S007,R004V3,5,12,6
S007,R005V2,5,12,6
S007,R007V2,5,6,6
S007,R008V1,5,24,6
S007,R010V1,5,24,6
S007,Y001V1,5,24,6
S007,Y001V2,5,24,6
S007,Y002V3,5,24,6
S007,B003,6,24,7
S007,B004,6,12,7
S007,B005,6,12,7
S007,R008,6,24,7
S007,R009,6,12,7
S007,B001V3,6,24,7
S007,B004V1,6,12,7
S007,B004V3,6,12,7
S007,B005V1,6,12,7
S007,B005V2,6,12,7
S007,B006V2,6,24,7
S007,B006V3,6,24,7
S007,B009V2,6,6,7
S007,B009V3,6,6,7
S007,S001V1,6,24,7
S007,S005V1,6,12,7
S007,S007V2,6,12,7
S007,S007V3,6,12,7
S007,S009V2,6,6,7
S007,K001V1,6,12,7
S007,K005V2,6,6,7
S007,K007V2,6,12,7
S007,K007V3,6,12,7
S007,K009V2,6,30,7
S007,K010V1,6,12,7
S007,R002V1,6,6,7
S007,R002V3,6,6,7
S007,R004V3,6,12,7
S007,Y001V1,6,24,7
S007,B002,7,24,8
S007,B004,7,12,8
S007,B008,7,24,8
S007,S001,7,24,8
S007,S010,7,6,8
S007,K001,7,12,8
S007,K004,7,6,8
S007,K005,7,6,8
S007,K010,7,6,8
S007,R001,7,12,8
S007,R007,7,6,8
S007,R009,7,12,8
S007,Y006,7,6,8
S007,B001V3,7,24,8
S007,B002V2,7,24,8
S007,B004V1,7,12,8
S007,B005V2,7,12,8
S007,B009V1,7,6,8
S007,B009V3,7,6,8
S007,S001V1,7,24,8
S007,S003V2,7,24,8
S007,S005V1,7,24,8
S007,S007V2,7,12,8
S007,S007V3,7,12,8
S007,S008V3,7,6,8
S007,S009V2,7,6,8
S007,K001V1,7,12,8
S007,K004V3,7,6,8
S007,K005V2,7,6,8
S007,K006V1,7,24,8
S007,K009V2,7,18,8
S007,K010V1,7,6,8
S007,R003V1,7,24,8
S007,R003V3,7,24,8
S007,R005V3,7,12,8
S007,R006V1,7,6,8
S007,R008V1,7,24,8
S007,R010V2,7,24,8
S007,B002,8,24,9
S007,B004,8,12,9
S007,B005,8,12,9
S007,S001,8,24,9
S007,S007,8,12,9
S007,K001,8,12,9
S007,K004,8,6,9
S007,K006,8,24,9
S007,R008,8,24,9
S007,R009,8,12,9
S007,A001,8,6,9
S007,B002V2,8,24,9
S007,B005V1,8,12,9
S007,B006V1,8,24,9
S007,B008V1,8,24,9
S007,B008V2,8,24,9
S007,B009V3,8,6,9
S007,S003V2,8,24,9
S007,S005V1,8,24,9
S007,S007V2,8,12,9
S007,S007V3,8,12,9
S007,S009V2,8,12,9
S007,K001V1,8,12,9
S007,K004V3,8,6,9
S007,K005V1,8,6,9
S007,K005V2,8,6,9
S007,K006V1,8,24,9
S007,K007V2,8,12,9
S007,K007V3,8,12,9
S007,K009V2,8,24,9
S007,K010V1,8,6,9
S007,R004V1,8,12,9
S007,R007V1,8,6,9
S007,R010V2,8,24,9
S007,B006,9,24,10
S007,B010,9,6,10
S007,S001,9,24,10
S007,K004,9,6,10
S007,K005,9,6,10
S007,R005,9,12,10
S007,B002V1,9,24,10
S007,B002V2,9,24,10
S007,B004V1,9,12,10
S007,B005V2,9,12,10
S007,B006V2,9,24,10
S007,B007V1,9,24,10
S007,B008V3,9,24,10
S007,B010V1,9,6,10
S007,S001V1,9,24,10
S007,S004V2,9,12,10
S007,S005V1,9,36,10
S007,S007V2,9,12,10
S007,S009V2,9,12,10
S007,K002V1,9,24,10
S007,K009V2,9,18,10
S007,K010V1,9,6,10
S007,R002V1,9,6,10
S007,R003V3,9,24,10
S007,R005V2,9,12,10
S007,R010V2,9,24,10
S007,Y001V2,9,24,10
S007,B002,10,24,11
S007,S010,10,6,11
S007,K002,10,24,11
S007,K004,10,6,11
S007,K005,10,6,11
S007,K008,10,6,11
S007,R001,10,12,11
S007,R006,10,6,11
S007,R008,10,24,11
S007,R009,10,12,11
S007,B002V1,10,24,11
S007,B005V1,10,12,11
S007,B006V2,10,24,11
S007,B007V1,10,24,11
S007,B008V1,10,24,11
S007,B008V3,10,24,11
S007,B009V3,10,6,11
S007,S003V2,10,24,11
S007,S005V1,10,36,11
S007,S007V3,10,12,11
S007,S008V3,10,6,11
S007,S009V2,10,6,11
S007,K001V1,10,12,11
S007,K004V3,10,6,11
S007,K006V1,10,24,11
S007,K007V3,10,12,11
S007,K008V1,10,6,11
S007,K009V2,10,24,11
S007,K010V1,10,6,11
S007,R007V1,10,6,11
S007,B009,11,6,12
S007,B010,11,6,12
S007,S002,11,24,12
S007,S010,11,6,12
S007,K004,11,6,12
S007,K005,11,6,12
S007,K006,11,24,12
S007,R001,11,12,12
S007,R002,11,6,12
S007,R008,11,24,12
S007,A001,11,6,12
S007,A008,11,12,12
S007,B001V2,11,24,12
S007,B005V1,11,12,12
S007,B005V2,11,12,12
S007,B008V3,11,24,12
S007,B009V3,11,6,12
S007,S001V1,11,24,12
S007,S003V2,11,24,12
S007,S004V2,11,12,12
S007,S005V1,11,24,12
S007,S006V3,11,6,12
S007,S007V2,11,12,12
S007,S007V3,11,12,12
S007,S008V3,11,6,12
S007,S009V2,11,6,12
S007,K001V1,11,12,12
S007,K004V3,11,6,12
S007,K005V1,11,6,12
S007,K005V2,11,6,12
S007,K009V2,11,30,12
S007,R002V1,11,6,12
S007,R002V3,11,6,12
S007,R003V3,11,24,12
S007,R005V2,11,12,12
S007,R005V3,11,12,12
S007,R009V1,11,12,12
S007,Y001V2,11,24,12
S007,B002,12,24,13
S007,B004,12,12,13
S007,B010,12,6,13
S007,K002,12,24,13
S007,K004,12,6,13
S007,K005,12,6,13
S007,K006,12,24,13
S007,K009,12,6,13
S007,R001,12,12,13
S007,R005,12,12,13
S007,B001V1,12,24,13
S007,B001V2,12,24,13
S007,B002V2,12,24,13
S007,B004V1,12,12,13
S007,B008V1,12,24,13
S007,B009V3,12,6,13
S007,B010V1,12,6,13
S007,S005V1,12,36,13
S007,S005V3,12,12,13
S007,S006V3,12,6,13
S007,S007V1,12,12,13
S007,S008V2,12,6,13
S007,S008V3,12,6,13
S007,S009V2,12,6,13
S007,K001V1,12,12,13
S007,K002V2,12,24,13
S007,K004V3,12,6,13
S007,K007V1,12,12,13
S007,K007V2,12,12,13
S007,K009V2,12,18,13
S007,K010V1,12,6,13
S007,R004V1,12,12,13
S007,R005V3,12,12,13
S007,R007V1,12,6,13
S007,Y002V2,12,24,13
S007,Y002V3,12,24,13
S007,B004,13,12,14
S007,S007,13,12,14
S007,K001,13,12,14
S007,K004,13,6,14
S007,K005,13,6,14
S007,K009,13,6,14
S007,R001,13,12,14
S007,Y006,13,6,14
S007,A006,13,6,14
S007,B001V3,13,24,14
S007,B006V1,13,24,14
S007,B008V1,13,24,14
S007,B009V3,13,6,14
S007,S003V2,13,24,14
S007,S005V1,13,24,14
S007,S005V3,13,12,14
S007,S006V3,13,6,14
S007,K001V1,13,12,14
S007,K004V3,13,6,14
S007,K005V2,13,6,14
S007,K007V2,13,12,14
S007,K007V3,13,12,14
S007,K008V3,13,6,14
S007,K009V2,13,18,14
S007,K010V1,13,6,14
S007,R002V1,13,6,14
S007,R002V3,13,6,14
S007,R005V3,13,12,14
S007,R007V1,13,6,14
S007,R007V3,13,6,14
S007,Y001V3,13,24,14
S007,Y002V2,13,24,14
S007,Y002V3,13,24,14
S007,S002,14,24,15
S007,S007,14,12,15
S007,K004,14,6,15
S007,K005,14,6,15
S007,K009,14,6,15
S007,R004,14,12,15
S007,R009,14,12,15
S007,B005V2,14,12,15
S007,B007V1,14,24,15
S007,B007V3,14,24,15
S007,B009V3,14,6,15
S007,S005V1,14,24,15
S007,S005V3,14,12,15
S007,S008V3,14,6,15
S007,S009V2,14,6,15
S007,S010V1,14,6,15
S007,K005V2,14,6,15
S007,K006V1,14,24,15
S007,K006V3,14,24,15
S007,K007V1,14,12,15
S007,K007V3,14,12,15
S007,K009V2,14,6,15
S007,K010V1,14,6,15
S007,R002V1,14,6,15
S007,R003V3,14,24,15
S007,R004V1,14,12,15
S007,R004V3,14,12,15
S007,R005V3,14,12,15
S007,R008V1,14,24,15
S007,Y002V2,14,24,15
S007,B005,15,12,16
S007,B008,15,24,16
S007,S002,15,24,16
S007,S009,15,6,16
S007,K001,15,12,16
S007,K008,15,6,16
S007,R009,15,12,16
S007,Y006,15,6,16
S007,A006,15,6,16
S007,B001V3,15,24,16
S007,B005V1,15,12,16
S007,B009V3,15,6,16
S007,B010V1,15,6,16
S007,S001V1,15,24,16
S007,S003V2,15,24,16
S007,S005V1,15,24,16
S007,S005V3,15,12,16
S007,S006V2,15,6,16
S007,S007V2,15,12,16
S007,S008V3,15,6,16
S007,K001V1,15,12,16
S007,K001V2,15,12,16
S007,K005V2,15,6,16
S007,K006V1,15,24,16
S007,K006V3,15,24,16
S007,K009V2,15,6,16
S007,K010V1,15,6,16
S007,R002V1,15,6,16
S007,R003V1,15,24,16
S007,R003V3,15,24,16
S007,R004V1,15,12,16
S007,Y002V3,15,24,16
S007,B006,16,24,17
S007,B010,16,6,17
S007,S006,16,6,17
S007,S008,16,6,17
S007,S009,16,6,17
S007,S010,16,6,17
S007,K002,16,24,17
S007,K006,16,24,17
S007,R001,16,12,17
S007,R004,16,12,17
S007,R008,16,24,17
S007,R009,16,12,17
S007,B001V3,16,24,17
S007,B002V2,16,24,17
S007,B004V3,16,12,17
S007,B005V1,16,12,17
S007,B006V2,16,24,17
S007,B009V3,16,6,17
S007,B010V1,16,6,17
S007,S001V1,16,24,17
S007,S005V1,16,24,17
S007,S006V2,16,6,17
S007,S007V2,16,12,17
S007,S008V3,16,6,17
S007,K001V1,16,12,17
S007,K002V1,16,24,17
S007,K006V3,16,24,17
S007,K007V2,16,12,17
S007,K007V3,16,12,17
S007,K008V3,16,6,17
S007,K010V1,16,6,17
S007,R003V1,16,24,17
S007,R008V2,16,24,17
S007,R010V2,16,24,17
S007,Y002V3,16,24,17
S007,B004,17,12,18
S007,B005,17,12,18
S007,B008,17,24,18
S007,S007,17,12,18
S007,K004,17,6,18
S007,K006,17,24,18
S007,R001,17,12,18
S007,R004,17,12,18
S007,Y006,17,6,18
S007,A001,17,6,18
S007,A006,17,6,18
S007,A008,17,12,18
S007,B001V3,17,24,18
S007,B004V1,17,12,18
S007,B006V2,17,24,18
S007,S004V2,17,12,18
S007,S005V1,17,24,18
S007,S007V2,17,12,18
S007,S007V3,17,12,18
S007,K001V1,17,12,18
S007,K002V1,17,24,18
S007,K004V2,17,6,18
S007,K005V2,17,6,18
S007,K006V3,17,24,18
S007,K008V1,17,6,18
S007,K008V3,17,6,18
S007,R008V1,17,24,18
S007,R010V2,17,24,18
S007,Y001V2,17,24,18
S007,Y002V3,17,24,18
S007,B002,18,24,19
S007,B003,18,24,19
S007,B005,18,12,19
S007,S008,18,6,19
S007,S010,18,6,19
S007,K001,18,12,19
S007,K004,18,6,19
S007,K005,18,6,19
S007,K006,18,24,19
S007,R001,18,12,19
S007,Y003,18,6,19
S007,Y006,18,6,19
S007,A006,18,6,19
S007,A008,18,12,19
S007,B005V3,18,12,19
S007,B007V1,18,24,19
S007,B008V2,18,24,19
S007,B009V3,18,6,19
S007,S006V2,18,6,19
S007,S008V3,18,6,19
S007,K001V1,18,12,19
S007,K002V1,18,24,19
S007,K004V2,18,6,19
S007,K004V3,18,6,19
S007,K008V3,18,6,19
S007,K009V2,18,6,19
S007,K010V1,18,6,19
S007,K010V2,18,6,19
S007,R002V1,18,6,19
S007,R003V1,18,24,19
S007,R003V3,18,24,19
S007,R004V1,18,12,19
S007,R005V1,18,12,19
S007,R010V2,18,24,19
S007,Y002V3,18,24,19
S007,B003,19,24,20
S007,B004,19,12,20
S007,B005,19,12,20
S007,B010,19,6,20
S007,K003,19,6,20
S007,K005,19,6,20
S007,R002,19,6,20
S007,R005,19,12,20
S007,R009,19,12,20
S007,Y003,19,6,20
S007,A001,19,6,20
S007,B002V1,19,24,20
S007,B004V1,19,12,20
S007,B005V1,19,12,20
S007,B005V2,19,12,20
S007,B007V1,19,24,20
S007,B009V2,19,6,20
S007,B009V3,19,6,20
S007,S003V2,19,24,20
S007,S005V1,19,12,20
S007,S007V2,19,12,20
S007,S010V1,19,6,20
S007,K001V1,19,12,20
S007,K004V3,19,6,20
S007,K006V3,19,24,20
S007,K007V1,19,12,20
S007,K007V2,19,12,20
S007,K009V2,19,6,20
S007,K010V1,19,6,20
S007,R003V3,19,24,20
S007,R004V2,19,12,20
S007,R005V1,19,12,20
S007,R008V2,19,24,20
S007,Y001V1,19,24,20
S007,B002,20,24,21
S007,B004,20,12,21
S007,B005,20,12,21
S007,B006,20,24,21
S007,S008,20,6,21
S007,K005,20,6,21
S007,R001,20,12,21
S007,R008,20,24,21
S007,B002V2,20,24,21
S007,B006V1,20,24,21
S007,B006V3,20,24,21
S007,B008V1,20,24,21
S007,B009V2,20,6,21
S007,B009V3,20,6,21
S007,S003V2,20,24,21
S007,K001V1,20,12,21
S007,K005V3,20,6,21
S007,K006V1,20,24,21
S007,K006V2,20,24,21
S007,K007V2,20,12,21
S007,K009V1,20,6,21
S007,K009V2,20,6,21
S007,R002V1,20,6,21
S007,Y002V2,20,24,21
S007,B004,21,12,22
S007,B005,21,12,22
S007,S001,21,24,22
S007,S009,21,6,22
S007,S010,21,6,22
S007,K004,21,6,22
S007,K005,21,6,22
S007,R009,21,12,22
S007,Y003,21,6,22
S007,B001V1,21,24,22
S007,B001V3,21,24,22
S007,B002V1,21,24,22
S007,B005V2,21,12,22
S007,B006V2,21,24,22
S007,B008V3,21,24,22
S007,B009V2,21,6,22
S007,B009V3,21,6,22
S007,S005V1,21,12,22
S007,S005V3,21,12,22
S007,S008V3,21,6,22
S007,S010V1,21,6,22
S007,K001V1,21,12,22
S007,K001V2,21,12,22
S007,K002V1,21,24,22
S007,K002V2,21,24,22
S007,K004V2,21,6,22
S007,K004V3,21,6,22
S007,K007V3,21,12,22
S007,K008V1,21,6,22
S007,K008V3,21,6,22
S007,K009V1,21,6,22
S007,K009V2,21,6,22
S007,K010V1,21,6,22
S007,R002V1,21,6,22
S007,R004V2,21,12,22
S007,R005V2,21,12,22
S007,R007V3,21,6,22
S007,R008V2,21,24,22
S007,B003,22,24,23
S007,B010,22,6,23
S007,S007,22,12,23
S007,S008,22,6,23
S007,S009,22,6,23
S007,S010,22,6,23
S007,K001,22,12,23
S007,K004,22,6,23
S007,K008,22,6,23
S007,R001,22,12,23
S007,R005,22,12,23
S007,R006,22,6,23
S007,A001,22,6,23
S007,B001V3,22,24,23
S007,B002V1,22,24,23
S007,B005V1,22,12,23
S007,B007V1,22,24,23
S007,B008V1,22,24,23
S007,B008V2,22,24,23
S007,B009V2,22,6,23
S007,B009V3,22,6,23
S007,S005V1,22,12,23
S007,S005V3,22,12,23
S007,S006V1,22,6,23
S007,K001V1,22,12,23
S007,K002V1,22,24,23
S007,K004V3,22,6,23
S007,K005V3,22,6,23
S007,K006V1,22,24,23
S007,K007V2,22,12,23
S007,K007V3,22,12,23
S007,K009V2,22,6,23
S007,K010V1,22,6,23
S007,R004V2,22,12,23
S007,R008V1,22,24,23
S007,R008V2,22,24,23
S007,Y001V2,22,24,23
S007,B005,23,12,24
S007,S001,23,24,24
S007,S010,23,6,24
S007,K002,23,24,24
S007,K005,23,6,24
S007,K006,23,24,24
S007,R001,23,12,24
S007,R002,23,6,24
S007,R009,23,12,24
S007,A008,23,12,24
S007,B001V2,23,24,24
S007,B002V2,23,24,24
S007,B004V1,23,12,24
S007,B005V1,23,12,24
S007,B005V2,23,12,24
S007,B006V1,23,24,24
S007,B008V1,23,24,24
S007,B008V3,23,24,24
S007,B009V3,23,6,24
S007,S005V1,23,12,24
S007,S006V3,23,6,24
S007,S007V3,23,12,24
S007,S008V3,23,6,24
S007,K001V1,23,12,24
S007,K004V3,23,6,24
S007,K005V2,23,6,24
S007,K005V3,23,6,24
S007,K007V3,23,12,24
S007,K008V3,23,6,24
S007,R002V1,23,6,24
S007,R003V3,23,24,24
S007,R005V3,23,12,24
S007,R010V2,23,24,24
S007,B003,24,24,25
S007,B005,24,12,25
S007,B010,24,6,25
S007,S002,24,24,25
S007,S007,24,12,25
S007,S008,24,6,25
S007,K002,24,24,25
S007,K004,24,6,25
S007,K005,24,6,25
S007,K006,24,24,25
S007,R004,24,12,25
S007,R006,24,6,25
S007,R008,24,24,25
S007,Y003,24,6,25
S007,A001,24,6,25
S007,B006V1,24,24,25
S007,B006V2,24,24,25
S007,B007V3,24,24,25
S007,B009V3,24,6,25
S007,B010V1,24,6,25
S007,S001V1,24,24,25
S007,S005V1,24,12,25
S007,S006V2,24,6,25
S007,S006V3,24,6,25
S007,S007V3,24,12,25
S007,S010V2,24,6,25
S007,K004V3,24,6,25
S007,K005V2,24,6,25
S007,K006V1,24,24,25
S007,K007V2,24,12,25
S007,K009V2,24,6,25
S007,K010V1,24,6,25
S007,R003V1,24,24,25
S007,R004V3,24,12,25
S007,R008V1,24,24,25
S007,R010V2,24,24,25
S007,Y001V1,24,24,25
S007,Y001V2,24,24,25
S007,Y002V3,24,24,25
S007,B008,25,24,26
S007,S007,25,12,26
S007,S008,25,6,26
S007,K001,25,12,26
S007,K004,25,6,26
S007,K005,25,6,26
S007,K006,25,24,26
S007,K009,25,6,26
S007,R001,25,12,26
S007,R008,25,24,26
S007,Y003,25,6,26
S007,B001V3,25,24,26
S007,B006V1,25,24,26
S007,B009V3,25,6,26
S007,S005V1,25,12,26
S007,S005V2,25,12,26
S007,S008V3,25,6,26
S007,K002V1,25,24,26
S007,K004V3,25,6,26
S007,K005V2,25,6,26
S007,K005V3,25,6,26
S007,K008V3,25,6,26
S007,K009V2,25,6,26
S007,K010V1,25,6,26
S007,R002V1,25,6,26
S007,R003V3,25,24,26
S007,R004V1,25,12,26
S007,R005V1,25,12,26
S007,R005V3,25,12,26
S007,R007V1,25,6,26
S007,R009V1,25,12,26
S007,R010V2,25,24,26
S007,Y001V1,25,24,26
S007,Y001V2,25,24,26
S007,B003,26,24,27
S007,B004,26,12,27
S007,S002,26,24,27
S007,S007,26,12,27
S007,S008,26,6,27
S007,S009,26,6,27
S007,S010,26,6,27
S007,K002,26,24,27
S007,K004,26,6,27
S007,K005,26,6,27
S007,K006,26,24,27
S007,K010,26,6,27
S007,R005,26,12,27
S007,R008,26,24,27
S007,R009,26,12,27
S007,B003V3,26,24,27
S007,B005V1,26,12,27
S007,B006V2,26,24,27
S007,B008V3,26,24,27
S007,S005V1,26,12,27
S007,S005V2,26,12,27
S007,S005V3,26,12,27
S007,S006V1,26,6,27
S007,S006V2,26,6,27
S007,S006V3,26,6,27
S007,S007V2,26,12,27
S007,K001V1,26,12,27
S007,K005V2,26,6,27
S007,K005V3,26,6,27
S007,K006V1,26,24,27
S007,K006V2,26,24,27
S007,K007V3,26,12,27
S007,K008V3,26,6,27
S007,K009V2,26,6,27
S007,K010V1,26,6,27
S007,R005V1,26,12,27
S007,R005V2,26,12,27
S007,R008V1,26,24,27
S007,R010V2,26,24,27
S007,Y001V2,26,24,27
S007,Y002V2,26,24,27
S007,B003,27,24,28
S007,S001,27,24,28
S007,K004,27,6,28
S007,K005,27,6,28
S007,K009,27,6,28
S007,K010,27,6,28
S007,R001,27,12,28
S007,R002,27,6,28
S007,R008,27,24,28
S007,R009,27,12,28
S007,B001V3,27,24,28
S007,B002V1,27,24,28
S007,B006V2,27,24,28
S007,B008V1,27,24,28
S007,B008V2,27,24,28
S007,B009V3,27,6,28
S007,S001V1,27,24,28
S007,S005V3,27,12,28
S007,S006V2,27,6,28
S007,S006V3,27,6,28
S007,S007V3,27,12,28
S007,S008V3,27,6,28
S007,K001V1,27,12,28
S007,K002V2,27,24,28
S007,K004V3,27,6,28
S007,K005V2,27,6,28
S007,K006V3,27,24,28
S007,K007V2,27,12,28
S007,K008V3,27,6,28
S007,K009V2,27,6,28
S007,K009V3,27,6,28
S007,K010V1,27,6,28
S007,R002V1,27,6,28
S007,R003V1,27,24,28
S007,R003V3,27,24,28
S007,R008V1,27,24,28
S007,Y002V3,27,24,28
S007,B003,28,24,29
S007,B004,28,12,29
S007,B006,28,24,29
S007,K002,28,24,29
S007,K004,28,6,29
S007,K005,28,6,29
S007,K010,28,6,29
S007,A008,28,12,29
S007,B002V2,28,24,29
S007,B003V3,28,24,29
S007,B006V2,28,24,29
S007,B007V1,28,24,29
S007,B009V3,28,6,29
S007,B010V1,28,6,29
S007,S005V1,28,12,29
S007,S006V2,28,6,29
S007,K004V3,28,6,29
S007,K005V2,28,6,29
S007,K006V1,28,24,29
S007,K006V2,28,24,29
S007,K006V3,28,24,29
S007,K007V2,28,12,29
S007,K009V2,28,6,29
S007,R002V1,28,6,29
S007,R003V1,28,24,29
S007,R003V3,28,24,29
S007,R004V2,28,12,29
S007,R004V3,28,12,29
S007,R005V3,28,12,29
S007,R008V1,28,24,29
S007,B003,29,24,30
S007,S002,29,24,30
S007,S010,29,6,30
S007,K005,29,6,30
S007,K006,29,24,30
S007,K010,29,6,30
S007,R005,29,12,30
S007,R009,29,12,30
S007,Y003,29,6,30
S007,Y005,29,12,30
S007,B001V3,29,24,30
S007,B005V1,29,12,30
S007,B008V1,29,24,30
S007,B008V3,29,24,30
S007,B009V3,29,6,30
S007,S001V1,29,24,30
S007,S005V1,29,12,30
S007,S006V2,29,6,30
S007,S006V3,29,6,30
S007,S007V2,29,12,30
S007,S008V3,29,6,30
S007,K001V1,29,12,30
S007,K004V3,29,6,30
S007,K005V2,29,6,30
S007,K007V2,29,12,30
S007,K007V3,29,12,30
S007,K008V3,29,6,30
S007,K010V1,29,6,30
S007,K010V3,29,6,30
S007,R002V1,29,6,30
S007,R003V1,29,24,30
S007,R003V3,29,24,30
S007,R004V2,29,12,30
S007,R005V1,29,12,30
S007,R005V2,29,12,30
S007,R007V1,29,6,30
S007,Y001V2,29,24,30
S007,Y002V3,29,24,30
S007,B005,30,12,31
S007,B009,30,6,31
S007,S010,30,6,31
S007,K002,30,24,31
S007,K003,30,6,31
S007,K006,30,24,31
S007,R008,30,24,31
S007,B004V1,30,12,31
S007,B005V1,30,12,31
S007,B009V3,30,6,31
S007,S005V1,30,12,31
S007,S006V2,30,6,31
S007,S006V3,30,6,31
S007,S007V3,30,12,31
S007,K001V1,30,12,31
S007,K002V1,30,24,31
S007,K004V3,30,6,31
S007,K008V3,30,6,31
S007,K009V2,30,6,31
S007,K010V1,30,6,31
S007,R002V1,30,6,31
S007,R003V1,30,24,31
S007,R004V1,30,12,31
S007,R005V3,30,12,31
S007,R007V3,30,6,31
S007,Y002V2,30,24,31
S007,B005,31,12,32
S007,B006,31,24,32
S007,B009,31,6,32
S007,S001,31,24,32
S007,S007,31,12,32
S007,K004,31,6,32
S007,R009,31,12,32
S007,B001V3,31,24,32
S007,B005V1,31,12,32
S007,B006V2,31,24,32
S007,B008V1,31,24,32
S007,B008V2,31,24,32
S007,B009V3,31,6,32
S007,S003V2,31,24,32
S007,S005V1,31,12,32
S007,S007V2,31,12,32
S007,S008V3,31,6,32
S007,K002V1,31,24,32
S007,K004V3,31,6,32
S007,K009V2,31,6,32
S007,K010V1,31,6,32
S007,R003V1,31,24,32
S007,R004V2,31,12,32
S007,R005V3,31,12,32
S007,R008V1,31,24,32
S007,Y002V3,31,24,32
S007,B006,32,24,33
S007,B009,32,6,33
S007,B010,32,6,33
S007,K004,32,6,33
S007,K006,32,24,33
S007,R004,32,12,33
S007,R005,32,12,33
S007,B005V1,32,12,33
S007,B007V1,32,24,33
S007,B008V2,32,24,33
S007,B009V2,32,6,33
S007,B009V3,32,6,33
S007,S001V1,32,24,33
S007,S003V2,32,24,33
S007,S005V1,32,12,33
S007,S005V2,32,12,33
S007,S005V3,32,12,33
S007,S006V2,32,6,33
S007,S006V3,32,6,33
S007,K001V1,32,12,33
S007,K004V3,32,6,33
S007,K005V1,32,6,33
S007,K007V1,32,12,33
S007,K007V2,32,12,33
S007,K008V3,32,6,33
S007,K009V2,32,6,33
S007,K010V1,32,6,33
S007,R003V1,32,24,33
S007,R004V1,32,12,33
S007,R005V1,32,12,33
S007,R007V1,32,6,33
S007,R008V1,32,24,33
S007,Y001V2,32,24,33
S007,Y002V2,32,24,33
S007,B004,33,12,34
S007,B010,33,6,34
S007,S002,33,24,34
S007,S007,33,12,34
S007,K006,33,24,34
S007,R001,33,12,34
S007,R002,33,6,34
S007,B001V1,33,24,34
S007,B002V2,33,24,34
S007,B003V3,33,24,34
S007,B004V1,33,12,34
S007,B005V1,33,12,34
S007,B006V2,33,24,34
S007,B007V1,33,24,34
S007,B008V1,33,24,34
S007,B009V3,33,6,34
S007,S001V1,33,24,34
S007,S005V1,33,12,34
S007,K002V1,33,24,34
S007,K002V2,33,24,34
S007,K004V3,33,6,34
S007,K005V2,33,6,34
S007,K006V1,33,24,34
S007,K007V1,33,12,34
S007,K008V3,33,6,34
S007,K009V2,33,6,34
S007,R002V1,33,6,34
S007,R003V1,33,24,34
S007,R004V3,33,12,34
S007,R008V1,33,24,34
S007,B001,34,24,35
S007,B006,34,24,35
S007,B010,34,6,35
S007,S001,34,24,35
S007,S002,34,24,35
S007,S009,34,6,35
S007,S010,34,6,35
S007,K004,34,6,35
S007,K005,34,6,35
S007,K006,34,24,35
S007,R001,34,12,35
S007,R002,34,6,35
S007,Y006,34,6,35
S007,A001,34,6,35
S007,A006,34,6,35
S007,B001V3,34,24,35
S007,B003V3,34,24,35
S007,B005V1,34,12,35
S007,B006V2,34,24,35
S007,B008V2,34,24,35
S007,B008V3,34,24,35
S007,S003V2,34,24,35
S007,S005V1,34,12,35
S007,S006V3,34,6,35
S007,S007V2,34,12,35
S007,S008V2,34,6,35
S007,S010V1,34,6,35
S007,K001V1,34,12,35
S007,K005V3,34,6,35
S007,K006V3,34,24,35
S007,K007V1,34,12,35
S007,K009V2,34,6,35
S007,K010V1,34,6,35
S007,R002V1,34,6,35
S007,R002V3,34,6,35
S007,R003V3,34,24,35
S007,R004V3,34,12,35
S007,R005V2,34,12,35
S007,R007V1,34,6,35
S007,R007V3,34,6,35
S007,R008V2,34,24,35
S007,Y001V1,34,24,35
S007,Y002V3,34,24,35
S007,B003,35,24,36
S007,B006,35,24,36
S007,S001,35,24,36
S007,S002,35,24,36
S007,S008,35,6,36
S007,K002,35,24,36
S007,K004,35,6,36
S007,R001,35,12,36
S007,R002,35,6,36
S007,R005,35,12,36
S007,Y003,35,6,36
S007,B001V3,35,24,36
S007,B002V1,35,24,36
S007,B005V1,35,12,36
S007,B006V1,35,24,36
S007,B006V2,35,24,36
S007,B008V2,35,24,36
S007,B008V3,35,24,36
S007,B009V3,35,6,36
S007,S002V1,35,24,36
S007,S006V3,35,6,36
S007,S007V2,35,12,36
S007,S008V3,35,6,36
S007,K001V1,35,12,36
S007,K002V1,35,24,36
S007,K004V3,35,6,36
S007,K005V1,35,6,36
S007,K008V3,35,6,36
S007,K009V2,35,6,36
S007,K010V1,35,6,36
S007,R002V1,35,6,36
S007,R002V3,35,6,36
S007,R004V3,35,12,36
S007,R005V2,35,12,36
S007,R008V2,35,24,36
S007,Y002V3,35,24,36
S007,B006,36,24,37
S007,S010,36,6,37
S007,K002,36,24,37
S007,K004,36,6,37
S007,K005,36,6,37
S007,K006,36,24,37
S007,R001,36,12,37
S007,R005,36,12,37
S007,R008,36,24,37
S007,Y003,36,6,37
S007,A006,36,6,37
S007,B001V3,36,24,37
S007,B002V2,36,24,37
S007,B005V1,36,12,37
S007,B007V1,36,24,37
S007,B009V3,36,6,37
S007,S001V1,36,24,37
S007,S002V1,36,24,37
S007,S003V2,36,24,37
S007,S005V1,36,12,37
S007,S007V2,36,12,37
S007,S010V1,36,6,37
S007,K001V1,36,12,37
S007,K006V2,36,24,37
S007,K006V3,36,24,37
S007,K007V2,36,12,37
S007,K007V3,36,12,37
S007,K009V2,36,6,37
S007,K010V1,36,6,37
S007,R002V1,36,6,37
S007,R002V3,36,6,37
S007,R003V3,36,24,37
S007,R004V2,36,12,37
S007,R004V3,36,12,37
S007,R005V2,36,12,37
S007,R008V2,36,24,37
S007,R010V2,36,24,37
S007,Y002V2,36,24,37
S007,Y002V3,36,24,37
S007,B004,37,12,38
S007,S001,37,24,38
S007,S007,37,12,38
S007,K001,37,12,38
S007,K004,37,6,38
S007,K005,37,6,38
S007,R005,37,12,38
S007,R009,37,12,38
S007,Y003,37,6,38
S007,A001,37,6,38
S007,B002V2,37,24,38
S007,B003V3,37,24,38
S007,B004V1,37,12,38
S007,B006V2,37,24,38
S007,B006V3,37,24,38
S007,B007V1,37,24,38
S007,B008V1,37,24,38
S007,B008V2,37,24,38
S007,B010V1,37,6,38
S007,S001V1,37,24,38
S007,S002V1,37,24,38
S007,S006V2,37,6,38
S007,S006V3,37,6,38
S007,S007V3,37,12,38
S007,S008V3,37,6,38
S007,S009V2,37,6,38
S007,K001V1,37,12,38
S007,K002V2,37,24,38
S007,K005V1,37,6,38
S007,K006V1,37,24,38
S007,K006V2,37,24,38
S007,K006V3,37,24,38
S007,K007V1,37,12,38
S007,K009V2,37,6,38
S007,R003V1,37,24,38
S007,R004V1,37,12,38
S007,R007V3,37,6,38
S007,Y001V1,37,24,38
S007,Y002V2,37,24,38
S007,Y002V3,37,24,38
S007,B004,38,12,39
S007,S009,38,6,39
S007,K004,38,6,39
S007,K005,38,6,39
S007,K006,38,24,39
S007,R001,38,12,39
S007,R009,38,12,39
S007,B004V1,38,12,39
S007,B005V1,38,12,39
S007,B006V1,38,24,39
S007,B008V1,38,24,39
S007,B009V3,38,6,39
S007,S001V1,38,24,39
S007,S002V1,38,24,39
S007,S003V2,38,24,39
S007,S004V1,38,12,39
S007,S005V1,38,12,39
S007,S005V3,38,12,39
S007,S006V3,38,6,39
S007,S007V2,38,12,39
S007,S007V3,38,12,39
S007,S008V3,38,6,39
S007,S009V2,38,6,39
S007,K001V1,38,12,39
S007,K002V2,38,24,39
S007,K004V3,38,6,39
S007,K006V1,38,24,39
S007,R002V1,38,6,39
S007,R004V1,38,12,39
S007,R004V3,38,12,39
S007,R007V2,38,6,39
S007,R010V1,38,24,39
S007,B004,39,12,40
S007,S001,39,24,40
S007,S009,39,6,40
S007,S010,39,6,40
S007,K003,39,6,40
S007,K004,39,6,40
S007,K005,39,6,40
S007,R008,39,24,40
S007,B008V1,39,24,40
S007,S001V1,39,24,40
S007,S005V1,39,12,40
S007,S005V3,39,12,40
S007,S008V2,39,6,40
S007,S009V1,39,6,40
S007,S009V2,39,6,40
S007,K001V1,39,12,40
S007,K005V1,39,6,40
S007,K005V2,39,6,40
S007,K007V2,39,12,40
S007,K009V2,39,6,40
S007,K010V1,39,6,40
S007,R002V1,39,6,40
S007,R003V3,39,24,40
S007,R010V1,39,24,40
S007,Y001V1,39,24,40
S007,Y002V2,39,24,40
S007,Y002V3,39,24,40
S007,S001,40,24,41
S007,S002,40,24,41
S007,K004,40,6,41
S007,A008,40,12,41
S007,B001V1,40,24,41
S007,B001V3,40,24,41
S007,B004V1,40,12,41
S007,B005V1,40,12,41
S007,B006V2,40,24,41
S007,B007V2,40,24,41
S007,B008V2,40,24,41
S007,B009V3,40,6,41
S007,S004V1,40,12,41
S007,S005V1,40,12,41
S007,S008V1,40,6,41
S007,S008V2,40,6,41
S007,S009V2,40,6,41
S007,K001V1,40,12,41
S007,K002V1,40,24,41
S007,K004V3,40,6,41
S007,K009V2,40,6,41
S007,K010V1,40,6,41
S007,R002V1,40,6,41
S007,R003V3,40,24,41
S007,R004V1,40,12,41
S007,R007V3,40,6,41
S007,Y001V1,40,24,41
S007,S010,41,6,42
S007,K001,41,12,42
S007,K004,41,6,42
S007,K005,41,6,42
S007,R001,41,12,42
S007,R009,41,12,42
S007,Y003,41,6,42
S007,B001V3,41,24,42
S007,B003V3,41,24,42
S007,B004V3,41,12,42
S007,B006V2,41,24,42
S007,B009V1,41,6,42
S007,B009V3,41,6,42
S007,B010V1,41,6,42
S007,S002V1,41,24,42
S007,S005V3,41,12,42
S007,S006V3,41,6,42
S007,S007V2,41,12,42
S007,S007V3,41,12,42
S007,S008V2,41,6,42
S007,K001V1,41,12,42
S007,K002V1,41,24,42
S007,K003V3,41,6,42
S007,K004V3,41,6,42
S007,K008V3,41,6,42
S007,K010V1,41,6,42
S007,R003V1,41,24,42
S007,R004V1,41,12,42
S007,R004V3,41,12,42
S007,R005V1,41,12,42
S007,R005V2,41,12,42
S007,R007V1,41,6,42
S007,R007V3,41,6,42
S007,R010V2,41,24,42
S007,S009,42,6,43
S007,K006,42,24,43
S007,R005,42,12,43
S007,R008,42,24,43
S007,Y005,42,12,43
S007,A006,42,6,43
S007,B001V3,42,24,43
S007,B002V2,42,24,43
S007,B003V3,42,24,43
S007,B006V1,42,24,43
S007,B007V1,42,24,43
S007,B009V3,42,6,43
S007,B010V1,42,6,43
S007,S002V1,42,24,43
S007,S003V2,42,24,43
S007,S004V1,42,12,43
S007,S004V2,42,12,43
S007,S007V3,42,12,43
S007,S008V2,42,6,43
S007,S008V3,42,6,43
S007,S010V1,42,6,43
S007,K001V1,42,12,43
S007,K004V3,42,6,43
S007,K006V2,42,24,43
S007,K006V3,42,24,43
S007,K007V1,42,12,43
S007,K007V2,42,12,43
S007,K007V3,42,12,43
S007,K008V3,42,6,43
S007,K009V2,42,6,43
S007,K010V1,42,6,43
S007,R002V1,42,6,43
S007,R004V1,42,12,43
S007,R008V1,42,24,43
S007,B003,43,24,44
S007,S002,43,24,44
S007,K002,43,24,44
S007,K004,43,6,44
S007,K005,43,6,44
S007,K006,43,24,44
S007,R002,43,6,44
S007,R008,43,24,44
S007,B001V3,43,24,44
S007,B008V2,43,24,44
S007,B009V1,43,6,44
S007,S002V1,43,24,44
S007,S004V1,43,12,44
S007,S004V2,43,12,44
S007,S005V1,43,12,44
S007,S005V3,43,12,44
S007,S006V2,43,6,44
S007,S008V1,43,6,44
S007,S008V3,43,6,44
S007,S009V2,43,6,44
S007,K001V1,43,12,44
S007,K003V3,43,6,44
S007,K004V3,43,6,44
S007,K006V3,43,24,44
S007,K007V1,43,12,44
S007,K009V2,43,6,44
S007,R004V1,43,12,44
S007,R004V2,43,12,44
S007,R009V1,43,12,44
S007,B010,44,6,45
S007,S007,44,12,45
S007,S009,44,6,45
S007,K005,44,6,45
S007,K010,44,6,45
S007,R001,44,12,45
S007,R009,44,12,45
S007,Y006,44,6,45
S007,B002V2,44,24,45
S007,B004V1,44,12,45
S007,B006V1,44,24,45
S007,B006V2,44,24,45
S007,B009V3,44,6,45
S007,B010V1,44,6,45
S007,S003V3,44,24,45
S007,S004V1,44,12,45
S007,S005V1,44,12,45
S007,S005V3,44,12,45
S007,S008V2,44,6,45
S007,S008V3,44,6,45
S007,S009V2,44,6,45
S007,K001V1,44,12,45
S007,K002V1,44,24,45
S007,K003V3,44,6,45
S007,K004V3,44,6,45
S007,K006V1,44,24,45
S007,K006V3,44,24,45
S007,K007V1,44,12,45
S007,K009V2,44,6,45
S007,K010V1,44,6,45
S007,R002V3,44,6,45
S007,R003V3,44,24,45
S007,R004V3,44,12,45
S007,Y002V2,44,24,45
S007,B003,45,24,46
S007,B007,45,24,46
S007,S001,45,24,46
S007,S002,45,24,46
S007,S007,45,12,46
S007,K004,45,6,46
S007,R009,45,12,46
S007,B001V3,45,24,46
S007,B003V3,45,24,46
S007,B007V3,45,24,46
S007,B008V1,45,24,46
S007,B008V2,45,24,46
S007,B009V3,45,6,46
S007,B010V1,45,6,46
S007,S002V1,45,24,46
S007,S004V1,45,12,46
S007,S004V2,45,12,46
S007,S005V1,45,12,46
S007,S006V2,45,6,46
S007,S007V3,45,12,46
S007,S008V3,45,6,46
S007,K001V1,45,12,46
S007,K002V1,45,24,46
S007,K004V3,45,6,46
S007,K007V1,45,12,46
S007,K009V2,45,6,46
S007,K010V1,45,6,46
S007,R002V1,45,6,46
S007,R009V1,45,12,46
S007,S007,46,12,47
S007,K001,46,12,47
S007,K002,46,24,47
S007,K004,46,6,47
S007,R009,46,12,47
S007,Y006,46,6,47
S007,B001V3,46,24,47
S007,B004V1,46,12,47
S007,B006V2,46,24,47
S007,B007V2,46,24,47
S007,B008V1,46,24,47
S007,B008V2,46,24,47
S007,B009V1,46,6,47
S007,S003V2,46,24,47
S007,S005V1,46,12,47
S007,S007V3,46,12,47
S007,S008V2,46,6,47
S007,K002V1,46,24,47
S007,K004V3,46,6,47
S007,K006V1,46,24,47
S007,K007V2,46,12,47
S007,K007V3,46,12,47
S007,K008V3,46,6,47
S007,K009V2,46,6,47
S007,K010V1,46,6,47
S007,R003V3,46,24,47
S007,R007V1,46,6,47
S007,R008V1,46,24,47
S007,Y002V2,46,24,47
S007,B003,47,24,48
S007,S007,47,12,48
S007,S009,47,6,48
S007,S010,47,6,48
S007,K001,47,12,48
S007,K002,47,24,48
S007,K004,47,6,48
S007,K005,47,6,48
S007,R005,47,12,48
S007,R008,47,24,48
S007,R009,47,12,48
S007,A003,47,24,48
S007,B008V2,47,24,48
S007,B009V3,47,6,48
S007,S004V1,47,12,48
S007,S004V2,47,12,48
S007,S005V1,47,12,48
S007,S006V2,47,6,48
S007,S006V3,47,6,48
S007,S007V2,47,12,48
S007,S008V3,47,6,48
S007,K001V1,47,12,48
S007,K003V3,47,6,48
S007,K004V3,47,6,48
S007,K006V1,47,24,48
S007,K007V1,47,12,48
S007,K008V3,47,6,48
S007,K009V2,47,6,48
S007,K010V1,47,6,48
S007,R002V1,47,6,48
S007,R003V1,47,24,48
S007,R005V1,47,12,48
S007,R008V1,47,24,48
S007,Y001V1,47,24,48
S007,B006,48,24,49
S007,B010,48,6,49
S007,S001,48,24,49
S007,S002,48,24,49
S007,S007,48,12,49
S007,S009,48,6,49
S007,K005,48,6,49
S007,R008,48,24,49
S007,B001V1,48,24,49
S007,B001V3,48,24,49
S007,B004V1,48,12,49
S007,B007V1,48,24,49
S007,B007V2,48,24,49
S007,B009V1,48,6,49
S007,B009V3,48,6,49
S007,B010V1,48,6,49
S007,S001V1,48,24,49
S007,S004V1,48,12,49
S007,S005V1,48,12,49
S007,S006V2,48,6,49
S007,S008V2,48,6,49
S007,K004V3,48,6,49
S007,K005V2,48,6,49
S007,K009V2,48,6,49
S007,K010V1,48,6,49
S007,R002V1,48,6,49
S007,R002V3,48,6,49
S007,R003V3,48,24,49
S007,R005V2,48,12,49
S007,Y001V1,48,24,49
S007,Y002V1,48,24,49
S007,B004,49,12,50
S007,B006,49,24,50
S007,S009,49,6,50
S007,K001,49,12,50
S007,K004,49,6,50
S007,Y006,49,6,50
S007,A003,49,24,50
S007,A006,49,6,50
S007,B006V1,49,24,50
S007,B006V2,49,24,50
S007,B008V1,49,24,50
S007,B008V2,49,24,50
S007,B009V1,49,6,50
S007,B010V1,49,6,50
S007,S004V2,49,12,50
S007,S006V2,49,6,50
S007,S006V3,49,6,50
S007,S008V2,49,6,50
S007,S008V3,49,6,50
S007,S010V2,49,6,50
S007,K001V1,49,12,50
S007,K004V3,49,6,50
S007,K006V1,49,24,50
S007,K006V2,49,24,50
S007,K009V2,49,6,50
S007,K010V1,49,6,50
S007,K010V3,49,6,50
S007,R002V3,49,6,50
S007,R003V3,49,24,50
S007,R004V1,49,12,50
S007,Y001V1,49,24,50
S007,Y002V1,49,24,50
S007,Y002V2,49,24,50
S007,B006,50,24,51
S007,B010,50,6,51
S007,S002,50,24,51
S007,S010,50,6,51
S007,K004,50,6,51
S007,K005,50,6,51
S007,K006,50,24,51
S007,R004,50,12,51
S007,R005,50,12,51
S007,R006,50,6,51
S007,R008,50,24,51
S007,A006,50,6,51
S007,B001V3,50,24,51
S007,B002V1,50,24,51
S007,B005V3,50,12,51
S007,B007V1,50,24,51
S007,B009V1,50,6,51
S007,B009V3,50,6,51
S007,B010V1,50,6,51
S007,S001V1,50,24,51
S007,S005V1,50,12,51
S007,S007V2,50,12,51
S007,S007V3,50,12,51
S007,S009V2,50,6,51
S007,S010V1,50,6,51
S007,K001V1,50,12,51
S007,K003V3,50,6,51
S007,K005V2,50,6,51
S007,K006V1,50,24,51
S007,K009V2,50,6,51
S007,K010V1,50,6,51
S007,R004V3,50,12,51
S007,Y001V1,50,24,51
S007,B006,51,24,52
S007,S007,51,12,52
S007,K001,51,12,52
S007,K004,51,6,52
S007,K005,51,6,52
S007,R006,51,6,52
S007,Y006,51,6,52
S007,B002V2,51,24,52
S007,B004V1,51,12,52
S007,B005V1,51,12,52
S007,B005V3,51,12,52
S007,B006V2,51,24,52
S007,B008V2,51,24,52
S007,B009V3,51,6,52
S007,S002V1,51,24,52
S007,S003V2,51,24,52
S007,S004V1,51,12,52
S007,S005V1,51,12,52
S007,S006V2,51,6,52
S007,S007V1,51,12,52
S007,S007V2,51,12,52
S007,S008V1,51,6,52
S007,S009V2,51,6,52
S007,S010V1,51,6,52
S007,K001V1,51,12,52
S007,K006V3,51,24,52
S007,K008V3,51,6,52
S007,K009V2,51,6,52
S007,R003V1,51,24,52
S007,Y002V3,51,24,52
S008,B003,1,24,2
S008,B010,1,6,2
S008,S001,1,24,2
S008,S002,1,24,2
S008,S005,1,12,2
S008,S008,1,6,2
S008,K002,1,24,2
S008,K004,1,30,2
S008,K005,1,60,2
S008,K009,1,6,2
S008,R001,1,12,2
S008,R003,1,24,2
S008,R004,1,12,2
S008,Y004,1,6,2
S008,Y006,1,6,2
S008,A003,1,24,2
S008,B002V2,1,24,2
S008,B003V3,1,24,2
S008,B004V1,1,12,2
S008,B006V1,1,24,2
S008,B007V1,1,24,2
S008,B008V1,1,24,2
S008,B008V3,1,24,2
S008,B009V3,1,78,2
S008,B010V3,1,6,2
S008,S001V2,1,24,2
S008,S004V3,1,12,2
S008,S005V1,1,48,2
S008,S006V1,1,12,2
S008,S006V3,1,6,2
S008,S008V2,1,6,2
S008,S009V1,1,6,2
S008,S009V2,1,12,2
S008,S009V3,1,6,2
S008,S010V1,1,6,2
S008,S010V3,1,6,2
S008,K001V2,1,12,2
S008,K001V3,1,12,2
S008,K003V1,1,6,2
S008,K004V3,1,48,2
S008,K006V1,1,24,2
S008,K006V3,1,24,2
S008,K008V2,1,6,2
S008,K009V1,1,6,2
S008,K009V2,1,24,2
S008,K010V1,1,12,2
S008,R003V1,1,24,2
S008,R003V2,1,24,2
S008,R003V3,1,24,2
S008,R004V1,1,12,2
S008,R004V3,1,12,2
S008,R007V1,1,6,2
S008,Y002V2,1,24,2
S008,B003,2,24,3
S008,B006,2,24,3
S008,B007,2,24,3
S008,S008,2,6,3
S008,K003,2,6,3
S008,K004,2,42,3
S008,K005,2,66,3
S008,K009,2,6,3
S008,K010,2,6,3
S008,R002,2,6,3
S008,R004,2,12,3
S008,A001,2,6,3
S008,A004,2,6,3
S008,A006,2,6,3
S008,B001V2,2,24,3
S008,B003V3,2,24,3
S008,B005V2,2,12,3
S008,B007V1,2,24,3
S008,B007V2,2,24,3
S008,B009V3,2,60,3
S008,B010V1,2,6,3
S008,S001V3,2,24,3
S008,S002V2,2,24,3
S008,S004V3,2,12,3
S008,S005V1,2,24,3
S008,S006V2,2,6,3
S008,S009V1,2,6,3
S008,S009V2,2,6,3
S008,S010V1,2,6,3
S008,S010V3,2,6,3
S008,K004V3,2,6,3
S008,K005V1,2,6,3
S008,K005V3,2,6,3
S008,K007V3,2,12,3
S008,K008V2,2,12,3
S008,K009V1,2,12,3
S008,K009V2,2,30,3
S008,K010V1,2,18,3
S008,R002V3,2,6,3
S008,R003V1,2,24,3
S008,R003V2,2,24,3
S008,R007V3,2,6,3
S008,R008V1,2,24,3
S008,R008V2,2,24,3
S008,R009V2,2,12,3
S008,B004,3,12,4
S008,S001,3,24,4
S008,S005,3,12,4
S008,S007,3,12,4
S008,K002,3,24,4
S008,K004,3,6,4
S008,K005,3,66,4
S008,K009,3,6,4
S008,R004,3,12,4
S008,R005,3,12,4
S008,R009,3,12,4
S008,Y001,3,24,4
S008,Y003,3,6,4
S008,Y004,3,6,4
S008,B001V2,3,24,4
S008,B001V3,3,24,4
S008,B002V2,3,24,4
S008,B004V1,3,12,4
S008,B004V2,3,12,4
S008,B006V1,3,24,4
S008,B007V1,3,24,4
S008,B008V1,3,24,4
S008,B009V3,3,42,4
S008,B010V1,3,6,4
S008,S004V3,3,12,4
S008,S005V1,3,36,4
S008,S006V1,3,6,4
S008,S006V2,3,6,4
S008,S006V3,3,6,4
S008,S009V1,3,6,4
S008,S009V2,3,12,4
S008,S009V3,3,6,4
S008,S010V1,3,6,4
S008,K003V1,3,6,4
S008,K004V3,3,6,4
S008,K006V1,3,24,4
S008,K007V2,3,12,4
S008,K008V2,3,6,4
S008,K009V1,3,12,4
S008,K009V2,3,24,4
S008,K010V1,3,12,4
S008,R001V2,3,12,4
S008,R002V2,3,6,4
S008,R003V1,3,24,4
S008,R006V3,3,6,4
S008,R007V1,3,6,4
S008,Y001V2,3,24,4
S008,B003,4,24,5
S008,B007,4,24,5
S008,S001,4,24,5
S008,S007,4,12,5
S008,K004,4,6,5
S008,K005,4,90,5
S008,K009,4,6,5
S008,R002,4,6,5
S008,R005,4,12,5
S008,R008,4,24,5
S008,R009,4,12,5
S008,R010,4,24,5
S008,Y001,4,24,5
S008,Y003,4,6,5
S008,Y004,4,6,5
S008,Y006,4,6,5
S008,B001V2,4,48,5
S008,B001V3,4,24,5
S008,B002V1,4,24,5
S008,B002V2,4,24,5
S008,B003V2,4,24,5
S008,B003V3,4,24,5
S008,B004V1,4,12,5
S008,B005V1,4,12,5
S008,B006V1,4,24,5
S008,B006V3,4,24,5
S008,B009V3,4,84,5
S008,B010V1,4,6,5
S008,S005V1,4,24,5
S008,S009V2,4,12,5
S008,S010V1,4,6,5
S008,K003V1,4,6,5
S008,K004V2,4,6,5
S008,K004V3,4,6,5
S008,K006V3,4,24,5
S008,K008V2,4,12,5
S008,K009V1,4,12,5
S008,K009V2,4,30,5
S008,K009V3,4,6,5
S008,K010V1,4,18,5
S008,R003V3,4,24,5
S008,R004V3,4,12,5
S008,R005V3,4,12,5
S008,R008V3,4,24,5
S008,R009V3,4,12,5
S008,S001,5,24,6
S008,S005,5,12,6
S008,S009,5,6,6
S008,K002,5,24,6
S008,K005,5,66,6
S008,R002,5,6,6
S008,R003,5,24,6
S008,R004,5,12,6
S008,R005,5,12,6
S008,A006,5,6,6
S008,B001V3,5,24,6
S008,B002V2,5,24,6
S008,B004V1,5,12,6
S008,B009V3,5,42,6
S008,S001V3,5,24,6
S008,S003V2,5,24,6
S008,S005V1,5,24,6
S008,S006V1,5,6,6
S008,S006V2,5,6,6
S008,S006V3,5,6,6
S008,S009V2,5,6,6
S008,S009V3,5,6,6
S008,S010V1,5,6,6
S008,S010V2,5,6,6
S008,K004V3,5,6,6
S008,K006V3,5,24,6
S008,K007V2,5,12,6
S008,K009V1,5,12,6
S008,K009V2,5,24,6
S008,K010V1,5,12,6
S008,R001V2,5,12,6
S008,R002V2,5,6,6
S008,R003V3,5,24,6
S008,R004V1,5,12,6
S008,R004V3,5,12,6
S008,R009V1,5,12,6
S008,R009V3,5,12,6
S008,B004,6,12,7
S008,B007,6,24,7
S008,S007,6,12,7
S008,S009,6,6,7
S008,K002,6,24,7
S008,K004,6,6,7
S008,K005,6,6,7
S008,R001,6,12,7
S008,R002,6,6,7
S008,R003,6,24,7
S008,R005,6,12,7
S008,R010,6,24,7
S008,A001,6,6,7
S008,B001V2,6,24,7
S008,B002V1,6,24,7
S008,B002V2,6,24,7
S008,B003V2,6,24,7
S008,B004V1,6,12,7
S008,B006V1,6,24,7
S008,B007V1,6,24,7
S008,B007V2,6,24,7
S008,B008V1,6,24,7
S008,B009V3,6,48,7
S008,S001V3,6,24,7
S008,S002V2,6,24,7
S008,S004V3,6,12,7
S008,S005V1,6,36,7
S008,S009V1,6,6,7
S008,S009V2,6,6,7
S008,S009V3,6,6,7
S008,K003V1,6,6,7
S008,K004V2,6,6,7
S008,K004V3,6,6,7
S008,K009V1,6,6,7
S008,K009V2,6,18,7
S008,K010V1,6,12,7
S008,R001V2,6,12,7
S008,R003V1,6,24,7
S008,R003V3,6,24,7
S008,R004V1,6,12,7
S008,R007V1,6,6,7
S008,R007V3,6,6,7
S008,R008V1,6,24,7
S008,Y001V2,6,24,7
S008,B001,7,24,8
S008,B004,7,12,8
S008,B007,7,24,8
S008,S006,7,6,8
S008,S007,7,12,8
S008,K002,7,24,8
S008,K004,7,6,8
S008,K005,7,6,8
S008,K009,7,6,8
S008,R001,7,12,8
S008,R002,7,6,8
S008,R003,7,24,8
S008,R004,7,12,8
S008,R008,7,24,8
S008,R009,7,12,8
S008,Y004,7,6,8
S008,A001,7,6,8
S008,A006,7,6,8
S008,B001V2,7,48,8
S008,B003V2,7,24,8
S008,B005V1,7,12,8
S008,B007V1,7,24,8
S008,B009V3,7,84,8
S008,B010V1,7,6,8
S008,S005V1,7,24,8
S008,S006V1,7,6,8
S008,S006V3,7,6,8
S008,S009V2,7,6,8
S008,S010V1,7,6,8
S008,K004V1,7,6,8
S008,K004V2,7,6,8
S008,K004V3,7,6,8
S008,K006V1,7,24,8
S008,K007V2,7,12,8
S008,K008V2,7,6,8
S008,K009V1,7,6,8
S008,K009V2,7,6,8
S008,K010V1,7,6,8
S008,K010V3,7,6,8
S008,R003V1,7,24,8
S008,R003V3,7,24,8
S008,R004V3,7,12,8
S008,R005V3,7,12,8
S008,R007V3,7,6,8
S008,Y001V3,7,24,8
S008,B006,8,24,9
S008,B007,8,24,9
S008,K004,8,6,9
S008,K005,8,6,9
S008,R005,8,12,9
S008,Y004,8,6,9
S008,B001V2,8,48,9
S008,B001V3,8,24,9
S008,B003V2,8,24,9
S008,B004V1,8,12,9
S008,B004V3,8,12,9
S008,B005V3,8,12,9
S008,B006V1,8,24,9
S008,B007V1,8,24,9
S008,B007V3,8,24,9
S008,B008V3,8,24,9
S008,B009V2,8,6,9
S008,B009V3,8,78,9
S008,S001V2,8,24,9
S008,S001V3,8,24,9
S008,S004V3,8,12,9
S008,S005V1,8,48,9
S008,S006V3,8,6,9
S008,S010V1,8,6,9
S008,K003V1,8,6,9
S008,K004V2,8,6,9
S008,K004V3,8,6,9
S008,K006V1,8,24,9
S008,K006V3,8,24,9
S008,K008V2,8,6,9
S008,K009V1,8,6,9
S008,K009V2,8,6,9
S008,K010V1,8,12,9
S008,R002V2,8,6,9
S008,R003V2,8,24,9
S008,R004V1,8,12,9
S008,R004V3,8,12,9
S008,R005V1,8,12,9
S008,R006V3,8,6,9
S008,R008V1,8,24,9
S008,R009V3,8,12,9
S008,B003,9,24,10
S008,B006,9,24,10
S008,B007,9,24,10
S008,S002,9,24,10
S008,S005,9,12,10
S008,K003,9,6,10
S008,K005,9,6,10
S008,K009,9,6,10
S008,R001,9,12,10
S008,R008,9,24,10
S008,R009,9,12,10
S008,Y001,9,24,10
S008,Y003,9,6,10
S008,Y004,9,6,10
S008,A001,9,6,10
S008,B004V2,9,12,10
S008,B005V1,9,12,10
S008,B006V1,9,24,10
S008,B007V2,9,24,10
S008,B008V3,9,24,10
S008,B009V2,9,6,10
S008,B009V3,9,120,10
S008,S002V2,9,24,10
S008,S004V3,9,12,10
S008,S005V1,9,12,10
S008,S006V2,9,6,10
S008,S009V3,9,6,10
S008,S010V2,9,6,10
S008,K009V1,9,6,10
S008,K009V2,9,6,10
S008,K010V1,9,12,10
S008,R002V2,9,6,10
S008,R003V2,9,24,10
S008,R003V3,9,24,10
S008,R004V1,9,12,10
S008,R004V3,9,12,10
S008,R008V3,9,24,10
S008,R009V1,9,12,10
S008,B003,10,24,11
S008,S005,10,12,11
S008,K004,10,6,11
S008,R001,10,12,11
S008,Y004,10,6,11
S008,A008,10,12,11
S008,B001V2,10,24,11
S008,B004V2,10,12,11
S008,B005V1,10,12,11
S008,B005V3,10,12,11
S008,B007V2,10,24,11
S008,B008V1,10,24,11
S008,B009V2,10,6,11
S008,B009V3,10,6,11
S008,S001V1,10,24,11
S008,S001V2,10,24,11
S008,S002V2,10,24,11
S008,S003V2,10,24,11
S008,S004V3,10,12,11
S008,S005V1,10,24,11
S008,S006V2,10,6,11
S008,S009V3,10,6,11
S008,K004V2,10,6,11
S008,K004V3,10,6,11
S008,K006V3,10,24,11
S008,K009V1,10,6,11
S008,K009V2,10,6,11
S008,K010V1,10,18,11
S008,K010V3,10,6,11
S008,R001V3,10,12,11
S008,R003V3,10,24,11
S008,R004V1,10,12,11
S008,R004V3,10,12,11
S008,R006V3,10,6,11
S008,R007V1,10,6,11
S008,R007V3,10,6,11
S008,R009V3,10,12,11
S008,Y002V2,10,24,11
S008,B009,11,6,12
S008,S002,11,24,12
S008,S005,11,12,12
S008,K004,11,6,12
S008,R001,11,12,12
S008,R009,11,12,12
S008,B001V3,11,24,12
S008,B002V2,11,24,12
S008,B003V2,11,24,12
S008,B005V3,11,12,12
S008,B006V1,11,24,12
S008,B009V3,11,6,12
S008,S003V2,11,24,12
S008,S004V2,11,12,12
S008,S005V1,11,36,12
S008,S006V2,11,6,12
S008,S006V3,11,6,12
S008,S009V3,11,6,12
S008,K004V2,11,6,12
S008,K004V3,11,6,12
S008,K006V1,11,24,12
S008,K008V1,11,6,12
S008,K009V1,11,6,12
S008,K009V2,11,6,12
S008,K010V1,11,6,12
S008,R005V3,11,12,12
S008,R006V3,11,6,12
S008,R007V3,11,6,12
S008,R009V3,11,12,12
S008,B003,12,24,13
S008,S009,12,6,13
S008,K002,12,24,13
S008,K003,12,6,13
S008,K004,12,6,13
S008,K005,12,6,13
S008,K007,12,12,13
S008,R001,12,12,13
S008,R008,12,24,13
S008,A004,12,6,13
S008,B001V2,12,24,13
S008,B002V2,12,24,13
S008,B007V1,12,24,13
S008,B009V2,12,6,13
S008,B009V3,12,6,13
S008,B010V3,12,6,13
S008,S002V2,12,24,13
S008,S003V2,12,24,13
S008,S004V2,12,12,13
S008,S005V1,12,24,13
S008,S006V3,12,6,13
S008,S009V3,12,6,13
S008,K003V1,12,6,13
S008,K004V2,12,6,13
S008,K004V3,12,6,13
S008,K006V1,12,24,13
S008,K006V3,12,24,13
S008,K008V2,12,6,13
S008,K009V1,12,6,13
S008,K009V2,12,6,13
S008,K010V1,12,12,13
S008,R002V2,12,6,13
S008,R004V3,12,12,13
S008,R005V3,12,12,13
S008,R007V1,12,6,13
S008,Y001V2,12,24,13
S008,B003,13,24,14
S008,B009,13,6,14
S008,S009,13,6,14
S008,K003,13,6,14
S008,K004,13,6,14
S008,K006,13,24,14
S008,R001,13,12,14
S008,R003,13,24,14
S008,R008,13,24,14
S008,Y004,13,6,14
S008,Y006,13,6,14
S008,A001,13,6,14
S008,B003V3,13,24,14
S008,B004V1,13,12,14
S008,B004V3,13,12,14
S008,B005V1,13,12,14
S008,B006V1,13,24,14
S008,B007V1,13,24,14
S008,B008V1,13,24,14
S008,B009V1,13,6,14
S008,B009V3,13,6,14
S008,S001V3,13,24,14
S008,S004V3,13,12,14
S008,S005V1,13,36,14
S008,S006V2,13,6,14
S008,S006V3,13,6,14
S008,S009V3,13,6,14
S008,K003V2,13,6,14
S008,K004V3,13,6,14
S008,K006V3,13,24,14
S008,K009V1,13,6,14
S008,K009V2,13,6,14
S008,K010V1,13,12,14
S008,R002V2,13,6,14
S008,R003V3,13,24,14
S008,R006V3,13,6,14
S008,R008V3,13,24,14
S008,S009,14,6,15
S008,K004,14,6,15
S008,R007,14,6,15
S008,Y001,14,24,15
S008,Y003,14,6,15
S008,B004V1,14,12,15
S008,B005V1,14,12,15
S008,B007V1,14,24,15
S008,B008V1,14,24,15
S008,B009V2,14,6,15
S008,B010V3,14,6,15
S008,S002V2,14,24,15
S008,S003V2,14,24,15
S008,S005V1,14,36,15
S008,S006V3,14,6,15
S008,K003V1,14,6,15
S008,K003V2,14,6,15
S008,K004V3,14,6,15
S008,K006V1,14,24,15
S008,K009V1,14,6,15
S008,K009V2,14,6,15
S008,K010V1,14,12,15
S008,R001V3,14,12,15
S008,R002V2,14,6,15
S008,R003V3,14,24,15
S008,R005V1,14,12,15
S008,R007V1,14,6,15
S008,R009V3,14,12,15
S008,B003,15,24,16
S008,S001,15,24,16
S008,S009,15,6,16
S008,K002,15,24,16
S008,K004,15,6,16
S008,K006,15,24,16
S008,K008,15,6,16
S008,R001,15,12,16
S008,R002,15,6,16
S008,Y001,15,24,16
S008,Y003,15,6,16
S008,B001V2,15,24,16
S008,B002V2,15,24,16
S008,B003V3,15,24,16
S008,B004V1,15,12,16
S008,B005V1,15,12,16
S008,B005V3,15,12,16
S008,B009V2,15,6,16
S008,B009V3,15,6,16
S008,S004V1,15,12,16
S008,S004V2,15,12,16
S008,S005V1,15,36,16
S008,S005V3,15,12,16
S008,S008V1,15,6,16
S008,S008V3,15,6,16
S008,K003V1,15,6,16
S008,K003V3,15,6,16
S008,K004V3,15,6,16
S008,K005V1,15,6,16
S008,K006V1,15,24,16
S008,K006V3,15,24,16
S008,K009V1,15,6,16
S008,K009V2,15,6,16
S008,K010V1,15,12,16
S008,R001V2,15,12,16
S008,R003V1,15,24,16
S008,R003V3,15,24,16
S008,R008V1,15,24,16
S008,R009V2,15,12,16
S008,Y001V2,15,24,16
S008,Y002V2,15,24,16
S008,B003,16,24,17
S008,B006,16,24,17
S008,S001,16,24,17
S008,S007,16,12,17
S008,K002,16,24,17
S008,K004,16,6,17
S008,K005,16,6,17
S008,K007,16,12,17
S008,R001,16,12,17
S008,R008,16,24,17
S008,R009,16,12,17
S008,Y003,16,6,17
S008,A006,16,6,17
S008,B001V3,16,24,17
S008,B004V1,16,12,17
S008,B005V1,16,12,17
S008,B005V3,16,12,17
S008,B006V1,16,24,17
S008,B007V1,16,24,17
S008,B008V1,16,24,17
S008,B009V2,16,6,17
S008,B009V3,16,6,17
S008,B010V3,16,6,17
S008,S001V2,16,24,17
S008,S003V2,16,24,17
S008,S005V1,16,36,17
S008,S008V3,16,6,17
S008,S009V1,16,6,17
S008,K004V3,16,6,17
S008,K009V1,16,6,17
S008,K009V2,16,6,17
S008,K010V1,16,24,17
S008,R003V1,16,24,17
S008,R003V3,16,24,17
S008,R004V1,16,12,17
S008,R004V3,16,12,17
S008,R006V3,16,6,17
S008,R009V3,16,12,17
S008,Y002V2,16,24,17
S008,B007,17,24,18
S008,S002,17,24,18
S008,S007,17,12,18
S008,K004,17,6,18
S008,K005,17,6,18
S008,K007,17,12,18
S008,R001,17,12,18
S008,R002,17,6,18
S008,R004,17,12,18
S008,R008,17,24,18
S008,R009,17,12,18
S008,Y003,17,6,18
S008,Y006,17,6,18
S008,B003V2,17,24,18
S008,B005V3,17,12,18
S008,B009V3,17,6,18
S008,B010V3,17,6,18
S008,S001V1,17,24,18
S008,S004V3,17,12,18
S008,S005V1,17,36,18
S008,S007V2,17,12,18
S008,K003V1,17,6,18
S008,K004V3,17,6,18
S008,K005V3,17,6,18
S008,K006V3,17,24,18
S008,K009V1,17,6,18
S008,K009V2,17,6,18
S008,K010V1,17,18,18
S008,R002V3,17,6,18
S008,R003V3,17,24,18
S008,R004V1,17,12,18
S008,R005V1,17,12,18
S008,R007V1,17,6,18
S008,R008V3,17,24,18
S008,B007,18,24,19
S008,B010,18,6,19
S008,S007,18,12,19
S008,K002,18,24,19
S008,K004,18,6,19
S008,R001,18,12,19
S008,R002,18,6,19
S008,R003,18,24,19
S008,R010,18,24,19
S008,B004V1,18,12,19
S008,B004V2,18,12,19
S008,B005V2,18,12,19
S008,B006V1,18,24,19
S008,B009V1,18,6,19
S008,B009V3,18,6,19
S008,B010V3,18,6,19
S008,S001V1,18,24,19
S008,S001V2,18,24,19
S008,S003V2,18,24,19
S008,S005V1,18,36,19
S008,S007V2,18,12,19
S008,S009V3,18,6,19
S008,K002V1,18,24,19
S008,K004V3,18,6,19
S008,K006V3,18,24,19
S008,K008V1,18,6,19
S008,K009V1,18,6,19
S008,K009V2,18,6,19
S008,K010V1,18,18,19
S008,R002V2,18,6,19
S008,R003V2,18,24,19
S008,R003V3,18,24,19
S008,R007V3,18,6,19
S008,R008V1,18,24,19
S008,R008V2,18,24,19
S008,Y002V2,18,24,19
S008,B003,19,24,20
S008,B007,19,24,20
S008,S005,19,12,20
S008,K002,19,24,20
S008,K005,19,6,20
S008,K007,19,12,20
S008,R001,19,12,20
S008,R005,19,12,20
S008,R010,19,24,20
S008,Y006,19,6,20
S008,A001,19,6,20
S008,B002V1,19,24,20
S008,B004V1,19,12,20
S008,B008V1,19,24,20
S008,B009V1,19,6,20
S008,B009V2,19,6,20
S008,B010V3,19,6,20
S008,S001V2,19,24,20
S008,S002V2,19,24,20
S008,S003V2,19,24,20
S008,S005V1,19,36,20
S008,S007V2,19,12,20
S008,S009V3,19,6,20
S008,S010V1,19,6,20
S008,K001V2,19,12,20
S008,K004V3,19,6,20
S008,K005V3,19,6,20
S008,K006V1,19,24,20
S008,K006V3,19,24,20
S008,K008V1,19,6,20
S008,K008V2,19,6,20
S008,K010V1,19,18,20
S008,R002V2,19,6,20
S008,R003V1,19,24,20
S008,R003V3,19,24,20
S008,R008V3,19,24,20
S008,R009V1,19,12,20
S008,R009V3,19,12,20
S008,B006,20,24,21
S008,B007,20,24,21
S008,B008,20,24,21
S008,S005,20,12,21
S008,S008,20,6,21
S008,K005,20,6,21
S008,R001,20,12,21
S008,R006,20,6,21
S008,R007,20,6,21
S008,R009,20,12,21
S008,B001V3,20,24,21
S008,B002V1,20,24,21
S008,B004V1,20,12,21
S008,B004V2,20,12,21
S008,B005V2,20,12,21
S008,B007V1,20,24,21
S008,B008V1,20,24,21
S008,B009V3,20,6,21
S008,B010V2,20,6,21
S008,B010V3,20,6,21
S008,S001V1,20,24,21
S008,S003V2,20,24,21
S008,S004V2,20,12,21
S008,S005V1,20,36,21
S008,S005V3,20,12,21
S008,S008V3,20,6,21
S008,S010V1,20,6,21
S008,K004V1,20,6,21
S008,K004V3,20,6,21
S008,K010V1,20,12,21
S008,K010V3,20,6,21
S008,R003V3,20,24,21
S008,R006V3,20,6,21
S008,R008V3,20,24,21
S008,Y001V2,20,24,21
S008,Y002V1,20,24,21
S008,S007,21,12,22
S008,K004,21,6,22
S008,K005,21,6,22
S008,K006,21,24,22
S008,K009,21,6,22
S008,R001,21,12,22
S008,R003,21,24,22
S008,R004,21,12,22
S008,R005,21,12,22
S008,Y004,21,6,22
S008,A001,21,6,22
S008,B001V3,21,24,22
S008,B002V1,21,24,22
S008,B004V1,21,12,22
S008,B005V2,21,12,22
S008,B006V1,21,24,22
S008,B008V1,21,24,22
S008,B009V3,21,6,22
S008,B010V3,21,6,22
S008,S001V2,21,24,22
S008,S002V2,21,24,22
S008,S003V2,21,24,22
S008,S004V2,21,12,22
S008,S005V1,21,36,22
S008,S006V2,21,6,22
S008,K002V1,21,24,22
S008,K004V2,21,6,22
S008,K004V3,21,6,22
S008,K005V3,21,6,22
S008,K006V3,21,24,22
S008,K009V1,21,6,22
S008,K009V2,21,6,22
S008,K010V1,21,12,22
S008,K010V3,21,6,22
S008,R007V1,21,6,22
S008,R008V2,21,24,22
S008,Y001V2,21,24,22
S008,B001,22,24,23
S008,B003,22,24,23
S008,B008,22,24,23
S008,B010,22,6,23
S008,S001,22,24,23
S008,S005,22,12,23
S008,K004,22,6,23
S008,K005,22,6,23
S008,R002,22,6,23
S008,R003,22,24,23
S008,R009,22,12,23
S008,Y001,22,24,23
S008,Y004,22,6,23
S008,Y006,22,6,23
S008,A001,22,6,23
S008,B002V1,22,24,23
S008,B003V2,22,24,23
S008,B003V3,22,24,23
S008,B006V1,22,24,23
S008,B007V3,22,24,23
S008,B010V3,22,12,23
S008,S001V2,22,24,23
S008,S001V3,22,24,23
S008,S002V2,22,24,23
S008,S004V3,22,12,23
S008,S005V1,22,36,23
S008,S006V2,22,6,23
S008,S008V3,22,6,23
S008,S009V1,22,6,23
S008,S009V3,22,6,23
S008,K003V2,22,6,23
S008,K004V3,22,6,23
S008,K006V3,22,24,23
S008,K009V1,22,6,23
S008,K009V2,22,6,23
S008,K010V1,22,18,23
S008,R001V2,22,12,23
S008,R002V2,22,6,23
S008,R003V1,22,24,23
S008,R004V1,22,12,23
S008,R004V3,22,12,23
S008,R006V3,22,6,23
S008,R009V2,22,12,23
S008,R009V3,22,12,23
S008,Y002V2,22,24,23
S008,B010,23,6,24
S008,S002,23,24,24
S008,S007,23,12,24
S008,S009,23,6,24
S008,K004,23,6,24
S008,R001,23,12,24
S008,R008,23,24,24
S008,R009,23,12,24
S008,B002V2,23,24,24
S008,B004V3,23,12,24
S008,B007V1,23,24,24
S008,B007V3,23,24,24
S008,B008V1,23,24,24
S008,B009V3,23,6,24
S008,S001V3,23,24,24
S008,S002V2,23,24,24
S008,S003V2,23,24,24
S008,S004V1,23,12,24
S008,S004V2,23,12,24
S008,S005V1,23,24,24
S008,S006V2,23,6,24
S008,S008V1,23,6,24
S008,S009V3,23,6,24
S008,S010V1,23,6,24
S008,K003V2,23,6,24
S008,K004V1,23,6,24
S008,K004V3,23,6,24
S008,K005V1,23,6,24
S008,K006V1,23,24,24
S008,K006V3,23,24,24
S008,K009V1,23,6,24
S008,K009V2,23,6,24
S008,K010V1,23,6,24
S008,R002V2,23,6,24
S008,R002V3,23,6,24
S008,R003V2,23,24,24
S008,R004V1,23,12,24
S008,R005V1,23,12,24
S008,R007V1,23,6,24
S008,R007V3,23,6,24
S008,R008V1,23,24,24
S008,R009V3,23,12,24
S008,Y001V2,23,24,24
S008,B003,24,24,25
S008,S001,24,24,25
S008,S007,24,12,25
S008,K002,24,24,25
S008,K005,24,6,25
S008,R003,24,24,25
S008,R004,24,12,25
S008,R008,24,24,25
S008,R009,24,12,25
S008,R010,24,24,25
S008,Y003,24,6,25
S008,Y004,24,6,25
S008,A005,24,6,25
S008,B004V1,24,12,25
S008,B004V3,24,12,25
S008,B005V1,24,12,25
S008,B006V1,24,24,25
S008,B007V1,24,24,25
S008,B008V1,24,24,25
S008,B008V3,24,24,25
S008,S001V2,24,24,25
S008,S003V2,24,24,25
S008,S004V2,24,12,25
S008,S005V1,24,24,25
S008,S005V3,24,12,25
S008,S009V1,24,6,25
S008,S009V2,24,6,25
S008,S010V1,24,6,25
S008,K003V2,24,6,25
S008,K004V3,24,6,25
S008,K006V3,24,24,25
S008,K007V2,24,12,25
S008,K009V1,24,6,25
S008,K009V2,24,6,25
S008,K010V1,24,6,25
S008,R003V2,24,24,25
S008,R003V3,24,24,25
S008,R006V3,24,6,25
S008,R008V3,24,24,25
S008,B006,25,24,26
S008,B010,25,6,26
S008,S001,25,24,26
S008,K004,25,6,26
S008,K005,25,6,26
S008,K007,25,12,26
S008,R001,25,12,26
S008,R004,25,12,26
S008,R006,25,6,26
S008,R008,25,24,26
S008,Y001,25,24,26
S008,A001,25,6,26
S008,A004,25,6,26
S008,A006,25,6,26
S008,B001V2,25,24,26
S008,B002V1,25,24,26
S008,B002V2,25,24,26
S008,B002V3,25,24,26
S008,B004V1,25,12,26
S008,S001V2,25,24,26
S008,S001V3,25,24,26
S008,S004V2,25,12,26
S008,S004V3,25,12,26
S008,S005V1,25,24,26
S008,S005V3,25,12,26
S008,S007V2,25,12,26
S008,S009V1,25,6,26
S008,S010V1,25,6,26
S008,S010V3,25,6,26
S008,K003V1,25,6,26
S008,K003V2,25,6,26
S008,K004V1,25,6,26
S008,K005V2,25,6,26
S008,K007V2,25,12,26
S008,K009V2,25,6,26
S008,R002V2,25,6,26
S008,R003V1,25,24,26
S008,R003V2,25,24,26
S008,R005V3,25,12,26
S008,R006V3,25,6,26
S008,R007V3,25,6,26
S008,R008V1,25,24,26
S008,R008V3,25,24,26
S008,Y002V2,25,24,26
S008,B003,26,24,27
S008,B006,26,24,27
S008,B010,26,6,27
S008,S005,26,12,27
S008,K004,26,6,27
S008,K005,26,6,27
S008,R010,26,24,27
S008,Y001,26,24,27
S008,A001,26,6,27
S008,B001V2,26,24,27
S008,B003V2,26,24,27
S008,B005V3,26,12,27
S008,B006V1,26,24,27
S008,B007V1,26,24,27
S008,B009V3,26,6,27
S008,S001V2,26,24,27
S008,S002V2,26,24,27
S008,S003V3,26,24,27
S008,S004V1,26,12,27
S008,S005V1,26,24,27
S008,S006V2,26,6,27
S008,S006V3,26,6,27
S008,S007V2,26,12,27
S008,S010V1,26,6,27
S008,K001V2,26,12,27
S008,K004V2,26,6,27
S008,K004V3,26,6,27
S008,K005V2,26,6,27
S008,K006V1,26,24,27
S008,K008V2,26,6,27
S008,K009V1,26,6,27
S008,K009V2,26,6,27
S008,K010V1,26,6,27
S008,K010V3,26,6,27
S008,R003V1,26,24,27
S008,R004V1,26,12,27
S008,R004V3,26,12,27
S008,R005V1,26,12,27
S008,R005V3,26,12,27
S008,R006V3,26,6,27
S008,R008V1,26,24,27
S008,R009V3,26,12,27
S008,Y001V2,26,24,27
S008,Y001V3,26,24,27
S008,Y002V2,26,24,27
S008,S007,27,12,28
S008,K002,27,24,28
S008,K004,27,6,28
S008,K005,27,6,28
S008,R004,27,12,28
S008,R009,27,12,28
S008,Y001,27,24,28
S008,Y003,27,6,28
S008,Y005,27,12,28
S008,Y006,27,6,28
S008,B002V1,27,24,28
S008,B004V1,27,12,28
S008,B006V1,27,24,28
S008,B008V1,27,24,28
S008,B009V3,27,6,28
S008,S006V2,27,6,28
S008,S006V3,27,6,28
S008,S007V1,27,12,28
S008,S009V3,27,6,28
S008,S010V1,27,6,28
S008,K001V3,27,12,28
S008,K003V1,27,6,28
S008,K003V2,27,6,28
S008,K005V1,27,6,28
S008,K007V2,27,12,28
S008,K009V1,27,6,28
S008,K009V2,27,6,28
S008,K010V1,27,6,28
S008,R003V2,27,24,28
S008,R003V3,27,24,28
S008,R005V1,27,12,28
S008,R009V2,27,12,28
S008,Y002V2,27,24,28
S008,B005,28,12,29
S008,B006,28,24,29
S008,B010,28,6,29
S008,S001,28,24,29
S008,S002,28,24,29
S008,K004,28,6,29
S008,K005,28,6,29
S008,R001,28,12,29
S008,R009,28,12,29
S008,Y004,28,6,29
S008,Y006,28,6,29
S008,A006,28,6,29
S008,B002V1,28,24,29
S008,B002V2,28,24,29
S008,B003V3,28,24,29
S008,B004V1,28,12,29
S008,S001V1,28,24,29
S008,S001V3,28,24,29
S008,S002V2,28,24,29
S008,S003V2,28,24,29
S008,S005V1,28,12,29
S008,S007V1,28,12,29
S008,S008V3,28,6,29
S008,S009V1,28,6,29
S008,S010V1,28,6,29
S008,K003V1,28,6,29
S008,K004V3,28,6,29
S008,K006V1,28,24,29
S008,K006V3,28,24,29
S008,K007V2,28,12,29
S008,K009V1,28,6,29
S008,K010V1,28,6,29
S008,R001V3,28,12,29
S008,R002V2,28,6,29
S008,R003V1,28,24,29
S008,R003V2,28,24,29
S008,R004V3,28,12,29
S008,R005V1,28,12,29
S008,R005V3,28,12,29
S008,R006V2,28,6,29
S008,R006V3,28,6,29
S008,R008V1,28,24,29
S008,R009V3,28,12,29
S008,Y002V2,28,24,29
S008,B003,29,24,30
S008,S002,29,24,30
S008,S005,29,12,30
S008,S009,29,6,30
S008,K002,29,24,30
S008,K004,29,6,30
S008,K005,29,6,30
S008,R001,29,12,30
S008,R002,29,6,30
S008,R008,29,24,30
S008,R009,29,12,30
S008,Y001,29,24,30
S008,Y004,29,6,30
S008,A005,29,6,30
S008,B002V2,29,24,30
S008,B003V2,29,24,30
S008,B003V3,29,24,30
S008,B008V1,29,24,30
S008,B009V3,29,6,30
S008,S004V2,29,12,30
S008,S004V3,29,12,30
S008,S005V1,29,12,30
S008,S008V3,29,6,30
S008,K003V1,29,6,30
S008,K003V2,29,6,30
S008,K004V3,29,6,30
S008,K009V2,29,6,30
S008,K010V1,29,6,30
S008,R002V2,29,6,30
S008,R003V1,29,24,30
S008,R003V3,29,24,30
S008,R004V1,29,12,30
S008,R007V1,29,6,30
S008,R009V2,29,12,30
S008,Y002V2,29,24,30
S008,B005,30,12,31
S008,S004,30,12,31
S008,S007,30,12,31
S008,K004,30,6,31
S008,K005,30,6,31
S008,R004,30,12,31
S008,R009,30,12,31
S008,Y004,30,6,31
S008,Y006,30,6,31
S008,A003,30,24,31
S008,A006,30,6,31
S008,B002V2,30,24,31
S008,B003V3,30,24,31
S008,B005V3,30,12,31
S008,B006V1,30,24,31
S008,B006V3,30,24,31
S008,B009V3,30,6,31
S008,S001V3,30,24,31
S008,S003V2,30,24,31
S008,S004V1,30,12,31
S008,S005V1,30,12,31
S008,S006V2,30,6,31
S008,S007V2,30,12,31
S008,S008V3,30,6,31
S008,S009V1,30,6,31
S008,K004V3,30,6,31
S008,K006V1,30,24,31
S008,K009V1,30,6,31
S008,K009V2,30,6,31
S008,K010V1,30,6,31
S008,R002V3,30,6,31
S008,R003V1,30,24,31
S008,R003V3,30,24,31
S008,R004V3,30,12,31
S008,R006V3,30,6,31
S008,R007V1,30,6,31
S008,R008V3,30,24,31
S008,R009V1,30,12,31
S008,R009V3,30,12,31
S008,B003,31,24,32
S008,B005,31,12,32
S008,B010,31,6,32
S008,S009,31,6,32
S008,K003,31,6,32
S008,K004,31,6,32
S008,K005,31,6,32
S008,K007,31,12,32
S008,R001,31,12,32
S008,R004,31,12,32
S008,R005,31,12,32
S008,R008,31,24,32
S008,A001,31,6,32
S008,A006,31,6,32
S008,B002V1,31,24,32
S008,B003V3,31,24,32
S008,B005V2,31,12,32
S008,B007V1,31,24,32
S008,B009V3,31,6,32
S008,B010V2,31,6,32
S008,S001V2,31,24,32
S008,S001V3,31,24,32
S008,S003V1,31,24,32
S008,S003V2,31,24,32
S008,S005V1,31,12,32
S008,S006V3,31,6,32
S008,S008V1,31,6,32
S008,S009V1,31,6,32
S008,K004V3,31,6,32
S008,K005V3,31,6,32
S008,K006V1,31,24,32
S008,K007V2,31,12,32
S008,K009V1,31,6,32
S008,K010V1,31,6,32
S008,R002V2,31,6,32
S008,R003V2,31,24,32
S008,Y001V2,31,24,32
S008,Y002V2,31,24,32
S008,B003,32,24,33
S008,K004,32,6,33
S008,K007,32,12,33
S008,R003,32,24,33
S008,R009,32,12,33
S008,R010,32,24,33
S008,B002V1,32,24,33
S008,B002V3,32,24,33
S008,B003V2,32,24,33
S008,B003V3,32,24,33
S008,B005V1,32,12,33
S008,B006V1,32,24,33
S008,B008V1,32,24,33
S008,B009V3,32,6,33
S008,S001V1,32,24,33
S008,S001V3,32,24,33
S008,S003V1,32,24,33
S008,S004V1,32,12,33
S008,S004V3,32,12,33
S008,S005V1,32,12,33
S008,S006V2,32,6,33
S008,S009V1,32,6,33
S008,K003V2,32,6,33
S008,K009V1,32,6,33
S008,K009V2,32,6,33
S008,K010V1,32,6,33
S008,R001V3,32,12,33
S008,R002V2,32,6,33
S008,R003V3,32,24,33
S008,R006V2,32,6,33
S008,R006V3,32,6,33
S008,Y002V2,32,24,33
S008,B003,33,24,34
S008,S004,33,12,34
S008,R001,33,12,34
S008,R003,33,24,34
S008,R005,33,12,34
S008,Y001,33,24,34
S008,Y003,33,6,34
S008,A006,33,6,34
S008,B002V1,33,24,34
S008,B002V2,33,24,34
S008,B003V3,33,24,34
S008,B005V2,33,12,34
S008,B008V3,33,24,34
S008,B009V3,33,6,34
S008,B010V1,33,6,34
S008,S001V3,33,24,34
S008,S003V2,33,24,34
S008,S004V3,33,12,34
S008,S005V1,33,12,34
S008,S005V3,33,12,34
S008,S006V2,33,6,34
S008,S007V2,33,12,34
S008,S009V1,33,6,34
S008,S009V3,33,6,34
S008,K003V1,33,6,34
S008,K004V2,33,6,34
S008,K004V3,33,6,34
S008,K006V1,33,24,34
S008,K007V2,33,12,34
S008,K009V1,33,6,34
S008,K009V2,33,6,34
S008,K010V1,33,6,34
S008,R002V3,33,6,34
S008,R004V3,33,12,34
S008,R009V3,33,12,34
S008,Y002V2,33,24,34
S008,B001,34,24,35
S008,B003,34,24,35
S008,S009,34,6,35
S008,K004,34,6,35
S008,K005,34,6,35
S008,R001,34,12,35
S008,R003,34,24,35
S008,R004,34,12,35
S008,R007,34,6,35
S008,R008,34,24,35
S008,R009,34,12,35
S008,Y003,34,6,35
S008,A005,34,6,35
S008,B002V1,34,24,35
S008,B004V1,34,12,35
S008,B004V2,34,12,35
S008,B005V2,34,12,35
S008,B007V3,34,24,35
S008,B008V1,34,24,35
S008,B009V3,34,6,35
S008,B010V1,34,6,35
S008,S001V3,34,24,35
S008,S002V2,34,24,35
S008,S004V2,34,12,35
S008,S005V1,34,12,35
S008,S005V3,34,12,35
S008,S006V2,34,6,35
S008,S009V1,34,6,35
S008,K003V1,34,6,35
S008,K006V1,34,24,35
S008,K006V3,34,24,35
S008,K009V1,34,6,35
S008,R002V2,34,6,35
S008,R004V1,34,12,35
S008,R006V2,34,6,35
S008,R006V3,34,6,35
S008,R007V2,34,6,35
S008,R008V3,34,24,35
S008,B003,35,24,36
S008,S001,35,24,36
S008,S002,35,24,36
S008,S004,35,12,36
S008,S005,35,12,36
S008,K004,35,6,36
S008,R002,35,6,36
S008,R008,35,24,36
S008,Y006,35,6,36
S008,A005,35,6,36
S008,B001V3,35,24,36
S008,B002V1,35,24,36
S008,B002V2,35,24,36
S008,B004V2,35,12,36
S008,B006V1,35,24,36
S008,B007V1,35,24,36
S008,B009V3,35,6,36
S008,S001V1,35,24,36
S008,S001V3,35,24,36
S008,S003V1,35,24,36
S008,S004V3,35,12,36
S008,S005V3,35,12,36
S008,S006V2,35,6,36
S008,S008V3,35,6,36
S008,S009V3,35,6,36
S008,K003V2,35,6,36
S008,K004V3,35,6,36
S008,K006V1,35,24,36
S008,K007V2,35,12,36
S008,K009V1,35,6,36
S008,K009V2,35,6,36
S008,R001V2,35,12,36
S008,R002V2,35,6,36
S008,R003V2,35,24,36
S008,R003V3,35,24,36
S008,R005V3,35,12,36
S008,R006V3,35,6,36
S008,B009,36,6,37
S008,S005,36,12,37
S008,K004,36,6,37
S008,K005,36,6,37
S008,R002,36,6,37
S008,R003,36,24,37
S008,R005,36,12,37
S008,R009,36,12,37
S008,R010,36,24,37
S008,Y003,36,6,37
S008,Y006,36,6,37
S008,A003,36,24,37
S008,A008,36,12,37
S008,B001V3,36,24,37
S008,B003V3,36,24,37
S008,B004V1,36,12,37
S008,B005V1,36,12,37
S008,B005V2,36,12,37
S008,B007V1,36,24,37
S008,B009V1,36,6,37
S008,B010V1,36,6,37
S008,S004V1,36,12,37
S008,S004V3,36,12,37
S008,S005V1,36,12,37
S008,S005V3,36,12,37
S008,S006V3,36,6,37
S008,K004V1,36,6,37
S008,K004V3,36,6,37
S008,K010V1,36,6,37
S008,R001V2,36,12,37
S008,R003V2,36,24,37
S008,R004V1,36,12,37
S008,R004V3,36,12,37
S008,R005V3,36,12,37
S008,R006V3,36,6,37
S008,R007V1,36,6,37
S008,Y002V1,36,24,37
S008,S002,37,24,38
S008,K004,37,6,38
S008,K005,37,6,38
S008,K010,37,6,38
S008,R002,37,6,38
S008,R006,37,6,38
S008,R008,37,24,38
S008,R009,37,12,38
S008,Y001,37,24,38
S008,Y004,37,6,38
S008,A001,37,6,38
S008,A004,37,6,38
S008,B002V1,37,24,38
S008,B002V2,37,24,38
S008,B002V3,37,24,38
S008,B004V1,37,12,38
S008,B005V1,37,12,38
S008,B007V3,37,24,38
S008,B008V1,37,24,38
S008,B009V3,37,6,38
S008,S002V2,37,24,38
S008,S003V1,37,24,38
S008,S003V2,37,24,38
S008,S004V3,37,12,38
S008,S005V1,37,12,38
S008,S006V2,37,6,38
S008,S010V1,37,6,38
S008,K003V2,37,6,38
S008,K004V3,37,6,38
S008,K009V1,37,6,38
S008,K009V2,37,6,38
S008,R002V3,37,6,38
S008,R003V1,37,24,38
S008,R003V2,37,24,38
S008,R004V3,37,12,38
S008,R006V3,37,6,38
S008,R008V1,37,24,38
S008,B006,38,24,39
S008,S002,38,24,39
S008,S004,38,12,39
S008,S005,38,12,39
S008,S007,38,12,39
S008,S009,38,6,39
S008,K004,38,6,39
S008,K007,38,12,39
S008,K010,38,6,39
S008,R001,38,12,39
S008,R002,38,6,39
S008,R004,38,12,39
S008,R005,38,12,39
S008,Y001,38,24,39
S008,Y004,38,6,39
S008,A001,38,6,39
S008,A004,38,6,39
S008,A006,38,6,39
S008,B002V1,38,24,39
S008,B002V2,38,24,39
S008,B005V1,38,12,39
S008,S001V1,38,24,39
S008,S003V1,38,24,39
S008,S003V2,38,24,39
S008,S005V1,38,12,39
S008,S006V2,38,6,39
S008,S006V3,38,6,39
S008,S008V3,38,6,39
S008,K003V2,38,6,39
S008,K004V2,38,6,39
S008,K004V3,38,6,39
S008,K006V3,38,24,39
S008,K009V1,38,6,39
S008,K009V2,38,6,39
S008,K010V3,38,6,39
S008,R001V2,38,12,39
S008,R002V2,38,6,39
S008,R007V3,38,6,39
S008,R008V1,38,24,39
S008,R009V3,38,12,39
S008,Y002V2,38,24,39
S008,B008,39,24,40
S008,B009,39,6,40
S008,B010,39,6,40
S008,S001,39,24,40
S008,S002,39,24,40
S008,S004,39,12,40
S008,S005,39,12,40
S008,S009,39,6,40
S008,K004,39,6,40
S008,K005,39,6,40
S008,R001,39,12,40
S008,R007,39,6,40
S008,R008,39,24,40
S008,R010,39,24,40
S008,Y001,39,24,40
S008,Y003,39,6,40
S008,B001V3,39,24,40
S008,B005V2,39,12,40
S008,B008V1,39,24,40
S008,B009V3,39,6,40
S008,S001V1,39,24,40
S008,S001V3,39,24,40
S008,S003V1,39,24,40
S008,S003V2,39,24,40
S008,S004V1,39,12,40
S008,S004V3,39,12,40
S008,S005V3,39,12,40
S008,S006V2,39,6,40
S008,S008V3,39,6,40
S008,S009V1,39,6,40
S008,S009V2,39,6,40
S008,S009V3,39,6,40
S008,K003V2,39,6,40
S008,K004V2,39,6,40
S008,K005V2,39,6,40
S008,K009V1,39,6,40
S008,K009V2,39,6,40
S008,K010V1,39,6,40
S008,R003V3,39,24,40
S008,R004V3,39,12,40
S008,R005V3,39,12,40
S008,R006V3,39,6,40
S008,R008V1,39,24,40
S008,R010V1,39,24,40
S008,S004,40,12,41
S008,K003,40,6,41
S008,K004,40,6,41
S008,K005,40,6,41
S008,R001,40,12,41
S008,R002,40,6,41
S008,R003,40,24,41
S008,R009,40,12,41
S008,R010,40,24,41
S008,Y003,40,6,41
S008,A006,40,6,41
S008,B001V3,40,24,41
S008,B002V2,40,24,41
S008,B003V2,40,24,41
S008,B008V1,40,24,41
S008,S002V2,40,24,41
S008,S003V2,40,24,41
S008,S004V3,40,12,41
S008,S005V1,40,12,41
S008,S005V3,40,12,41
S008,S008V3,40,6,41
S008,S009V1,40,6,41
S008,K004V2,40,6,41
S008,K004V3,40,6,41
S008,K005V2,40,6,41
S008,K005V3,40,6,41
S008,K009V1,40,6,41
S008,R002V3,40,6,41
S008,R003V1,40,24,41
S008,R004V1,40,12,41
S008,R006V3,40,6,41
S008,R007V3,40,6,41
S008,R009V3,40,12,41
S008,B010,41,6,42
S008,S004,41,12,42
S008,K002,41,24,42
S008,K004,41,6,42
S008,K005,41,6,42
S008,K007,41,12,42
S008,R004,41,12,42
S008,Y001,41,24,42
S008,A001,41,6,42
S008,A006,41,6,42
S008,B001V3,41,24,42
S008,B002V1,41,24,42
S008,B002V2,41,24,42
S008,B002V3,41,24,42
S008,B004V1,41,12,42
S008,B004V2,41,12,42
S008,B005V1,41,12,42
S008,B007V3,41,24,42
S008,S001V3,41,24,42
S008,S004V2,41,12,42
S008,S004V3,41,12,42
S008,S005V1,41,12,42
S008,S006V2,41,6,42
S008,S006V3,41,6,42
S008,S007V1,41,12,42
S008,S007V2,41,12,42
S008,S008V1,41,6,42
S008,S009V1,41,6,42
S008,S010V2,41,6,42
S008,K004V3,41,6,42
S008,K005V3,41,6,42
S008,K006V3,41,24,42
S008,K009V1,41,6,42
S008,K010V1,41,6,42
S008,R001V2,41,12,42
S008,R002V2,41,6,42
S008,R003V2,41,24,42
S008,R003V3,41,24,42
S008,R004V1,41,12,42
S008,R004V3,41,12,42
S008,R005V3,41,12,42
S008,R007V1,41,6,42
S008,R009V2,41,12,42
S008,R009V3,41,12,42
S008,Y001V2,41,24,42
S008,B001,42,24,43
S008,B003,42,24,43
S008,B009,42,6,43
S008,S009,42,6,43
S008,K002,42,24,43
S008,K003,42,6,43
S008,K005,42,6,43
S008,K007,42,12,43
S008,R002,42,6,43
S008,R003,42,24,43
S008,B001V3,42,24,43
S008,B002V3,42,24,43
S008,B003V3,42,24,43
S008,B004V1,42,12,43
S008,B005V1,42,12,43
S008,B006V1,42,24,43
S008,B008V1,42,24,43
S008,B009V3,42,6,43
S008,S001V1,42,24,43
S008,S003V1,42,24,43
S008,S005V1,42,12,43
S008,S007V2,42,12,43
S008,K004V3,42,6,43
S008,K009V1,42,6,43
S008,K009V2,42,6,43
S008,K010V1,42,6,43
S008,R001V3,42,12,43
S008,R003V3,42,24,43
S008,R004V1,42,12,43
S008,R007V1,42,6,43
S008,R007V3,42,6,43
S008,Y002V2,42,24,43
S008,B009,43,6,44
S008,B010,43,6,44
S008,S001,43,24,44
S008,S002,43,24,44
S008,S007,43,12,44
S008,K003,43,6,44
S008,K004,43,6,44
S008,K005,43,6,44
S008,R002,43,6,44
S008,Y001,43,24,44
S008,A001,43,6,44
S008,B001V3,43,24,44
S008,B002V1,43,24,44
S008,B003V3,43,24,44
S008,B005V1,43,12,44
S008,B009V3,43,6,44
S008,S001V1,43,24,44
S008,S003V2,43,24,44
S008,S005V3,43,12,44
S008,S006V2,43,6,44
S008,S006V3,43,6,44
S008,S009V1,43,6,44
S008,S009V2,43,6,44
S008,K002V1,43,24,44
S008,K004V3,43,6,44
S008,K006V1,43,24,44
S008,K006V3,43,24,44
S008,K009V2,43,6,44
S008,K010V1,43,6,44
S008,R002V2,43,6,44
S008,R003V2,43,24,44
S008,R003V3,43,24,44
S008,R004V1,43,12,44
S008,R008V3,43,24,44
S008,B001,44,24,45
S008,B009,44,6,45
S008,B010,44,6,45
S008,S002,44,24,45
S008,K002,44,24,45
S008,K004,44,6,45
S008,R005,44,12,45
S008,R008,44,24,45
S008,R009,44,12,45
S008,R010,44,24,45
S008,Y001,44,24,45
S008,B001V2,44,24,45
S008,B001V3,44,24,45
S008,B002V1,44,24,45
S008,B003V2,44,24,45
S008,B004V1,44,12,45
S008,B004V2,44,12,45
S008,B004V3,44,12,45
S008,B006V1,44,24,45
S008,B007V2,44,24,45
S008,B008V3,44,24,45
S008,B009V3,44,6,45
S008,S001V3,44,24,45
S008,S005V1,44,12,45
S008,S005V3,44,12,45
S008,S006V3,44,6,45
S008,S009V1,44,6,45
S008,S009V2,44,6,45
S008,K002V1,44,24,45
S008,K003V2,44,6,45
S008,K004V3,44,6,45
S008,K006V3,44,24,45
S008,K009V2,44,6,45
S008,R002V2,44,6,45
S008,R003V1,44,24,45
S008,R003V3,44,24,45
S008,R004V1,44,12,45
S008,R004V3,44,12,45
S008,R005V1,44,12,45
S008,R007V3,44,6,45
S008,R008V1,44,24,45
S008,R009V3,44,12,45
S008,B003,45,24,46
S008,S002,45,24,46
S008,K004,45,6,46
S008,K005,45,6,46
S008,K007,45,12,46
S008,R002,45,6,46
S008,R007,45,6,46
S008,R009,45,12,46
S008,Y001,45,24,46
S008,B001V2,45,24,46
S008,B002V1,45,24,46
S008,B002V2,45,24,46
S008,B002V3,45,24,46
S008,B003V2,45,24,46
S008,B008V1,45,24,46
S008,B009V3,45,6,46
S008,S002V3,45,24,46
S008,S003V2,45,24,46
S008,S004V2,45,12,46
S008,S005V3,45,12,46
S008,S006V3,45,6,46
S008,S009V1,45,6,46
S008,S009V2,45,6,46
S008,K003V3,45,6,46
S008,K004V3,45,6,46
S008,K007V3,45,12,46
S008,K009V2,45,6,46
S008,K010V1,45,6,46
S008,R002V2,45,6,46
S008,R003V1,45,24,46
S008,R003V3,45,24,46
S008,R004V1,45,12,46
S008,R004V3,45,12,46
S008,R006V3,45,6,46
S008,R007V1,45,6,46
S008,B001,46,24,47
S008,B010,46,6,47
S008,S002,46,24,47
S008,S004,46,12,47
S008,S007,46,12,47
S008,K002,46,24,47
S008,K004,46,6,47
S008,K005,46,6,47
S008,R004,46,12,47
S008,R009,46,12,47
S008,Y001,46,24,47
S008,Y006,46,6,47
S008,A001,46,6,47
S008,B001V2,46,24,47
S008,B002V1,46,24,47
S008,B002V2,46,24,47
S008,B003V2,46,24,47
S008,B003V3,46,24,47
S008,B005V1,46,12,47
S008,B006V1,46,24,47
S008,B008V3,46,24,47
S008,B009V3,46,6,47
S008,S002V2,46,24,47
S008,S002V3,46,24,47
S008,S003V1,46,24,47
S008,S005V1,46,12,47
S008,S009V1,46,6,47
S008,S009V3,46,6,47
S008,S010V2,46,6,47
S008,K003V2,46,6,47
S008,K006V3,46,24,47
S008,K009V2,46,6,47
S008,K010V1,46,6,47
S008,R002V2,46,6,47
S008,R005V1,46,12,47
S008,R005V3,46,12,47
S008,R006V3,46,6,47
S008,Y002V2,46,24,47
S008,B006,47,24,48
S008,S007,47,12,48
S008,S009,47,6,48
S008,K004,47,6,48
S008,K005,47,6,48
S008,R003,47,24,48
S008,R005,47,12,48
S008,Y001,47,24,48
S008,B001V3,47,24,48
S008,B002V1,47,24,48
S008,B002V3,47,24,48
S008,B003V2,47,24,48
S008,B003V3,47,24,48
S008,B004V1,47,12,48
S008,B004V2,47,12,48
S008,B005V1,47,12,48
S008,B008V1,47,24,48
S008,B009V3,47,6,48
S008,S001V2,47,24,48
S008,S002V2,47,24,48
S008,S002V3,47,24,48
S008,S003V1,47,24,48
S008,S004V1,47,12,48
S008,S006V2,47,6,48
S008,S006V3,47,6,48
S008,S007V2,47,12,48
S008,S009V1,47,6,48
S008,K004V3,47,6,48
S008,K009V2,47,6,48
S008,K010V1,47,6,48
S008,R002V3,47,6,48
S008,R003V1,47,24,48
S008,R003V3,47,24,48
S008,R004V1,47,12,48
S008,R006V3,47,6,48
S008,R008V1,47,24,48
S008,R009V1,47,12,48
S008,B004,48,12,49
S008,B008,48,24,49
S008,S004,48,12,49
S008,K004,48,6,49
S008,K005,48,6,49
S008,R004,48,12,49
S008,R005,48,12,49
S008,B001V2,48,24,49
S008,B002V2,48,24,49
S008,B003V3,48,24,49
S008,B008V1,48,24,49
S008,S002V2,48,24,49
S008,S003V1,48,24,49
S008,S003V2,48,24,49
S008,S004V1,48,12,49
S008,S005V3,48,12,49
S008,S006V1,48,6,49
S008,S006V3,48,6,49
S008,S007V2,48,12,49
S008,S009V1,48,6,49
S008,K001V3,48,12,49
S008,K002V1,48,24,49
S008,K004V3,48,6,49
S008,K006V1,48,24,49
S008,K006V3,48,24,49
S008,K007V3,48,12,49
S008,K009V1,48,6,49
S008,K010V1,48,6,49
S008,R001V2,48,12,49
S008,R003V3,48,24,49
S008,R004V3,48,12,49
S008,R005V1,48,12,49
S008,R006V3,48,6,49
S008,R008V1,48,24,49
S008,Y001V2,48,24,49
S008,B010,49,6,50
S008,S002,49,24,50
S008,S007,49,12,50
S008,K002,49,24,50
S008,K003,49,6,50
S008,K004,49,6,50
S008,R002,49,6,50
S008,R003,49,24,50
S008,Y001,49,24,50
S008,Y006,49,6,50
S008,B001V2,49,24,50
S008,B002V1,49,24,50
S008,B003V3,49,24,50
S008,B005V1,49,12,50
S008,B005V2,49,12,50
S008,B005V3,49,12,50
S008,B009V3,49,6,50
S008,S001V3,49,24,50
S008,S002V3,49,24,50
S008,S003V1,49,24,50
S008,S003V2,49,24,50
S008,S004V1,49,12,50
S008,S004V2,49,12,50
S008,S006V2,49,6,50
S008,S007V2,49,12,50
S008,S009V1,49,6,50
S008,S010V2,49,6,50
S008,K003V2,49,6,50
S008,K004V3,49,6,50
S008,K009V2,49,6,50
S008,R003V2,49,24,50
S008,R004V1,49,12,50
S008,R006V1,49,6,50
S008,R007V1,49,6,50
S008,R007V3,49,6,50
S008,R009V3,49,12,50
S008,Y001V2,49,24,50
S008,Y002V2,49,24,50
S008,B003,50,24,51
S008,B004,50,12,51
S008,S005,50,12,51
S008,S007,50,12,51
S008,K004,50,6,51
S008,K005,50,6,51
S008,K009,50,6,51
S008,Y001,50,24,51
S008,B001V2,50,24,51
S008,B002V1,50,24,51
S008,B002V3,50,24,51
S008,B003V3,50,24,51
S008,B004V2,50,12,51
S008,B005V1,50,12,51
S008,B005V2,50,12,51
S008,B006V1,50,24,51
S008,B007V1,50,24,51
S008,B009V2,50,6,51
S008,B009V3,50,6,51
S008,S001V1,50,24,51
S008,S002V3,50,24,51
S008,S003V1,50,24,51
S008,S005V1,50,12,51
S008,S006V3,50,6,51
S008,K001V3,50,12,51
S008,K003V1,50,6,51
S008,K003V2,50,6,51
S008,K004V3,50,6,51
S008,K006V3,50,24,51
S008,K009V2,50,6,51
S008,K010V1,50,6,51
S008,R002V2,50,6,51
S008,R003V1,50,24,51
S008,R005V3,50,12,51
S008,R008V2,50,24,51
S008,R008V3,50,24,51
S008,R009V1,50,12,51
S008,B010,51,6,52
S008,S005,51,12,52
S008,S006,51,6,52
S008,K004,51,6,52
S008,K005,51,6,52
S008,R001,51,12,52
S008,Y002,51,24,52
S008,A001,51,6,52
S008,A006,51,6,52
S008,B001V2,51,24,52
S008,B002V1,51,24,52
S008,B002V3,51,24,52
S008,B003V3,51,24,52
S008,B004V1,51,12,52
S008,B008V1,51,24,52
S008,B009V2,51,6,52
S008,B009V3,51,6,52
S008,S001V1,51,24,52
S008,S002V3,51,24,52
S008,S003V1,51,24,52
S008,S003V2,51,24,52
S008,S005V3,51,12,52
S008,S006V3,51,6,52
S008,K002V1,51,24,52
S008,K004V1,51,6,52
S008,K004V3,51,6,52
S008,K006V1,51,24,52
S008,K006V3,51,24,52
S008,K007V3,51,12,52
S008,K008V2,51,6,52
S008,K009V2,51,6,52
S008,K010V1,51,6,52
S008,R002V3,51,6,52
S008,R003V2,51,24,52
S008,R004V1,51,12,52
S008,R005V3,51,12,52
S008,R008V1,51,24,52
S009,B002,1,24,2
S009,B005,1,12,2
S009,B009,1,6,2
S009,S006,1,6,2
S009,S010,1,6,2
S009,K001,1,12,2
S009,K004,1,6,2
S009,K005,1,24,2
S009,R004,1,12,2
S009,R008,1,24,2
S009,Y001,1,24,2
S009,Y004,1,6,2
S009,Y006,1,6,2
S009,B002V1,1,24,2
S009,B002V3,1,24,2
S009,B004V3,1,12,2
S009,B009V3,1,24,2
S009,B010V1,1,6,2
S009,S001V2,1,24,2
S009,S002V1,1,24,2
S009,S002V2,1,24,2
S009,S003V1,1,24,2
S009,S005V1,1,24,2
S009,S005V2,1,12,2
S009,S006V1,1,6,2
S009,S007V2,1,12,2
S009,S009V1,1,6,2
S009,S009V2,1,12,2
S009,S010V3,1,6,2
S009,K001V1,1,36,2
S009,K004V3,1,24,2
S009,K009V1,1,6,2
S009,K009V2,1,12,2
S009,R001V2,1,12,2
S009,R002V1,1,6,2
S009,R002V2,1,6,2
S009,R002V3,1,6,2
S009,R003V3,1,24,2
S009,R004V2,1,12,2
S009,R004V3,1,12,2
S009,R006V3,1,6,2
S009,R009V2,1,12,2
S009,R010V3,1,24,2
S009,Y002V2,1,24,2
S009,B002,2,24,3
S009,B005,2,12,3
S009,S002,2,24,3
S009,S005,2,12,3
S009,S007,2,12,3
S009,S009,2,6,3
S009,S010,2,6,3
S009,K004,2,12,3
S009,K005,2,36,3
S009,R002,2,6,3
S009,R003,2,24,3
S009,R009,2,12,3
S009,R010,2,24,3
S009,B002V1,2,24,3
S009,B004V1,2,12,3
S009,B005V1,2,12,3
S009,B006V2,2,24,3
S009,B008V1,2,24,3
S009,B009V3,2,18,3
S009,S001V1,2,24,3
S009,S001V3,2,24,3
S009,S003V2,2,24,3
S009,S004V1,2,12,3
S009,S004V2,2,12,3
S009,S005V1,2,24,3
S009,S007V2,2,12,3
S009,S007V3,2,12,3
S009,S008V2,2,6,3
S009,S008V3,2,6,3
S009,S009V1,2,6,3
S009,S009V2,2,12,3
S009,K001V1,2,48,3
S009,K002V2,2,24,3
S009,K003V3,2,6,3
S009,K004V3,2,42,3
S009,K005V1,2,6,3
S009,K007V1,2,12,3
S009,K009V1,2,6,3
S009,K009V2,2,12,3
S009,K010V1,2,6,3
S009,R003V1,2,24,3
S009,R003V2,2,24,3
S009,R004V1,2,12,3
S009,R004V2,2,12,3
S009,R005V1,2,12,3
S009,R005V2,2,12,3
S009,R005V3,2,12,3
S009,R006V3,2,6,3
S009,R008V2,2,24,3
S009,R008V3,2,24,3
S009,R009V1,2,12,3
S009,R009V2,2,12,3
S009,R009V3,2,12,3
S009,R010V2,2,24,3
S009,Y001V1,2,24,3
S009,Y002V3,2,24,3
S009,B009,3,6,4
S009,S005,3,12,4
S009,S007,3,12,4
S009,K004,3,18,4
S009,R002,3,6,4
S009,R004,3,12,4
S009,A001,3,6,4
S009,A002,3,24,4
S009,A006,3,6,4
S009,B002V1,3,24,4
S009,B002V2,3,24,4
S009,B004V1,3,12,4
S009,B009V2,3,6,4
S009,B009V3,3,66,4
S009,B010V1,3,6,4
S009,B010V3,3,6,4
S009,S001V1,3,24,4
S009,S001V2,3,24,4
S009,S001V3,3,24,4
S009,S002V1,3,24,4
S009,S002V2,3,24,4
S009,S002V3,3,24,4
S009,S003V1,3,24,4
S009,S003V2,3,24,4
S009,S004V1,3,12,4
S009,S004V2,3,12,4
S009,S004V3,3,12,4
S009,S005V1,3,36,4
S009,S005V2,3,12,4
S009,S007V1,3,12,4
S009,S008V2,3,6,4
S009,S009V1,3,6,4
S009,S009V2,3,12,4
S009,S010V3,3,6,4
S009,K001V1,3,72,4
S009,K001V2,3,12,4
S009,K002V1,3,24,4
S009,K003V3,3,6,4
S009,K004V3,3,36,4
S009,K009V2,3,12,4
S009,K010V1,3,6,4
S009,R002V1,3,6,4
S009,R002V2,3,6,4
S009,R003V3,3,24,4
S009,R004V1,3,12,4
S009,R004V2,3,12,4
S009,R006V3,3,6,4
S009,R007V1,3,6,4
S009,R007V3,3,6,4
S009,R008V1,3,24,4
S009,Y002V2,3,24,4
S009,Y002V3,3,24,4
S009,B007,4,24,5
S009,S005,4,12,5
S009,S006,4,6,5
S009,S007,4,12,5
S009,S008,4,6,5
S009,K004,4,18,5
S009,R005,4,12,5
S009,Y004,4,6,5
S009,A002,4,24,5
S009,A006,4,6,5
S009,A007,4,6,5
S009,B001V3,4,24,5
S009,B002V1,4,24,5
S009,B002V2,4,24,5
S009,B004V1,4,12,5
S009,B006V2,4,24,5
S009,B007V2,4,24,5
S009,B008V1,4,24,5
S009,B009V2,4,6,5
S009,B009V3,4,66,5
S009,S001V2,4,24,5
S009,S002V2,4,24,5
S009,S002V3,4,24,5
S009,S004V1,4,12,5
S009,S005V1,4,24,5
S009,S006V3,4,6,5
S009,S007V2,4,12,5
S009,S009V1,4,6,5
S009,S009V2,4,12,5
S009,S010V3,4,6,5
S009,K001V1,4,12,5
S009,K004V3,4,30,5
S009,K009V2,4,12,5
S009,K010V1,4,6,5
S009,R001V3,4,12,5
S009,R002V1,4,6,5
S009,R002V2,4,6,5
S009,R003V1,4,24,5
S009,R003V3,4,24,5
S009,R004V2,4,12,5
S009,R005V2,4,12,5
S009,R005V3,4,12,5
S009,R006V3,4,6,5
S009,R007V1,4,6,5
S009,R008V1,4,24,5
S009,R008V3,4,24,5
S009,R010V2,4,24,5
S009,R010V3,4,24,5
S009,B007,5,24,6
S009,B009,5,6,6
S009,S007,5,12,6
S009,S009,5,6,6
S009,K004,5,12,6
S009,K005,5,6,6
S009,R006,5,6,6
S009,R008,5,24,6
S009,Y001,5,24,6
S009,A002,5,24,6
S009,B004V1,5,12,6
S009,B009V3,5,24,6
S009,B010V1,5,6,6
S009,S001V3,5,24,6
S009,S002V1,5,24,6
S009,S002V2,5,24,6
S009,S003V1,5,24,6
S009,S004V2,5,12,6
S009,S005V1,5,24,6
S009,S005V2,5,12,6
S009,S008V3,5,6,6
S009,S009V2,5,6,6
S009,K003V3,5,6,6
S009,K004V3,5,30,6
S009,K007V1,5,12,6
S009,K009V2,5,12,6
S009,K010V1,5,6,6
S009,R003V3,5,24,6
S009,R004V1,5,12,6
S009,R008V3,5,24,6
S009,R009V3,5,12,6
S009,B002,6,24,7
S009,B005,6,12,7
S009,B009,6,6,7
S009,S007,6,12,7
S009,S010,6,6,7
S009,K001,6,12,7
S009,K004,6,18,7
S009,R003,6,24,7
S009,Y005,6,12,7
S009,A005,6,6,7
S009,A006,6,6,7
S009,A007,6,6,7
S009,B001V3,6,24,7
S009,B002V2,6,24,7
S009,B006V2,6,24,7
S009,B007V2,6,24,7
S009,B009V2,6,6,7
S009,B009V3,6,30,7
S009,S003V2,6,24,7
S009,S004V2,6,12,7
S009,S004V3,6,12,7
S009,S005V1,6,24,7
S009,S008V3,6,6,7
S009,S009V1,6,6,7
S009,S009V2,6,12,7
S009,K001V1,6,12,7
S009,K003V3,6,6,7
S009,K004V3,6,6,7
S009,K009V2,6,12,7
S009,K010V1,6,6,7
S009,K010V3,6,6,7
S009,R002V1,6,6,7
S009,R002V2,6,6,7
S009,R004V3,6,12,7
S009,R007V1,6,6,7
S009,R007V3,6,6,7
S009,R008V1,6,24,7
S009,R009V1,6,12,7
S009,R009V3,6,12,7
S009,R010V2,6,24,7
S009,R010V3,6,24,7
S009,B002,7,24,8
S009,B007,7,24,8
S009,S007,7,12,8
S009,S009,7,6,8
S009,S010,7,6,8
S009,K001,7,12,8
S009,K004,7,12,8
S009,K005,7,6,8
S009,R002,7,6,8
S009,R003,7,24,8
S009,R005,7,12,8
S009,Y006,7,6,8
S009,A002,7,24,8
S009,A005,7,6,8
S009,A006,7,6,8
S009,B004V1,7,12,8
S009,B007V2,7,24,8
S009,B009V2,7,6,8
S009,B009V3,7,6,8
S009,B010V1,7,6,8
S009,S001V1,7,24,8
S009,S001V2,7,24,8
S009,S002V1,7,24,8
S009,S003V1,7,24,8
S009,S004V3,7,12,8
S009,S005V1,7,36,8
S009,S005V2,7,12,8
S009,S006V3,7,6,8
S009,S007V2,7,12,8
S009,S009V1,7,6,8
S009,S009V2,7,12,8
S009,S010V3,7,6,8
S009,K001V1,7,12,8
S009,K002V1,7,24,8
S009,K003V3,7,6,8
S009,K004V3,7,6,8
S009,K005V1,7,6,8
S009,K009V2,7,12,8
S009,K010V1,7,6,8
S009,R002V1,7,6,8
S009,R002V2,7,6,8
S009,R002V3,7,6,8
S009,R003V1,7,24,8
S009,R004V1,7,12,8
S009,R005V1,7,12,8
S009,R006V3,7,6,8
S009,R007V1,7,6,8
S009,R009V2,7,12,8
S009,B002,8,24,9
S009,S002,8,24,9
S009,S006,8,6,9
S009,S007,8,12,9
S009,K004,8,12,9
S009,K005,8,6,9
S009,K007,8,12,9
S009,R006,8,6,9
S009,R008,8,24,9
S009,Y001,8,24,9
S009,Y006,8,6,9
S009,A006,8,6,9
S009,B002V1,8,24,9
S009,B004V1,8,12,9
S009,B009V3,8,6,9
S009,S001V2,8,24,9
S009,S003V2,8,24,9
S009,S003V3,8,24,9
S009,S004V1,8,12,9
S009,S004V2,8,12,9
S009,S004V3,8,12,9
S009,S005V1,8,24,9
S009,S005V2,8,12,9
S009,S006V3,8,6,9
S009,S009V2,8,6,9
S009,K002V1,8,24,9
S009,K004V3,8,6,9
S009,K007V1,8,12,9
S009,K009V2,8,6,9
S009,K010V1,8,6,9
S009,R002V1,8,6,9
S009,R002V2,8,6,9
S009,R002V3,8,6,9
S009,R003V1,8,24,9
S009,R003V2,8,24,9
S009,R005V1,8,12,9
S009,R010V1,8,24,9
S009,Y002V3,8,24,9
S009,B007,9,24,10
S009,S002,9,24,10
S009,S005,9,12,10
S009,S007,9,12,10
S009,S009,9,6,10
S009,S010,9,6,10
S009,K001,9,12,10
S009,K004,9,12,10
S009,K005,9,6,10
S009,R002,9,6,10
S009,R003,9,24,10
S009,R009,9,12,10
S009,Y001,9,24,10
S009,Y004,9,6,10
S009,A006,9,6,10
S009,B001V3,9,24,10
S009,B006V2,9,24,10
S009,B007V2,9,24,10
S009,B008V3,9,24,10
S009,B009V2,9,6,10
S009,B009V3,9,6,10
S009,B010V1,9,6,10
S009,S001V1,9,24,10
S009,S002V1,9,24,10
S009,S002V3,9,24,10
S009,S003V1,9,24,10
S009,S003V2,9,24,10
S009,S004V1,9,12,10
S009,S005V1,9,24,10
S009,S009V1,9,6,10
S009,S009V2,9,12,10
S009,K001V1,9,12,10
S009,K003V3,9,6,10
S009,K004V3,9,6,10
S009,K007V2,9,12,10
S009,K009V2,9,12,10
S009,K010V1,9,6,10
S009,R002V1,9,6,10
S009,R002V2,9,6,10
S009,R002V3,9,6,10
S009,R003V3,9,24,10
S009,R004V1,9,12,10
S009,R004V3,9,12,10
S009,R005V1,9,12,10
S009,R005V3,9,12,10
S009,R006V3,9,6,10
S009,R007V3,9,6,10
S009,R008V1,9,24,10
S009,R008V2,9,24,10
S009,Y001V1,9,24,10
S009,B002,10,24,11
S009,B006,10,24,11
S009,B007,10,24,11
S009,S002,10,24,11
S009,S005,10,12,11
S009,S007,10,12,11
S009,S009,10,6,11
S009,K004,10,6,11
S009,K005,10,6,11
S009,K010,10,6,11
S009,R004,10,12,11
S009,A002,10,24,11
S009,A003,10,24,11
S009,B001V3,10,24,11
S009,B002V3,10,24,11
S009,B006V1,10,24,11
S009,B009V2,10,6,11
S009,B009V3,10,6,11
S009,S001V3,10,24,11
S009,S004V3,10,12,11
S009,S005V1,10,24,11
S009,S007V2,10,12,11
S009,S009V1,10,6,11
S009,S009V2,10,12,11
S009,K001V1,10,12,11
S009,K002V1,10,24,11
S009,K003V3,10,6,11
S009,K004V3,10,6,11
S009,K007V1,10,12,11
S009,K007V2,10,12,11
S009,K009V1,10,6,11
S009,K009V2,10,12,11
S009,K010V1,10,6,11
S009,R002V1,10,6,11
S009,R002V2,10,6,11
S009,R003V2,10,24,11
S009,R003V3,10,24,11
S009,R004V1,10,12,11
S009,R004V3,10,12,11
S009,R005V3,10,12,11
S009,R007V1,10,6,11
S009,R010V3,10,24,11
S009,B002,11,24,12
S009,B006,11,24,12
S009,S002,11,24,12
S009,S004,11,12,12
S009,S007,11,12,12
S009,K001,11,12,12
S009,K004,11,12,12
S009,K005,11,6,12
S009,K010,11,6,12
S009,R004,11,12,12
S009,R005,11,12,12
S009,R008,11,24,12
S009,R010,11,24,12
S009,A001,11,6,12
S009,A002,11,24,12
S009,A007,11,6,12
S009,B006V2,11,24,12
S009,B009V3,11,6,12
S009,S001V1,11,24,12
S009,S002V1,11,24,12
S009,S002V2,11,24,12
S009,S004V2,11,12,12
S009,S005V1,11,36,12
S009,S005V2,11,12,12
S009,S009V2,11,6,12
S009,S010V2,11,6,12
S009,K001V1,11,12,12
S009,K007V1,11,12,12
S009,K009V1,11,6,12
S009,R002V1,11,6,12
S009,R002V2,11,6,12
S009,R002V3,11,6,12
S009,R003V1,11,24,12
S009,R003V3,11,24,12
S009,R005V2,11,12,12
S009,R006V3,11,6,12
S009,R008V1,11,24,12
S009,R008V2,11,24,12
S009,R009V1,11,12,12
S009,R009V3,11,12,12
S009,Y002V2,11,24,12
S009,B002,12,24,13
S009,S007,12,12,13
S009,S008,12,6,13
S009,S009,12,6,13
S009,K001,12,12,13
S009,K004,12,6,13
S009,K005,12,6,13
S009,Y004,12,6,13
S009,A002,12,24,13
S009,A007,12,6,13
S009,B009V3,12,6,13
S009,S001V1,12,24,13
S009,S001V2,12,24,13
S009,S002V3,12,24,13
S009,S003V1,12,24,13
S009,S004V1,12,12,13
S009,S005V1,12,24,13
S009,S005V2,12,12,13
S009,S006V3,12,6,13
S009,K001V1,12,12,13
S009,K004V3,12,6,13
S009,K007V1,12,12,13
S009,K009V1,12,6,13
S009,K009V2,12,6,13
S009,R001V2,12,12,13
S009,R002V1,12,6,13
S009,R002V2,12,6,13
S009,R003V3,12,24,13
S009,R004V1,12,12,13
S009,R004V3,12,12,13
S009,R007V1,12,6,13
S009,R008V1,12,24,13
S009,R008V3,12,24,13
S009,R010V3,12,24,13
S009,Y001V1,12,24,13
S009,Y002V3,12,24,13
S009,B009,13,6,14
S009,S002,13,24,14
S009,S004,13,12,14
S009,S008,13,6,14
S009,K004,13,18,14
S009,K007,13,12,14
S009,R003,13,24,14
S009,A002,13,24,14
S009,A004,13,6,14
S009,A006,13,6,14
S009,B002V2,13,24,14
S009,B009V3,13,6,14
S009,B010V1,13,6,14
S009,S001V1,13,24,14
S009,S004V3,13,12,14
S009,S005V1,13,24,14
S009,S006V1,13,6,14
S009,S007V1,13,12,14
S009,K001V1,13,12,14
S009,K003V3,13,6,14
S009,K004V3,13,6,14
S009,K007V1,13,12,14
S009,K009V2,13,6,14
S009,R002V1,13,6,14
S009,R002V3,13,6,14
S009,R003V1,13,24,14
S009,R003V3,13,24,14
S009,R004V2,13,12,14
S009,R005V1,13,12,14
S009,R005V2,13,12,14
S009,R006V1,13,6,14
S009,R006V3,13,6,14
S009,R007V3,13,6,14
S009,R008V1,13,24,14
S009,R009V1,13,12,14
S009,R009V3,13,12,14
S009,Y001V1,13,24,14
S009,Y002V3,13,24,14
S009,B006,14,24,15
S009,B007,14,24,15
S009,S005,14,12,15
S009,K001,14,12,15
S009,K004,14,18,15
S009,K005,14,6,15
S009,K010,14,6,15
S009,R003,14,24,15
S009,R004,14,12,15
S009,R005,14,12,15
S009,R008,14,24,15
S009,Y004,14,6,15
S009,A006,14,6,15
S009,B009V1,14,6,15
S009,B009V2,14,6,15
S009,B009V3,14,6,15
S009,B010V1,14,6,15
S009,B010V2,14,6,15
S009,S001V3,14,24,15
S009,S002V1,14,24,15
S009,S002V3,14,24,15
S009,S003V2,14,24,15
S009,S004V3,14,12,15
S009,S005V1,14,24,15
S009,S007V1,14,12,15
S009,S007V2,14,12,15
S009,K001V1,14,12,15
S009,K002V1,14,24,15
S009,K002V2,14,24,15
S009,K003V3,14,6,15
S009,K007V1,14,12,15
S009,K007V2,14,12,15
S009,K009V1,14,6,15
S009,R001V2,14,12,15
S009,R002V1,14,6,15
S009,R002V2,14,6,15
S009,R003V3,14,24,15
S009,R004V1,14,12,15
S009,R005V3,14,12,15
S009,R007V2,14,6,15
S009,R007V3,14,6,15
S009,B002,15,24,16
S009,B006,15,24,16
S009,B007,15,24,16
S009,S002,15,24,16
S009,S004,15,12,16
S009,S007,15,12,16
S009,S008,15,6,16
S009,K004,15,18,16
S009,K005,15,6,16
S009,K010,15,6,16
S009,R002,15,6,16
S009,R009,15,12,16
S009,A007,15,6,16
S009,B001V1,15,24,16
S009,B004V1,15,12,16
S009,B006V1,15,24,16
S009,B006V2,15,24,16
S009,B009V1,15,6,16
S009,B009V3,15,6,16
S009,S001V3,15,24,16
S009,S002V1,15,24,16
S009,S002V2,15,24,16
S009,S003V1,15,24,16
S009,S003V2,15,24,16
S009,S003V3,15,24,16
S009,S004V1,15,12,16
S009,S004V3,15,12,16
S009,S005V1,15,24,16
S009,S005V2,15,12,16
S009,S006V1,15,6,16
S009,S007V2,15,12,16
S009,K001V1,15,12,16
S009,K003V3,15,6,16
S009,K004V3,15,6,16
S009,K007V1,15,12,16
S009,K007V2,15,12,16
S009,K009V1,15,6,16
S009,R002V1,15,6,16
S009,R002V2,15,6,16
S009,R004V1,15,12,16
S009,R004V2,15,12,16
S009,R006V3,15,6,16
S009,R007V3,15,6,16
S009,R008V1,15,24,16
S009,R009V2,15,12,16
S009,R009V3,15,12,16
S009,R010V2,15,24,16
S009,Y002V2,15,24,16
S009,Y002V3,15,24,16
S009,B009,16,6,17
S009,S004,16,12,17
S009,S006,16,6,17
S009,S007,16,12,17
S009,S010,16,6,17
S009,K004,16,12,17
S009,K005,16,6,17
S009,K007,16,12,17
S009,R005,16,12,17
S009,R008,16,24,17
S009,R009,16,12,17
S009,R010,16,24,17
S009,Y001,16,24,17
S009,A007,16,6,17
S009,B002V2,16,24,17
S009,B006V1,16,24,17
S009,B006V3,16,24,17
S009,B007V2,16,24,17
S009,B009V3,16,6,17
S009,S001V1,16,24,17
S009,S001V2,16,24,17
S009,S002V1,16,24,17
S009,S002V3,16,24,17
S009,S004V2,16,12,17
S009,S005V1,16,24,17
S009,S005V2,16,12,17
S009,S006V1,16,6,17
S009,S006V3,16,6,17
S009,S007V2,16,12,17
S009,S009V1,16,6,17
S009,K001V1,16,12,17
S009,K004V3,16,6,17
S009,R002V2,16,6,17
S009,R002V3,16,6,17
S009,R006V3,16,6,17
S009,R008V3,16,24,17
S009,R009V2,16,12,17
S009,R009V3,16,12,17
S009,R010V3,16,24,17
S009,Y001V1,16,24,17
S009,Y002V2,16,24,17
S009,B002,17,24,18
S009,B006,17,24,18
S009,S002,17,24,18
S009,S004,17,12,18
S009,S005,17,12,18
S009,S009,17,6,18
S009,S010,17,6,18
S009,K004,17,18,18
S009,K005,17,6,18
S009,K007,17,12,18
S009,R003,17,24,18
S009,R006,17,6,18
S009,R009,17,12,18
S009,Y001,17,24,18
S009,A001,17,6,18
S009,A006,17,6,18
S009,A007,17,6,18
S009,B001V3,17,24,18
S009,B002V3,17,24,18
S009,B004V1,17,12,18
S009,B009V3,17,6,18
S009,S001V2,17,24,18
S009,S002V2,17,24,18
S009,S003V1,17,24,18
S009,S003V2,17,24,18
S009,S004V2,17,12,18
S009,S005V1,17,12,18
S009,K004V3,17,6,18
S009,K007V2,17,12,18
S009,R002V1,17,6,18
S009,R003V2,17,24,18
S009,R003V3,17,24,18
S009,R004V3,17,12,18
S009,R005V1,17,12,18
S009,R005V3,17,12,18
S009,R007V3,17,6,18
S009,R009V1,17,12,18
S009,R010V3,17,24,18
S009,B002,18,24,19
S009,B006,18,24,19
S009,B007,18,24,19
S009,S002,18,24,19
S009,S006,18,6,19
S009,S007,18,12,19
S009,S008,18,6,19
S009,S010,18,6,19
S009,K004,18,12,19
S009,K005,18,6,19
S009,K010,18,6,19
S009,R005,18,12,19
S009,A001,18,6,19
S009,A002,18,24,19
S009,B001V3,18,24,19
S009,B002V1,18,24,19
S009,B002V2,18,24,19
S009,B007V2,18,24,19
S009,B009V3,18,6,19
S009,S001V2,18,24,19
S009,S002V2,18,24,19
S009,S002V3,18,24,19
S009,S005V1,18,12,19
S009,S008V1,18,6,19
S009,S008V3,18,6,19
S009,S009V1,18,6,19
S009,K001V1,18,12,19
S009,K002V2,18,24,19
S009,K004V3,18,6,19
S009,R002V1,18,6,19
S009,R002V2,18,6,19
S009,R003V1,18,24,19
S009,R003V3,18,24,19
S009,R004V1,18,12,19
S009,R005V3,18,12,19
S009,R006V3,18,6,19
S009,R008V1,18,24,19
S009,R009V3,18,12,19
S009,R010V2,18,24,19
S009,Y001V3,18,24,19
S009,Y002V2,18,24,19
S009,Y002V3,18,24,19
S009,B006,19,24,20
S009,B009,19,6,20
S009,S002,19,24,20
S009,S005,19,12,20
S009,K001,19,12,20
S009,K004,19,18,20
S009,K005,19,6,20
S009,K008,19,6,20
S009,R006,19,6,20
S009,R008,19,24,20
S009,Y001,19,24,20
S009,Y006,19,6,20
S009,A001,19,6,20
S009,B002V2,19,24,20
S009,B006V1,19,24,20
S009,B007V2,19,24,20
S009,B008V3,19,24,20
S009,B009V1,19,6,20
S009,B009V2,19,6,20
S009,B009V3,19,6,20
S009,B010V1,19,6,20
S009,S001V2,19,24,20
S009,S001V3,19,24,20
S009,S002V2,19,24,20
S009,S003V2,19,24,20
S009,S004V2,19,12,20
S009,S005V1,19,12,20
S009,S006V3,19,6,20
S009,S007V2,19,12,20
S009,S008V2,19,6,20
S009,K001V1,19,12,20
S009,K003V3,19,6,20
S009,K004V3,19,6,20
S009,R001V2,19,12,20
S009,R002V3,19,6,20
S009,R003V1,19,24,20
S009,R003V2,19,24,20
S009,R003V3,19,24,20
S009,R004V1,19,12,20
S009,R007V1,19,6,20
S009,R008V2,19,24,20
S009,R009V2,19,12,20
S009,R010V2,19,24,20
S009,R010V3,19,24,20
S009,Y002V1,19,24,20
S009,Y002V2,19,24,20
S009,Y002V3,19,24,20
S009,B002,20,24,21
S009,B009,20,6,21
S009,S004,20,12,21
S009,S009,20,6,21
S009,K004,20,6,21
S009,K005,20,6,21
S009,R002,20,6,21
S009,R006,20,6,21
S009,R009,20,12,21
S009,Y001,20,24,21
S009,A002,20,24,21
S009,B002V1,20,24,21
S009,B002V3,20,24,21
S009,B006V2,20,24,21
S009,B008V3,20,24,21
S009,B009V3,20,6,21
S009,B010V1,20,6,21
S009,B010V3,20,6,21
S009,S001V2,20,24,21
S009,S002V1,20,24,21
S009,S002V3,20,24,21
S009,S004V1,20,12,21
S009,S004V2,20,12,21
S009,S005V3,20,12,21
S009,S006V3,20,6,21
S009,S008V2,20,6,21
S009,S009V1,20,6,21
S009,S010V2,20,6,21
S009,K001V1,20,12,21
S009,K002V1,20,24,21
S009,K004V3,20,6,21
S009,K007V1,20,12,21
S009,K007V2,20,12,21
S009,R002V1,20,6,21
S009,R003V2,20,24,21
S009,R003V3,20,24,21
S009,R005V1,20,12,21
S009,R006V3,20,6,21
S009,R007V3,20,6,21
S009,R008V1,20,24,21
S009,R008V3,20,24,21
S009,Y002V3,20,24,21
S009,B002,21,24,22
S009,B007,21,24,22
S009,S001,21,24,22
S009,S007,21,12,22
S009,K004,21,12,22
S009,K005,21,6,22
S009,K007,21,12,22
S009,R002,21,6,22
S009,R004,21,12,22
S009,R005,21,12,22
S009,A002,21,24,22
S009,A005,21,6,22
S009,B001V3,21,24,22
S009,B002V1,21,24,22
S009,B006V1,21,24,22
S009,B007V2,21,24,22
S009,B008V1,21,24,22
S009,B008V3,21,24,22
S009,B009V3,21,6,22
S009,B010V1,21,6,22
S009,S001V1,21,24,22
S009,S001V2,21,24,22
S009,S003V1,21,24,22
S009,S005V1,21,12,22
S009,S005V2,21,12,22
S009,S007V2,21,12,22
S009,S008V3,21,6,22
S009,K004V3,21,6,22
S009,R001V2,21,12,22
S009,R003V3,21,24,22
S009,R005V2,21,12,22
S009,R006V3,21,6,22
S009,R007V3,21,6,22
S009,R008V1,21,24,22
S009,R008V3,21,24,22
S009,R010V2,21,24,22
S009,Y002V3,21,24,22
S009,B006,22,24,23
S009,S009,22,6,23
S009,K004,22,12,23
S009,K005,22,6,23
S009,K007,22,12,23
S009,K010,22,6,23
S009,R006,22,6,23
S009,R008,22,24,23
S009,R010,22,24,23
S009,Y005,22,12,23
S009,A002,22,24,23
S009,A006,22,6,23
S009,B002V3,22,24,23
S009,B004V1,22,12,23
S009,B006V1,22,24,23
S009,B008V1,22,24,23
S009,B009V3,22,6,23
S009,S001V2,22,24,23
S009,S002V1,22,24,23
S009,S002V2,22,24,23
S009,S002V3,22,24,23
S009,S003V3,22,24,23
S009,S004V2,22,12,23
S009,S004V3,22,12,23
S009,S005V1,22,12,23
S009,S005V2,22,12,23
S009,S005V3,22,12,23
S009,S008V3,22,6,23
S009,S009V1,22,6,23
S009,K001V1,22,12,23
S009,K002V1,22,24,23
S009,R002V1,22,6,23
S009,R002V2,22,6,23
S009,R002V3,22,6,23
S009,R003V1,22,24,23
S009,R004V2,22,12,23
S009,R004V3,22,12,23
S009,R007V1,22,6,23
S009,R007V2,22,6,23
S009,R008V3,22,24,23
S009,R009V3,22,12,23
S009,Y002V2,22,24,23
S009,B006,23,24,24
S009,B007,23,24,24
S009,S007,23,12,24
S009,S008,23,6,24
S009,S009,23,6,24
S009,K001,23,12,24
S009,K004,23,12,24
S009,K005,23,6,24
S009,K010,23,6,24
S009,R008,23,24,24
S009,Y002,23,24,24
S009,A005,23,6,24
S009,B002V3,23,24,24
S009,B004V1,23,12,24
S009,B008V1,23,24,24
S009,B009V3,23,6,24
S009,S003V2,23,24,24
S009,S004V2,23,12,24
S009,S005V1,23,12,24
S009,S007V2,23,12,24
S009,K001V1,23,12,24
S009,K002V1,23,24,24
S009,K004V3,23,6,24
S009,K007V2,23,12,24
S009,R002V1,23,6,24
S009,R003V3,23,24,24
S009,R004V1,23,12,24
S009,R005V1,23,12,24
S009,R006V3,23,6,24
S009,R007V1,23,6,24
S009,R010V2,23,24,24
S009,R010V3,23,24,24
S009,Y002V2,23,24,24
S009,B002,24,24,25
S009,S001,24,24,25
S009,S004,24,12,25
S009,S006,24,6,25
S009,S009,24,6,25
S009,K004,24,12,25
S009,K007,24,12,25
S009,R004,24,12,25
S009,R005,24,12,25
S009,Y001,24,24,25
S009,Y006,24,6,25
S009,B005V1,24,12,25
S009,B006V1,24,24,25
S009,B006V2,24,24,25
S009,B009V3,24,6,25
S009,S001V1,24,24,25
S009,S005V1,24,12,25
S009,S005V2,24,12,25
S009,S008V3,24,6,25
S009,S009V1,24,6,25
S009,K001V1,24,12,25
S009,K003V3,24,6,25
S009,K007V1,24,12,25
S009,R001V2,24,12,25
S009,R003V1,24,24,25
S009,R003V2,24,24,25
S009,R003V3,24,24,25
S009,R005V1,24,12,25
S009,R005V3,24,12,25
S009,R006V3,24,6,25
S009,R007V1,24,6,25
S009,R010V2,24,24,25
S009,Y001V1,24,24,25
S009,B006,25,24,26
S009,B007,25,24,26
S009,S005,25,12,26
S009,S006,25,6,26
S009,K004,25,12,26
S009,K005,25,6,26
S009,K007,25,12,26
S009,R004,25,12,26
S009,R009,25,12,26
S009,R010,25,24,26
S009,A001,25,6,26
S009,A002,25,24,26
S009,A003,25,24,26
S009,A005,25,6,26
S009,B001V3,25,24,26
S009,B005V1,25,12,26
S009,B007V3,25,24,26
S009,B008V1,25,24,26
S009,B009V2,25,6,26
S009,B009V3,25,6,26
S009,B010V1,25,6,26
S009,S001V1,25,24,26
S009,S001V2,25,24,26
S009,S004V1,25,12,26
S009,S004V3,25,12,26
S009,S005V1,25,12,26
S009,S005V2,25,12,26
S009,S005V3,25,12,26
S009,S006V3,25,6,26
S009,S008V3,25,6,26
S009,S009V1,25,6,26
S009,K007V1,25,12,26
S009,R001V3,25,12,26
S009,R003V1,25,24,26
S009,R003V3,25,24,26
S009,R004V1,25,12,26
S009,R005V3,25,12,26
S009,R006V3,25,6,26
S009,R008V1,25,24,26
S009,R008V2,25,24,26
S009,R009V1,25,12,26
S009,R009V2,25,12,26
S009,Y002V3,25,24,26
S009,B006,26,24,27
S009,S009,26,6,27
S009,K004,26,12,27
S009,K005,26,6,27
S009,R003,26,24,27
S009,R008,26,24,27
S009,Y001,26,24,27
S009,Y002,26,24,27
S009,A004,26,6,27
S009,B008V1,26,24,27
S009,B009V3,26,6,27
S009,S001V1,26,24,27
S009,S001V2,26,24,27
S009,S001V3,26,24,27
S009,S002V3,26,24,27
S009,S003V2,26,24,27
S009,S004V1,26,12,27
S009,S005V1,26,12,27
S009,K001V1,26,12,27
S009,K002V1,26,24,27
S009,K004V3,26,6,27
S009,R001V2,26,12,27
S009,R002V1,26,6,27
S009,R002V2,26,6,27
S009,R005V1,26,12,27
S009,R005V2,26,12,27
S009,R006V3,26,6,27
S009,R007V3,26,6,27
S009,R008V2,26,24,27
S009,R008V3,26,24,27
S009,R009V3,26,12,27
S009,R010V2,26,24,27
S009,Y002V2,26,24,27
S009,Y002V3,26,24,27
S009,B006,27,24,28
S009,S002,27,24,28
S009,S004,27,12,28
S009,S008,27,6,28
S009,S009,27,6,28
S009,K001,27,12,28
S009,K004,27,12,28
S009,K005,27,6,28
S009,R002,27,6,28
S009,R003,27,24,28
S009,Y004,27,6,28
S009,A001,27,6,28
S009,A002,27,24,28
S009,A003,27,24,28
S009,B001V3,27,24,28
S009,B002V2,27,24,28
S009,B007V2,27,24,28
S009,B007V3,27,24,28
S009,B010V1,27,6,28
S009,B010V2,27,6,28
S009,S003V1,27,24,28
S009,S004V1,27,12,28
S009,S004V3,27,12,28
S009,S005V1,27,12,28
S009,S008V3,27,6,28
S009,S010V2,27,6,28
S009,K003V3,27,6,28
S009,K004V3,27,6,28
S009,R002V1,27,6,28
S009,R002V3,27,6,28
S009,R003V3,27,24,28
S009,R004V2,27,12,28
S009,R004V3,27,12,28
S009,R005V2,27,12,28
S009,R006V3,27,6,28
S009,Y002V1,27,24,28
S009,Y002V2,27,24,28
S009,Y002V3,27,24,28
S009,B007,28,24,29
S009,S005,28,12,29
S009,S006,28,6,29
S009,S007,28,12,29
S009,S008,28,6,29
S009,K004,28,12,29
S009,R004,28,12,29
S009,R005,28,12,29
S009,R008,28,24,29
S009,R010,28,24,29
S009,A001,28,6,29
S009,A002,28,24,29
S009,B001V3,28,24,29
S009,B002V1,28,24,29
S009,B004V3,28,12,29
S009,B008V1,28,24,29
S009,B009V1,28,6,29
S009,B009V3,28,6,29
S009,B010V3,28,6,29
S009,S002V2,28,24,29
S009,S002V3,28,24,29
S009,S004V1,28,12,29
S009,S006V3,28,6,29
S009,S007V2,28,12,29
S009,S009V1,28,6,29
S009,K001V1,28,12,29
S009,K002V1,28,24,29
S009,K002V2,28,24,29
S009,R001V2,28,12,29
S009,R002V1,28,6,29
S009,R002V2,28,6,29
S009,R003V1,28,24,29
S009,R004V1,28,12,29
S009,R004V2,28,12,29
S009,R005V1,28,12,29
S009,R006V3,28,6,29
S009,R008V1,28,24,29
S009,R009V1,28,12,29
S009,R010V2,28,24,29
S009,Y002V3,28,24,29
S009,B002,29,24,30
S009,B006,29,24,30
S009,S005,29,12,30
S009,S008,29,6,30
S009,K003,29,6,30
S009,K004,29,12,30
S009,K005,29,6,30
S009,R002,29,6,30
S009,R004,29,12,30
S009,R008,29,24,30
S009,R009,29,12,30
S009,Y001,29,24,30
S009,Y004,29,6,30
S009,Y006,29,6,30
S009,A005,29,6,30
S009,B001V3,29,24,30
S009,B005V1,29,12,30
S009,B006V3,29,24,30
S009,B007V2,29,24,30
S009,B009V3,29,6,30
S009,B010V3,29,6,30
S009,S001V1,29,24,30
S009,S001V2,29,24,30
S009,S002V2,29,24,30
S009,S003V1,29,24,30
S009,S003V2,29,24,30
S009,S004V3,29,12,30
S009,S006V3,29,6,30
S009,S007V2,29,12,30
S009,S008V3,29,6,30
S009,K001V1,29,12,30
S009,K004V3,29,6,30
S009,K007V1,29,12,30
S009,K010V1,29,6,30
S009,R002V2,29,6,30
S009,R004V1,29,12,30
S009,R004V3,29,12,30
S009,R005V3,29,12,30
S009,R009V3,29,12,30
S009,R010V2,29,24,30
S009,Y001V1,29,24,30
S009,Y002V1,29,24,30
S009,Y002V2,29,24,30
S009,Y002V3,29,24,30
S009,B002,30,24,31
S009,B006,30,24,31
S009,S002,30,24,31
S009,S009,30,6,31
S009,K003,30,6,31
S009,K004,30,12,31
S009,K005,30,6,31
S009,R005,30,12,31
S009,R006,30,6,31
S009,R008,30,24,31
S009,Y001,30,24,31
S009,Y004,30,6,31
S009,Y006,30,6,31
S009,A002,30,24,31
S009,B001V3,30,24,31
S009,B002V2,30,24,31
S009,B002V3,30,24,31
S009,B009V3,30,6,31
S009,B010V2,30,6,31
S009,B010V3,30,6,31
S009,S002V1,30,24,31
S009,S003V1,30,24,31
S009,S004V3,30,12,31
S009,S005V1,30,12,31
S009,S006V3,30,6,31
S009,S007V2,30,12,31
S009,S009V1,30,6,31
S009,K001V1,30,12,31
S009,K002V1,30,24,31
S009,K002V2,30,24,31
S009,K004V3,30,6,31
S009,K007V1,30,12,31
S009,R001V3,30,12,31
S009,R002V1,30,6,31
S009,R002V2,30,6,31
S009,R003V1,30,24,31
S009,R003V2,30,24,31
S009,R003V3,30,24,31
S009,R004V2,30,12,31
S009,R005V1,30,12,31
S009,R006V3,30,6,31
S009,R007V3,30,6,31
S009,R008V1,30,24,31
S009,R008V3,30,24,31
S009,Y002V2,30,24,31
S009,B007,31,24,32
S009,S005,31,12,32
S009,S009,31,6,32
S009,S010,31,6,32
S009,K003,31,6,32
S009,K004,31,12,32
S009,K007,31,12,32
S009,R004,31,12,32
S009,R009,31,12,32
S009,Y001,31,24,32
S009,A006,31,6,32
S009,A007,31,6,32
S009,B004V1,31,12,32
S009,B006V1,31,24,32
S009,B007V2,31,24,32
S009,B008V1,31,24,32
S009,B008V2,31,24,32
S009,B009V2,31,6,32
S009,B010V3,31,6,32
S009,S001V2,31,24,32
S009,S001V3,31,24,32
S009,S002V1,31,24,32
S009,S002V3,31,24,32
S009,S003V2,31,24,32
S009,S004V2,31,12,32
S009,S005V1,31,12,32
S009,S005V2,31,12,32
S009,K002V2,31,24,32
S009,K003V3,31,6,32
S009,R002V1,31,6,32
S009,R002V2,31,6,32
S009,R003V3,31,24,32
S009,R004V1,31,12,32
S009,R004V2,31,12,32
S009,R004V3,31,12,32
S009,R005V2,31,12,32
S009,R005V3,31,12,32
S009,B004,32,12,33
S009,B006,32,24,33
S009,B007,32,24,33
S009,S005,32,12,33
S009,S006,32,6,33
S009,S007,32,12,33
S009,S009,32,6,33
S009,K004,32,6,33
S009,K005,32,6,33
S009,R004,32,12,33
S009,Y001,32,24,33
S009,A001,32,6,33
S009,B006V1,32,24,33
S009,B008V1,32,24,33
S009,B009V2,32,6,33
S009,B009V3,32,6,33
S009,B010V1,32,6,33
S009,S001V2,32,24,33
S009,S001V3,32,24,33
S009,S002V1,32,24,33
S009,S003V1,32,24,33
S009,S003V3,32,24,33
S009,S005V3,32,12,33
S009,S007V2,32,12,33
S009,S008V3,32,6,33
S009,K001V1,32,12,33
S009,K004V3,32,6,33
S009,R002V1,32,6,33
S009,R002V3,32,6,33
S009,R005V3,32,12,33
S009,R006V3,32,6,33
S009,R008V3,32,24,33
S009,R010V2,32,24,33
S009,R010V3,32,24,33
S009,Y002V2,32,24,33
S009,B002,33,24,34
S009,S010,33,6,34
S009,K003,33,6,34
S009,K004,33,6,34
S009,K005,33,6,34
S009,R003,33,24,34
S009,R006,33,6,34
S009,Y006,33,6,34
S009,A006,33,6,34
S009,B001V1,33,24,34
S009,B002V2,33,24,34
S009,B006V2,33,24,34
S009,B008V2,33,24,34
S009,B009V1,33,6,34
S009,B009V3,33,6,34
S009,B010V1,33,6,34
S009,S002V1,33,24,34
S009,S002V3,33,24,34
S009,S003V1,33,24,34
S009,S005V1,33,12,34
S009,S005V2,33,12,34
S009,S008V3,33,6,34
S009,S009V1,33,6,34
S009,K001V1,33,12,34
S009,K002V1,33,24,34
S009,K003V3,33,6,34
S009,K004V3,33,6,34
S009,R001V3,33,12,34
S009,R002V1,33,6,34
S009,R002V2,33,6,34
S009,R002V3,33,6,34
S009,R003V1,33,24,34
S009,R003V2,33,24,34
S009,R003V3,33,24,34
S009,R004V1,33,12,34
S009,R004V3,33,12,34
S009,R005V1,33,12,34
S009,R005V2,33,12,34
S009,R006V3,33,6,34
S009,R008V1,33,24,34
S009,R009V3,33,12,34
S009,R010V3,33,24,34
S009,Y001V3,33,24,34
S009,Y002V2,33,24,34
S009,B002,34,24,35
S009,B004,34,12,35
S009,S002,34,24,35
S009,S005,34,12,35
S009,S010,34,6,35
S009,K003,34,6,35
S009,K004,34,6,35
S009,R003,34,24,35
S009,R004,34,12,35
S009,R006,34,6,35
S009,R008,34,24,35
S009,R009,34,12,35
S009,Y006,34,6,35
S009,A001,34,6,35
S009,A007,34,6,35
S009,B002V2,34,24,35
S009,B002V3,34,24,35
S009,B004V1,34,12,35
S009,B008V1,34,24,35
S009,B008V3,34,24,35
S009,B009V3,34,6,35
S009,B010V1,34,6,35
S009,S002V1,34,24,35
S009,S003V2,34,24,35
S009,S004V3,34,12,35
S009,S005V1,34,12,35
S009,S005V3,34,12,35
S009,K001V1,34,12,35
S009,K003V3,34,6,35
S009,K004V3,34,6,35
S009,K005V1,34,6,35
S009,R001V3,34,12,35
S009,R002V1,34,6,35
S009,R002V3,34,6,35
S009,R003V2,34,24,35
S009,R003V3,34,24,35
S009,R004V1,34,12,35
S009,R004V3,34,12,35
S009,R007V1,34,6,35
S009,R007V3,34,6,35
S009,R008V1,34,24,35
S009,R009V2,34,12,35
S009,R009V3,34,12,35
S009,R010V3,34,24,35
S009,Y002V3,34,24,35
S009,S002,35,24,36
S009,S004,35,12,36
S009,S005,35,12,36
S009,S007,35,12,36
S009,S008,35,6,36
S009,K004,35,6,36
S009,K005,35,6,36
S009,R003,35,24,36
S009,R009,35,12,36
S009,R010,35,24,36
S009,Y004,35,6,36
S009,A002,35,24,36
S009,A003,35,24,36
S009,A006,35,6,36
S009,A007,35,6,36
S009,B007V2,35,24,36
S009,B009V1,35,6,36
S009,B009V3,35,6,36
S009,B010V1,35,6,36
S009,S001V2,35,24,36
S009,S002V1,35,24,36
S009,S005V1,35,12,36
S009,K001V1,35,12,36
S009,K008V2,35,6,36
S009,R001V2,35,12,36
S009,R002V1,35,6,36
S009,R002V2,35,6,36
S009,R002V3,35,6,36
S009,R003V1,35,24,36
S009,R004V1,35,12,36
S009,R006V3,35,6,36
S009,R008V1,35,24,36
S009,R008V2,35,24,36
S009,Y002V2,35,24,36
S009,B004,36,12,37
S009,S005,36,12,37
S009,S010,36,6,37
S009,K005,36,6,37
S009,K007,36,12,37
S009,R003,36,24,37
S009,R005,36,12,37
S009,R008,36,24,37
S009,R009,36,12,37
S009,Y004,36,6,37
S009,Y006,36,6,37
S009,A001,36,6,37
S009,A006,36,6,37
S009,A007,36,6,37
S009,B004V1,36,12,37
S009,B005V1,36,12,37
S009,B005V2,36,12,37
S009,B006V1,36,24,37
S009,B006V2,36,24,37
S009,B008V1,36,24,37
S009,B010V1,36,6,37
S009,S001V3,36,24,37
S009,S002V2,36,24,37
S009,S002V3,36,24,37
S009,S003V1,36,24,37
S009,S003V2,36,24,37
S009,S004V3,36,12,37
S009,S005V1,36,12,37
S009,S006V3,36,6,37
S009,S008V2,36,6,37
S009,S008V3,36,6,37
S009,K001V1,36,12,37
S009,K003V3,36,6,37
S009,K007V2,36,12,37
S009,K008V2,36,6,37
S009,R001V3,36,12,37
S009,R002V2,36,6,37
S009,R002V3,36,6,37
S009,R003V2,36,24,37
S009,R004V1,36,12,37
S009,R004V2,36,12,37
S009,R004V3,36,12,37
S009,R005V3,36,12,37
S009,R006V3,36,6,37
S009,R008V1,36,24,37
S009,Y002V3,36,24,37
S009,B002,37,24,38
S009,S005,37,12,38
S009,S008,37,6,38
S009,S009,37,6,38
S009,K001,37,12,38
S009,K004,37,6,38
S009,R003,37,24,38
S009,R005,37,12,38
S009,R010,37,24,38
S009,Y001,37,24,38
S009,Y006,37,6,38
S009,A001,37,6,38
S009,A006,37,6,38
S009,B002V2,37,24,38
S009,B002V3,37,24,38
S009,B004V3,37,12,38
S009,B007V2,37,24,38
S009,B009V3,37,6,38
S009,S001V1,37,24,38
S009,S001V3,37,24,38
S009,S004V2,37,12,38
S009,S005V1,37,12,38
S009,S008V2,37,6,38
S009,K002V1,37,24,38
S009,K003V3,37,6,38
S009,K004V3,37,6,38
S009,R002V2,37,6,38
S009,R002V3,37,6,38
S009,R003V3,37,24,38
S009,R004V1,37,12,38
S009,R004V3,37,12,38
S009,R006V3,37,6,38
S009,R008V1,37,24,38
S009,R010V2,37,24,38
S009,R010V3,37,24,38
S009,Y001V1,37,24,38
S009,Y002V2,37,24,38
S009,Y002V3,37,24,38
S009,B004,38,12,39
S009,B006,38,24,39
S009,S004,38,12,39
S009,S005,38,12,39
S009,K004,38,6,39
S009,K005,38,6,39
S009,K007,38,12,39
S009,R002,38,6,39
S009,R008,38,24,39
S009,A001,38,6,39
S009,A007,38,6,39
S009,B002V2,38,24,39
S009,B002V3,38,24,39
S009,B004V1,38,12,39
S009,B005V1,38,12,39
S009,B007V2,38,24,39
S009,B009V3,38,6,39
S009,S001V2,38,24,39
S009,S001V3,38,24,39
S009,S002V1,38,24,39
S009,S003V1,38,24,39
S009,S003V2,38,24,39
S009,S004V3,38,12,39
S009,S006V3,38,6,39
S009,S009V1,38,6,39
S009,K001V1,38,12,39
S009,K004V2,38,6,39
S009,K004V3,38,6,39
S009,K007V1,38,12,39
S009,K008V2,38,6,39
S009,R001V2,38,12,39
S009,R002V1,38,6,39
S009,R002V3,38,6,39
S009,R003V1,38,24,39
S009,R004V3,38,12,39
S009,R006V3,38,6,39
S009,R007V1,38,6,39
S009,R007V3,38,6,39
S009,R010V3,38,24,39
S009,Y001V3,38,24,39
S009,Y002V2,38,24,39
S009,B006,39,24,40
S009,B009,39,6,40
S009,S002,39,24,40
S009,S004,39,12,40
S009,S005,39,12,40
S009,K005,39,6,40
S009,K009,39,6,40
S009,R002,39,6,40
S009,R005,39,12,40
S009,R009,39,12,40
S009,R010,39,24,40
S009,Y004,39,6,40
S009,Y006,39,6,40
S009,A001,39,6,40
S009,A002,39,24,40
S009,B001V1,39,24,40
S009,B002V2,39,24,40
S009,B002V3,39,24,40
S009,B004V1,39,12,40
S009,B005V1,39,12,40
S009,B005V2,39,12,40
S009,B006V1,39,24,40
S009,B007V2,39,24,40
S009,B008V2,39,24,40
S009,B009V3,39,6,40
S009,B010V1,39,6,40
S009,S002V1,39,24,40
S009,S002V2,39,24,40
S009,S002V3,39,24,40
S009,S004V1,39,12,40
S009,S005V1,39,12,40
S009,S006V1,39,6,40
S009,S006V3,39,6,40
S009,S009V1,39,6,40
S009,K002V1,39,24,40
S009,K004V3,39,6,40
S009,K005V1,39,6,40
S009,R002V2,39,6,40
S009,R002V3,39,6,40
S009,R003V2,39,24,40
S009,R003V3,39,24,40
S009,R004V1,39,12,40
S009,R005V2,39,12,40
S009,R007V1,39,6,40
S009,R010V2,39,24,40
S009,R010V3,39,24,40
S009,B002,40,24,41
S009,B009,40,6,41
S009,S001,40,24,41
S009,S002,40,24,41
S009,S010,40,6,41
S009,K001,40,12,41
S009,K004,40,6,41
S009,K005,40,6,41
S009,R002,40,6,41
S009,R008,40,24,41
S009,A004,40,6,41
S009,B001V3,40,24,41
S009,B002V2,40,24,41
S009,B004V1,40,12,41
S009,B008V1,40,24,41
S009,B009V3,40,6,41
S009,S002V2,40,24,41
S009,S003V1,40,24,41
S009,S004V1,40,12,41
S009,S004V3,40,12,41
S009,S005V1,40,12,41
S009,S005V3,40,12,41
S009,S006V1,40,6,41
S009,S006V3,40,6,41
S009,K001V1,40,12,41
S009,K004V3,40,6,41
S009,R001V2,40,12,41
S009,R002V1,40,6,41
S009,R002V2,40,6,41
S009,R004V1,40,12,41
S009,R004V2,40,12,41
S009,R005V1,40,12,41
S009,R005V2,40,12,41
S009,R005V3,40,12,41
S009,R006V3,40,6,41
S009,R007V3,40,6,41
S009,R008V2,40,24,41
S009,R008V3,40,24,41
S009,R009V2,40,12,41
S009,R010V2,40,24,41
S009,R010V3,40,24,41
S009,Y001V1,40,24,41
S009,Y002V2,40,24,41
S009,B002,41,24,42
S009,B006,41,24,42
S009,S007,41,12,42
S009,S010,41,6,42
S009,K003,41,6,42
S009,K009,41,6,42
S009,R003,41,24,42
S009,Y004,41,6,42
S009,A006,41,6,42
S009,B001V3,41,24,42
S009,B006V2,41,24,42
S009,B009V3,41,6,42
S009,S001V2,41,24,42
S009,S001V3,41,24,42
S009,S003V2,41,24,42
S009,S004V2,41,12,42
S009,S005V1,41,12,42
S009,S006V1,41,6,42
S009,S007V2,41,12,42
S009,K002V1,41,24,42
S009,K003V3,41,6,42
S009,K004V3,41,6,42
S009,K007V1,41,12,42
S009,R001V2,41,12,42
S009,R002V2,41,6,42
S009,R003V1,41,24,42
S009,R004V1,41,12,42
S009,R006V3,41,6,42
S009,R007V1,41,6,42
S009,R008V1,41,24,42
S009,R009V3,41,12,42
S009,Y001V1,41,24,42
S009,B006,42,24,43
S009,B009,42,6,43
S009,S001,42,24,43
S009,S005,42,12,43
S009,S007,42,12,43
S009,K001,42,12,43
S009,K005,42,6,43
S009,K009,42,6,43
S009,R006,42,6,43
S009,R009,42,12,43
S009,A001,42,6,43
S009,A006,42,6,43
S009,B004V1,42,12,43
S009,B005V3,42,12,43
S009,B006V2,42,24,43
S009,B007V2,42,24,43
S009,B008V2,42,24,43
S009,B009V3,42,6,43
S009,B010V1,42,6,43
S009,S001V1,42,24,43
S009,S002V1,42,24,43
S009,S002V2,42,24,43
S009,S002V3,42,24,43
S009,S004V1,42,12,43
S009,S005V1,42,12,43
S009,S005V3,42,12,43
S009,S006V1,42,6,43
S009,S006V3,42,6,43
S009,S007V1,42,12,43
S009,S009V1,42,6,43
S009,K002V1,42,24,43
S009,K003V2,42,6,43
S009,K004V3,42,6,43
S009,K005V1,42,6,43
S009,K007V2,42,12,43
S009,R002V1,42,6,43
S009,R002V2,42,6,43
S009,R003V2,42,24,43
S009,R003V3,42,24,43
S009,R005V1,42,12,43
S009,R005V3,42,12,43
S009,R007V3,42,6,43
S009,R008V1,42,24,43
S009,R009V1,42,12,43
S009,Y001V1,42,24,43
S009,Y002V1,42,24,43
S009,Y002V3,42,24,43
S009,B006,43,24,44
S009,S001,43,24,44
S009,S003,43,24,44
S009,S007,43,12,44
S009,K005,43,6,44
S009,R003,43,24,44
S009,R006,43,6,44
S009,Y001,43,24,44
S009,A006,43,6,44
S009,B004V1,43,12,44
S009,B005V1,43,12,44
S009,B006V1,43,24,44
S009,B006V2,43,24,44
S009,B008V2,43,24,44
S009,B008V3,43,24,44
S009,B009V1,43,6,44
S009,B009V3,43,6,44
S009,S001V3,43,24,44
S009,S003V2,43,24,44
S009,S003V3,43,24,44
S009,S004V2,43,12,44
S009,S005V1,43,12,44
S009,S005V2,43,12,44
S009,S006V1,43,6,44
S009,S007V2,43,12,44
S009,K001V1,43,12,44
S009,K002V1,43,24,44
S009,K002V2,43,24,44
S009,K003V3,43,6,44
S009,K007V2,43,12,44
S009,R002V1,43,6,44
S009,R002V2,43,6,44
S009,R002V3,43,6,44
S009,R003V1,43,24,44
S009,R004V1,43,12,44
S009,R005V1,43,12,44
S009,R005V2,43,12,44
S009,R007V1,43,6,44
S009,R008V3,43,24,44
S009,R009V3,43,12,44
S009,Y001V1,43,24,44
S009,Y002V3,43,24,44
S009,S002,44,24,45
S009,S005,44,12,45
S009,S009,44,6,45
S009,S010,44,6,45
S009,K003,44,6,45
S009,K004,44,6,45
S009,K005,44,6,45
S009,Y004,44,6,45
S009,A001,44,6,45
S009,A002,44,24,45
S009,A006,44,6,45
S009,B001V1,44,24,45
S009,B005V2,44,12,45
S009,B007V1,44,24,45
S009,B009V3,44,6,45
S009,S001V1,44,24,45
S009,S001V3,44,24,45
S009,S002V3,44,24,45
S009,S004V1,44,12,45
S009,S004V2,44,12,45
S009,S004V3,44,12,45
S009,S005V2,44,12,45
S009,S005V3,44,12,45
S009,S006V1,44,6,45
S009,S009V1,44,6,45
S009,K001V1,44,12,45
S009,K003V2,44,6,45
S009,K004V3,44,6,45
S009,K005V1,44,6,45
S009,K007V2,44,12,45
S009,K008V2,44,6,45
S009,R002V1,44,6,45
S009,R002V3,44,6,45
S009,R003V1,44,24,45
S009,R003V3,44,24,45
S009,R004V2,44,12,45
S009,R004V3,44,12,45
S009,R006V3,44,6,45
S009,R008V3,44,24,45
S009,R010V1,44,24,45
S009,Y002V2,44,24,45
S009,B002,45,24,46
S009,B006,45,24,46
S009,B009,45,6,46
S009,S004,45,12,46
S009,S005,45,12,46
S009,S008,45,6,46
S009,K005,45,6,46
S009,R002,45,6,46
S009,R003,45,24,46
S009,R008,45,24,46
S009,R010,45,24,46
S009,A001,45,6,46
S009,A006,45,6,46
S009,A007,45,6,46
S009,B004V1,45,12,46
S009,B005V1,45,12,46
S009,B005V3,45,12,46
S009,B006V2,45,24,46
S009,B007V1,45,24,46
S009,B007V2,45,24,46
S009,S002V1,45,24,46
S009,S002V3,45,24,46
S009,S003V1,45,24,46
S009,S004V2,45,12,46
S009,S005V1,45,12,46
S009,S005V2,45,12,46
S009,S005V3,45,12,46
S009,S007V2,45,12,46
S009,S008V2,45,6,46
S009,K001V1,45,12,46
S009,K002V1,45,24,46
S009,K003V3,45,6,46
S009,K004V3,45,6,46
S009,K008V2,45,6,46
S009,R003V1,45,24,46
S009,R004V1,45,12,46
S009,R007V1,45,6,46
S009,R008V1,45,24,46
S009,Y002V2,45,24,46
S009,Y002V3,45,24,46
S009,B006,46,24,47
S009,S002,46,24,47
S009,K004,46,6,47
S009,R005,46,12,47
S009,A002,46,24,47
S009,B001V3,46,24,47
S009,B002V3,46,24,47
S009,B005V1,46,12,47
S009,B005V3,46,12,47
S009,B007V1,46,24,47
S009,B008V2,46,24,47
S009,B008V3,46,24,47
S009,B009V1,46,6,47
S009,B010V1,46,6,47
S009,S001V3,46,24,47
S009,S003V2,46,24,47
S009,S004V1,46,12,47
S009,S005V1,46,12,47
S009,S005V2,46,12,47
S009,K001V1,46,12,47
S009,K003V2,46,6,47
S009,K004V2,46,6,47
S009,K004V3,46,6,47
S009,K007V1,46,12,47
S009,K009V3,46,6,47
S009,R001V3,46,12,47
S009,R002V1,46,6,47
S009,R002V2,46,6,47
S009,R003V2,46,24,47
S009,R003V3,46,24,47
S009,R004V3,46,12,47
S009,R005V2,46,12,47
S009,R006V3,46,6,47
S009,R007V1,46,6,47
S009,R008V2,46,24,47
S009,R009V2,46,12,47
S009,R009V3,46,12,47
S009,Y002V3,46,24,47
S009,B002,47,24,48
S009,B009,47,6,48
S009,S003,47,24,48
S009,S006,47,6,48
S009,K004,47,6,48
S009,K005,47,6,48
S009,R005,47,12,48
S009,R006,47,6,48
S009,A002,47,24,48
S009,B001V3,47,24,48
S009,B002V2,47,24,48
S009,B005V3,47,12,48
S009,B007V2,47,24,48
S009,B009V3,47,6,48
S009,B010V3,47,6,48
S009,S001V1,47,24,48
S009,S001V2,47,24,48
S009,S002V1,47,24,48
S009,S002V3,47,24,48
S009,S003V1,47,24,48
S009,S005V1,47,12,48
S009,K001V1,47,12,48
S009,K003V2,47,6,48
S009,K004V3,47,6,48
S009,K008V2,47,6,48
S009,R004V1,47,12,48
S009,R005V2,47,12,48
S009,R008V1,47,24,48
S009,R009V2,47,12,48
S009,R010V2,47,24,48
S009,R010V3,47,24,48
S009,B005,48,12,49
S009,S008,48,6,49
S009,S009,48,6,49
S009,K004,48,6,49
S009,K007,48,12,49
S009,R004,48,12,49
S009,R005,48,12,49
S009,Y002,48,24,49
S009,Y004,48,6,49
S009,A002,48,24,49
S009,A006,48,6,49
S009,A007,48,6,49
S009,B001V1,48,24,49
S009,B002V3,48,24,49
S009,B005V1,48,12,49
S009,B007V1,48,24,49
S009,B008V1,48,24,49
S009,B008V2,48,24,49
S009,B009V3,48,6,49
S009,B010V2,48,6,49
S009,B010V3,48,6,49
S009,S001V3,48,24,49
S009,S002V1,48,24,49
S009,S004V2,48,12,49
S009,S005V1,48,12,49
S009,S005V2,48,12,49
S009,S005V3,48,12,49
S009,K001V1,48,12,49
S009,K002V1,48,24,49
S009,K003V2,48,6,49
S009,K004V3,48,6,49
S009,R002V1,48,6,49
S009,R002V2,48,6,49
S009,R003V3,48,24,49
S009,R004V3,48,12,49
S009,R005V3,48,12,49
S009,R006V3,48,6,49
S009,R007V3,48,6,49
S009,R008V1,48,24,49
S009,R009V3,48,12,49
S009,Y002V2,48,24,49
S009,B004,49,12,50
S009,S004,49,12,50
S009,K005,49,6,50
S009,R002,49,6,50
S009,R004,49,12,50
S009,R006,49,6,50
S009,R008,49,24,50
S009,Y001,49,24,50
S009,Y005,49,12,50
S009,Y006,49,6,50
S009,B002V2,49,24,50
S009,B005V3,49,12,50
S009,B007V1,49,24,50
S009,S001V2,49,24,50
S009,S002V1,49,24,50
S009,S002V2,49,24,50
S009,S002V3,49,24,50
S009,S005V2,49,12,50
S009,S005V3,49,12,50
S009,K004V3,49,6,50
S009,K007V1,49,12,50
S009,K007V2,49,12,50
S009,R001V2,49,12,50
S009,R002V2,49,6,50
S009,R003V1,49,24,50
S009,R003V3,49,24,50
S009,R005V2,49,12,50
S009,R006V3,49,6,50
S009,R007V1,49,6,50
S009,R008V3,49,24,50
S009,R009V2,49,12,50
S009,R010V2,49,24,50
S009,Y001V1,49,24,50
S009,B004,50,12,51
S009,B005,50,12,51
S009,S003,50,24,51
S009,S004,50,12,51
S009,S005,50,12,51
S009,K004,50,6,51
S009,K005,50,6,51
S009,K007,50,12,51
S009,R008,50,24,51
S009,R010,50,24,51
S009,Y001,50,24,51
S009,Y006,50,6,51
S009,A001,50,6,51
S009,A005,50,6,51
S009,B002V1,50,24,51
S009,B005V1,50,12,51
S009,B007V2,50,24,51
S009,B008V2,50,24,51
S009,B009V3,50,6,51
S009,B010V1,50,6,51
S009,S001V1,50,24,51
S009,S002V1,50,24,51
S009,S005V1,50,12,51
S009,S006V3,50,6,51
S009,K001V1,50,12,51
S009,K004V3,50,6,51
S009,K005V1,50,6,51
S009,K007V1,50,12,51
S009,R001V2,50,12,51
S009,R002V1,50,6,51
S009,R003V2,50,24,51
S009,R003V3,50,24,51
S009,R004V3,50,12,51
S009,R005V1,50,12,51
S009,R006V3,50,6,51
S009,R007V1,50,6,51
S009,R008V2,50,24,51
S009,R008V3,50,24,51
S009,R009V2,50,12,51
S009,R010V2,50,24,51
S009,S002,51,24,52
S009,S005,51,12,52
S009,K003,51,6,52
S009,K004,51,6,52
S009,K005,51,6,52
S009,R002,51,6,52
S009,R003,51,24,52
S009,R004,51,12,52
S009,R005,51,12,52
S009,R008,51,24,52
S009,R009,51,12,52
S009,B002V2,51,24,52
S009,B005V1,51,12,52
S009,B006V2,51,24,52
S009,B010V3,51,6,52
S009,S001V2,51,24,52
S009,S001V3,51,24,52
S009,S003V2,51,24,52
S009,S004V2,51,12,52
S009,S004V3,51,12,52
S009,S006V1,51,6,52
S009,S006V3,51,6,52
S009,S007V2,51,12,52
S009,K001V1,51,12,52
S009,K001V2,51,12,52
S009,K002V1,51,24,52
S009,K003V2,51,6,52
S009,K004V2,51,6,52
S009,K004V3,51,6,52
S009,K005V1,51,6,52
S009,K007V2,51,12,52
S009,R001V2,51,12,52
S009,R002V1,51,6,52
S009,R002V2,51,6,52
S009,R002V3,51,6,52
S009,R003V1,51,24,52
S009,R003V3,51,24,52
S009,R004V1,51,12,52
S009,R005V2,51,12,52
S009,R006V3,51,6,52
S009,R007V1,51,6,52
S009,R009V2,51,12,52
S009,R009V3,51,12,52
S009,R010V1,51,24,52
S010,B001,1,24,2
S010,B004,1,12,2
S010,B006,1,24,2
S010,B009,1,6,2
S010,S004,1,12,2
S010,S009,1,6,2
S010,S010,1,6,2
S010,K004,1,6,2
S010,K005,1,18,2
S010,K006,1,24,2
S010,R001,1,12,2
S010,R009,1,12,2
S010,Y001,1,24,2
S010,Y004,1,6,2
S010,A002,1,24,2
S010,B002V2,1,24,2
S010,B003V3,1,24,2
S010,B005V2,1,12,2
S010,B006V1,1,24,2
S010,B006V2,1,24,2
S010,B007V2,1,24,2
S010,B008V1,1,24,2
S010,B009V3,1,24,2
S010,S001V1,1,24,2
S010,S001V2,1,24,2
S010,S002V2,1,24,2
S010,S003V1,1,24,2
S010,S003V2,1,24,2
S010,S004V3,1,12,2
S010,S005V1,1,12,2
S010,S006V1,1,6,2
S010,S007V2,1,12,2
S010,S007V3,1,12,2
S010,S009V2,1,6,2
S010,S010V3,1,6,2
S010,K001V2,1,12,2
S010,K002V3,1,24,2
S010,K004V3,1,18,2
S010,K006V1,1,24,2
S010,K006V3,1,24,2
S010,K009V2,1,12,2
S010,K010V1,1,6,2
S010,K010V2,1,6,2
S010,R001V1,1,24,2
S010,R002V1,1,6,2
S010,R003V3,1,24,2
S010,R007V3,1,6,2
S010,R008V1,1,24,2
S010,R008V3,1,24,2
S010,R009V1,1,12,2
S010,R009V3,1,12,2
S010,Y001V2,1,24,2
S010,B004,2,12,3
S010,B009,2,6,3
S010,S003,2,24,3
S010,S009,2,6,3
S010,K004,2,12,3
S010,K005,2,24,3
S010,K006,2,24,3
S010,R002,2,6,3
S010,Y006,2,6,3
S010,B001V2,2,24,3
S010,B001V3,2,24,3
S010,B003V1,2,24,3
S010,B005V2,2,12,3
S010,B006V1,2,24,3
S010,B007V2,2,24,3
S010,B009V3,2,24,3
S010,S001V2,2,24,3
S010,S005V1,2,24,3
S010,S005V3,2,12,3
S010,S006V2,2,6,3
S010,S007V2,2,12,3
S010,S007V3,2,12,3
S010,S009V2,2,12,3
S010,S010V3,2,6,3
S010,K002V3,2,24,3
S010,K003V2,2,6,3
S010,K004V2,2,6,3
S010,K004V3,2,30,3
S010,K006V1,2,24,3
S010,K006V3,2,24,3
S010,K007V3,2,12,3
S010,K009V2,2,12,3
S010,K010V1,2,6,3
S010,R001V1,2,24,3
S010,R002V2,2,6,3
S010,R004V3,2,12,3
S010,R006V3,2,6,3
S010,R008V1,2,24,3
S010,Y002V1,2,24,3
S010,B003,3,24,4
S010,B005,3,12,4
S010,B009,3,6,4
S010,S001,3,24,4
S010,S003,3,24,4
S010,S010,3,6,4
S010,K004,3,12,4
S010,K005,3,24,4
S010,K006,3,24,4
S010,R001,3,12,4
S010,R008,3,24,4
S010,R009,3,12,4
S010,A002,3,24,4
S010,A007,3,6,4
S010,B002V2,3,24,4
S010,B007V1,3,24,4
S010,B007V2,3,24,4
S010,B009V3,3,12,4
S010,B010V3,3,6,4
S010,S001V2,3,24,4
S010,S002V2,3,24,4
S010,S003V1,3,24,4
S010,S005V1,3,12,4
S010,S007V2,3,12,4
S010,S009V2,3,12,4
S010,K004V3,3,24,4
S010,K005V2,3,6,4
S010,K009V2,3,12,4
S010,K010V3,3,6,4
S010,R001V1,3,24,4
S010,R002V1,3,6,4
S010,R004V1,3,12,4
S010,R004V2,3,12,4
S010,R006V3,3,6,4
S010,R008V1,3,24,4
S010,Y002V2,3,24,4
S010,Y002V3,3,24,4
S010,B003,4,24,5
S010,B005,4,12,5
S010,S001,4,24,5
S010,S003,4,24,5
S010,K004,4,12,5
S010,K005,4,24,5
S010,K006,4,24,5
S010,R001,4,12,5
S010,A003,4,24,5
S010,A008,4,12,5
S010,B001V2,4,24,5
S010,B002V2,4,24,5
S010,B009V3,4,6,5
S010,B010V3,4,6,5
S010,S001V1,4,24,5
S010,S002V2,4,24,5
S010,S005V1,4,24,5
S010,S007V2,4,12,5
S010,S009V2,4,12,5
S010,K002V3,4,24,5
S010,K004V3,4,6,5
S010,K008V1,4,6,5
S010,K009V2,4,12,5
S010,K010V2,4,6,5
S010,R001V1,4,24,5
S010,R001V2,4,12,5
S010,R002V1,4,6,5
S010,R003V3,4,24,5
S010,R006V2,4,6,5
S010,R007V1,4,6,5
S010,R008V3,4,24,5
S010,Y001V1,4,24,5
S010,B009,5,6,6
S010,S001,5,24,6
S010,K004,5,12,6
S010,K005,5,24,6
S010,K010,5,6,6
S010,R009,5,12,6
S010,Y003,5,6,6
S010,Y004,5,6,6
S010,B002V2,5,24,6
S010,B008V1,5,24,6
S010,B009V3,5,6,6
S010,S001V2,5,24,6
S010,S005V1,5,12,6
S010,S007V2,5,12,6
S010,S010V3,5,6,6
S010,K002V3,5,24,6
S010,K005V2,5,6,6
S010,K007V3,5,12,6
S010,K008V1,5,6,6
S010,K009V2,5,6,6
S010,R001V1,5,24,6
S010,R002V1,5,6,6
S010,R002V2,5,6,6
S010,R005V1,5,12,6
S010,R006V3,5,6,6
S010,R007V1,5,6,6
S010,R008V3,5,24,6
S010,R009V3,5,12,6
S010,Y002V3,5,24,6
S010,B005,6,12,7
S010,B006,6,24,7
S010,B009,6,6,7
S010,S003,6,24,7
S010,S004,6,12,7
S010,S008,6,6,7
S010,S010,6,6,7
S010,K004,6,12,7
S010,K005,6,18,7
S010,K006,6,24,7
S010,K010,6,6,7
S010,R008,6,24,7
S010,A003,6,24,7
S010,B003V3,6,24,7
S010,B007V1,6,24,7
S010,B008V1,6,24,7
S010,B009V3,6,6,7
S010,B010V3,6,6,7
S010,S002V2,6,24,7
S010,S005V1,6,24,7
S010,S005V2,6,12,7
S010,S005V3,6,12,7
S010,S006V2,6,6,7
S010,S007V2,6,12,7
S010,S009V2,6,6,7
S010,S010V3,6,6,7
S010,K001V2,6,12,7
S010,K007V2,6,12,7
S010,K009V2,6,6,7
S010,R001V1,6,12,7
S010,R002V2,6,6,7
S010,R003V3,6,24,7
S010,R004V1,6,12,7
S010,R005V2,6,12,7
S010,R006V3,6,6,7
S010,R008V3,6,24,7
S010,R009V3,6,12,7
S010,Y001V1,6,24,7
S010,Y002V3,6,24,7
S010,B003,7,24,8
S010,B005,7,12,8
S010,B008,7,24,8
S010,S006,7,6,8
S010,K004,7,12,8
S010,K005,7,30,8
S010,K006,7,24,8
S010,B001V2,7,24,8
S010,B002V3,7,24,8
S010,B003V1,7,24,8
S010,B005V1,7,12,8
S010,B005V2,7,12,8
S010,B008V1,7,24,8
S010,B010V3,7,6,8
S010,S001V1,7,24,8
S010,S005V1,7,24,8
S010,S005V2,7,12,8
S010,S005V3,7,12,8
S010,S006V1,7,6,8
S010,S006V2,7,6,8
S010,S009V2,7,6,8
S010,K002V3,7,24,8
S010,K004V3,7,6,8
S010,K006V1,7,24,8
S010,K008V2,7,6,8
S010,K009V2,7,6,8
S010,R001V1,7,12,8
S010,R002V2,7,6,8
S010,R003V3,7,24,8
S010,R007V1,7,6,8
S010,R007V3,7,6,8
S010,R008V1,7,24,8
S010,R009V2,7,12,8
S010,R009V3,7,12,8
S010,R010V1,7,24,8
S010,R010V2,7,24,8
S010,Y002V2,7,24,8
S010,Y002V3,7,24,8
S010,B004,8,12,9
S010,S003,8,24,9
S010,S009,8,6,9
S010,K004,8,12,9
S010,K005,8,24,9
S010,R004,8,12,9
S010,R008,8,24,9
S010,R009,8,12,9
S010,B001V3,8,24,9
S010,B002V2,8,24,9
S010,B002V3,8,24,9
S010,B003V1,8,24,9
S010,B003V2,8,24,9
S010,B003V3,8,24,9
S010,B005V2,8,12,9
S010,B007V1,8,24,9
S010,B009V1,8,6,9
S010,S001V1,8,24,9
S010,S002V1,8,24,9
S010,S002V2,8,24,9
S010,S003V2,8,24,9
S010,S005V1,8,24,9
S010,S005V3,8,12,9
S010,S008V1,8,6,9
S010,S009V2,8,6,9
S010,K003V2,8,6,9
S010,K004V3,8,6,9
S010,K006V3,8,24,9
S010,K007V2,8,12,9
S010,K008V2,8,6,9
S010,K009V2,8,6,9
S010,R001V1,8,12,9
S010,R003V3,8,24,9
S010,R004V1,8,12,9
S010,R004V3,8,12,9
S010,R005V2,8,12,9
S010,S003,9,24,10
S010,S008,9,6,10
S010,K004,9,6,10
S010,K005,9,18,10
S010,K006,9,24,10
S010,R007,9,6,10
S010,Y004,9,6,10
S010,A001,9,6,10
S010,A002,9,24,10
S010,B003V3,9,24,10
S010,B006V3,9,24,10
S010,B007V3,9,24,10
S010,B008V1,9,24,10
S010,B009V1,9,6,10
S010,B010V3,9,6,10
S010,S001V2,9,24,10
S010,S003V2,9,24,10
S010,S005V1,9,36,10
S010,S007V3,9,12,10
S010,S009V2,9,6,10
S010,S010V3,9,6,10
S010,K004V3,9,6,10
S010,K007V3,9,12,10
S010,K009V2,9,6,10
S010,R001V1,9,12,10
S010,R002V1,9,6,10
S010,R003V3,9,24,10
S010,R004V1,9,12,10
S010,R004V2,9,12,10
S010,R006V3,9,6,10
S010,R009V3,9,12,10
S010,S004,10,12,11
S010,K004,10,6,11
S010,K005,10,12,11
S010,K010,10,6,11
S010,R008,10,24,11
S010,R009,10,12,11
S010,R010,10,24,11
S010,B003V3,10,24,11
S010,B005V1,10,12,11
S010,B005V2,10,12,11
S010,B009V3,10,6,11
S010,S001V1,10,24,11
S010,S001V2,10,24,11
S010,S002V2,10,24,11
S010,S003V2,10,24,11
S010,S004V2,10,12,11
S010,S004V3,10,12,11
S010,S005V1,10,24,11
S010,S005V2,10,12,11
S010,S006V2,10,6,11
S010,S007V2,10,12,11
S010,S010V3,10,6,11
S010,K002V3,10,24,11
S010,K004V3,10,6,11
S010,K008V2,10,6,11
S010,K009V2,10,6,11
S010,K010V2,10,6,11
S010,R001V1,10,12,11
S010,R002V3,10,6,11
S010,R005V2,10,12,11
S010,R007V3,10,6,11
S010,R010V2,10,24,11
S010,Y002V2,10,24,11
S010,B006,11,24,12
S010,B009,11,6,12
S010,S001,11,24,12
S010,S003,11,24,12
S010,S009,11,6,12
S010,K004,11,6,12
S010,K010,11,6,12
S010,R001,11,12,12
S010,R006,11,6,12
S010,B001V1,11,24,12
S010,B002V3,11,24,12
S010,B003V3,11,24,12
S010,B004V2,11,12,12
S010,B005V1,11,12,12
S010,B005V2,11,12,12
S010,B006V1,11,24,12
S010,B007V1,11,24,12
S010,B009V3,11,6,12
S010,S001V1,11,24,12
S010,S005V1,11,24,12
S010,S006V2,11,6,12
S010,S007V2,11,12,12
S010,S008V2,11,6,12
S010,K004V3,11,6,12
S010,K009V2,11,6,12
S010,R002V1,11,6,12
S010,R002V2,11,6,12
S010,R005V1,11,12,12
S010,R007V1,11,6,12
S010,R007V3,11,6,12
S010,Y002V3,11,24,12
S010,B006,12,24,13
S010,B010,12,6,13
S010,S010,12,6,13
S010,K004,12,6,13
S010,K005,12,6,13
S010,K006,12,24,13
S010,K007,12,12,13
S010,K010,12,6,13
S010,R002,12,6,13
S010,A002,12,24,13
S010,B001V3,12,24,13
S010,B004V2,12,12,13
S010,B007V1,12,24,13
S010,B008V2,12,24,13
S010,B009V3,12,6,13
S010,S003V2,12,24,13
S010,S004V3,12,12,13
S010,S005V1,12,24,13
S010,S005V3,12,12,13
S010,S007V1,12,12,13
S010,K002V3,12,24,13
S010,K004V3,12,6,13
S010,K006V3,12,24,13
S010,K009V2,12,6,13
S010,K010V2,12,6,13
S010,R001V1,12,12,13
S010,R001V2,12,12,13
S010,R002V2,12,6,13
S010,R002V3,12,6,13
S010,R003V3,12,24,13
S010,R005V1,12,12,13
S010,R005V2,12,12,13
S010,R008V2,12,24,13
S010,R009V3,12,12,13
S010,Y002V3,12,24,13
S010,S001,13,24,14
S010,S002,13,24,14
S010,S010,13,6,14
S010,K004,13,6,14
S010,K005,13,6,14
S010,B001V3,13,24,14
S010,B007V1,13,24,14
S010,B008V2,13,24,14
S010,B009V3,13,6,14
S010,S001V1,13,24,14
S010,S001V2,13,24,14
S010,S003V1,13,24,14
S010,S005V1,13,24,14
S010,S005V2,13,12,14
S010,S010V1,13,6,14
S010,K001V2,13,12,14
S010,K002V3,13,24,14
S010,K004V3,13,6,14
S010,K005V3,13,6,14
S010,K006V1,13,24,14
S010,K007V3,13,12,14
S010,R001V1,13,12,14
S010,R002V1,13,6,14
S010,R003V3,13,24,14
S010,R004V1,13,12,14
S010,R006V3,13,6,14
S010,R007V1,13,6,14
S010,B005,14,12,15
S010,B007,14,24,15
S010,S001,14,24,15
S010,S010,14,6,15
S010,K007,14,12,15
S010,B003V1,14,24,15
S010,B005V1,14,12,15
S010,B006V1,14,24,15
S010,B009V3,14,6,15
S010,B010V3,14,6,15
S010,S002V1,14,24,15
S010,S005V1,14,24,15
S010,S005V2,14,12,15
S010,S005V3,14,12,15
S010,S007V2,14,12,15
S010,S007V3,14,12,15
S010,S008V1,14,6,15
S010,S010V1,14,6,15
S010,K001V3,14,12,15
S010,K002V3,14,24,15
S010,K004V3,14,6,15
S010,K006V1,14,24,15
S010,K006V3,14,24,15
S010,K009V2,14,6,15
S010,K010V2,14,6,15
S010,R002V1,14,6,15
S010,R002V2,14,6,15
S010,R007V1,14,6,15
S010,R007V3,14,6,15
S010,Y002V2,14,24,15
S010,Y002V3,14,24,15
S010,S006,15,6,16
S010,K005,15,6,16
S010,R001,15,12,16
S010,R004,15,12,16
S010,R007,15,6,16
S010,R009,15,12,16
S010,B001V3,15,24,16
S010,B005V2,15,12,16
S010,B006V1,15,24,16
S010,B007V1,15,24,16
S010,B010V2,15,6,16
S010,B010V3,15,6,16
S010,S001V2,15,24,16
S010,S002V1,15,24,16
S010,S002V2,15,24,16
S010,S004V2,15,12,16
S010,S005V1,15,12,16
S010,S005V2,15,12,16
S010,S007V1,15,12,16
S010,S007V2,15,12,16
S010,S007V3,15,12,16
S010,S010V1,15,6,16
S010,K002V3,15,24,16
S010,K003V2,15,6,16
S010,K004V3,15,6,16
S010,K005V3,15,6,16
S010,K007V2,15,12,16
S010,K009V1,15,6,16
S010,K009V2,15,6,16
S010,R001V1,15,12,16
S010,R002V2,15,6,16
S010,R004V2,15,12,16
S010,R005V2,15,12,16
S010,R006V3,15,6,16
S010,R007V1,15,6,16
S010,R008V1,15,24,16
S010,Y001V1,15,24,16
S010,B005,16,12,17
S010,B007,16,24,17
S010,S001,16,24,17
S010,S004,16,12,17
S010,S007,16,12,17
S010,S009,16,6,17
S010,K005,16,6,17
S010,K006,16,24,17
S010,R008,16,24,17
S010,Y003,16,6,17
S010,B001V1,16,24,17
S010,B004V2,16,12,17
S010,B009V3,16,6,17
S010,B010V1,16,6,17
S010,S001V1,16,24,17
S010,S001V2,16,24,17
S010,S002V2,16,24,17
S010,S004V2,16,12,17
S010,S004V3,16,12,17
S010,S005V1,16,12,17
S010,S010V1,16,6,17
S010,S010V3,16,6,17
S010,K001V2,16,12,17
S010,K002V3,16,24,17
S010,K004V3,16,6,17
S010,K007V3,16,12,17
S010,K009V2,16,6,17
S010,K010V1,16,6,17
S010,R002V1,16,6,17
S010,R002V2,16,6,17
S010,R007V1,16,6,17
S010,Y002V3,16,24,17
S010,B003,17,24,18
S010,B004,17,12,18
S010,B009,17,6,18
S010,S002,17,24,18
S010,S004,17,12,18
S010,K005,17,6,18
S010,K006,17,24,18
S010,K010,17,6,18
S010,R009,17,12,18
S010,Y001,17,24,18
S010,Y003,17,6,18
S010,A002,17,24,18
S010,B001V3,17,24,18
S010,B002V2,17,24,18
S010,B003V3,17,24,18
S010,B005V1,17,12,18
S010,B006V2,17,24,18
S010,B007V2,17,24,18
S010,B008V2,17,24,18
S010,B009V3,17,6,18
S010,B010V1,17,6,18
S010,S001V1,17,24,18
S010,S001V2,17,24,18
S010,S002V2,17,24,18
S010,S003V1,17,24,18
S010,S005V1,17,12,18
S010,S010V1,17,6,18
S010,K004V3,17,6,18
S010,K005V2,17,6,18
S010,K005V3,17,6,18
S010,K007V2,17,12,18
S010,K008V2,17,6,18
S010,K009V1,17,6,18
S010,R002V3,17,6,18
S010,R004V1,17,12,18
S010,R004V3,17,12,18
S010,R005V1,17,12,18
S010,R005V2,17,12,18
S010,R007V1,17,6,18
S010,R009V3,17,12,18
S010,R010V2,17,24,18
S010,Y001V1,17,24,18
S010,B006,18,24,19
S010,S003,18,24,19
S010,S004,18,12,19
S010,S009,18,6,19
S010,S010,18,6,19
S010,K005,18,6,19
S010,K006,18,24,19
S010,K009,18,6,19
S010,R001,18,12,19
S010,R007,18,6,19
S010,R008,18,24,19
S010,A001,18,6,19
S010,A002,18,24,19
S010,B006V1,18,24,19
S010,B006V3,18,24,19
S010,B007V1,18,24,19
S010,B007V2,18,24,19
S010,B008V1,18,24,19
S010,B009V3,18,6,19
S010,B010V1,18,6,19
S010,B010V3,18,6,19
S010,S001V1,18,24,19
S010,S001V2,18,24,19
S010,S003V1,18,24,19
S010,S003V2,18,24,19
S010,S004V2,18,12,19
S010,S005V1,18,12,19
S010,S005V3,18,12,19
S010,S010V1,18,6,19
S010,S010V2,18,6,19
S010,S010V3,18,6,19
S010,K005V3,18,6,19
S010,K006V3,18,24,19
S010,K007V2,18,12,19
S010,K009V1,18,6,19
S010,R001V1,18,12,19
S010,R001V2,18,12,19
S010,R002V2,18,6,19
S010,R002V3,18,6,19
S010,R004V1,18,12,19
S010,R004V2,18,12,19
S010,R005V1,18,12,19
S010,R005V2,18,12,19
S010,R006V3,18,6,19
S010,R007V1,18,6,19
S010,R007V2,18,6,19
S010,R007V3,18,6,19
S010,R008V1,18,24,19
S010,R009V1,18,12,19
S010,R009V2,18,12,19
S010,R009V3,18,12,19
S010,B005,19,12,20
S010,B009,19,6,20
S010,B010,19,6,20
S010,S001,19,24,20
S010,S002,19,24,20
S010,S003,19,24,20
S010,K005,19,6,20
S010,K006,19,24,20
S010,K009,19,6,20
S010,K010,19,6,20
S010,Y004,19,6,20
S010,A002,19,24,20
S010,B001V3,19,24,20
S010,B003V3,19,24,20
S010,B004V2,19,12,20
S010,B008V1,19,24,20
S010,B009V1,19,6,20
S010,B009V3,19,6,20
S010,B010V1,19,6,20
S010,B010V3,19,6,20
S010,S001V2,19,24,20
S010,S002V1,19,24,20
S010,S003V1,19,24,20
S010,S004V2,19,12,20
S010,S004V3,19,12,20
S010,S005V1,19,12,20
S010,S006V2,19,6,20
S010,S007V3,19,12,20
S010,S010V1,19,6,20
S010,K002V3,19,24,20
S010,K003V2,19,6,20
S010,K004V3,19,6,20
S010,K006V1,19,24,20
S010,K006V3,19,24,20
S010,K007V2,19,12,20
S010,K008V2,19,6,20
S010,K009V2,19,6,20
S010,K010V2,19,6,20
S010,R002V1,19,6,20
S010,R002V2,19,6,20
S010,R002V3,19,6,20
S010,R003V3,19,24,20
S010,R004V2,19,12,20
S010,R005V1,19,12,20
S010,R005V2,19,12,20
S010,R006V3,19,6,20
S010,R007V3,19,6,20
S010,R008V3,19,24,20
S010,B009,20,6,21
S010,S001,20,24,21
S010,S003,20,24,21
S010,S004,20,12,21
S010,K010,20,6,21
S010,R008,20,24,21
S010,R009,20,12,21
S010,Y005,20,12,21
S010,A007,20,6,21
S010,B001V3,20,24,21
S010,B002V2,20,24,21
S010,B002V3,20,24,21
S010,B003V3,20,24,21
S010,B006V2,20,24,21
S010,B009V3,20,6,21
S010,B010V3,20,6,21
S010,S001V1,20,24,21
S010,S002V2,20,24,21
S010,S003V2,20,24,21
S010,S005V1,20,12,21
S010,S006V2,20,6,21
S010,S007V3,20,12,21
S010,K002V3,20,24,21
S010,K005V3,20,6,21
S010,K008V2,20,6,21
S010,K009V1,20,6,21
S010,R001V1,20,12,21
S010,R002V2,20,6,21
S010,R004V1,20,12,21
S010,R005V1,20,12,21
S010,R005V2,20,12,21
S010,R006V1,20,6,21
S010,R007V3,20,6,21
S010,R008V1,20,24,21
S010,R009V3,20,12,21
S010,R010V1,20,24,21
S010,Y002V3,20,24,21
S010,B009,21,6,22
S010,B010,21,6,22
S010,S010,21,6,22
S010,R002,21,6,22
S010,R004,21,12,22
S010,R008,21,24,22
S010,B001V1,21,24,22
S010,B002V2,21,24,22
S010,B002V3,21,24,22
S010,B003V1,21,24,22
S010,B005V1,21,12,22
S010,B005V2,21,12,22
S010,B006V2,21,24,22
S010,B007V1,21,24,22
S010,B007V3,21,24,22
S010,B010V3,21,6,22
S010,S001V2,21,24,22
S010,S002V1,21,24,22
S010,S002V2,21,24,22
S010,S005V1,21,12,22
S010,S005V2,21,12,22
S010,S005V3,21,12,22
S010,K004V3,21,6,22
S010,K006V3,21,24,22
S010,K007V2,21,12,22
S010,K009V2,21,6,22
S010,R001V1,21,12,22
S010,R002V2,21,6,22
S010,R006V3,21,6,22
S010,R009V3,21,12,22
S010,B003,22,24,23
S010,B009,22,6,23
S010,S004,22,12,23
S010,K009,22,6,23
S010,K010,22,6,23
S010,R009,22,12,23
S010,Y001,22,24,23
S010,A002,22,24,23
S010,B002V2,22,24,23
S010,B003V3,22,24,23
S010,B004V2,22,12,23
S010,B005V1,22,12,23
S010,B006V2,22,24,23
S010,B007V2,22,24,23
S010,B008V1,22,24,23
S010,B010V1,22,6,23
S010,S004V3,22,12,23
S010,S005V2,22,12,23
S010,S007V2,22,12,23
S010,S009V1,22,6,23
S010,S010V3,22,6,23
S010,K002V3,22,24,23
S010,K008V2,22,6,23
S010,K009V1,22,6,23
S010,K009V2,22,6,23
S010,R001V1,22,12,23
S010,R002V1,22,6,23
S010,R002V2,22,6,23
S010,R003V3,22,24,23
S010,R004V1,22,12,23
S010,R004V2,22,12,23
S010,R005V2,22,12,23
S010,R008V1,22,24,23
S010,Y002V3,22,24,23
S010,B003,23,24,24
S010,B004,23,12,24
S010,B010,23,6,24
S010,S001,23,24,24
S010,S002,23,24,24
S010,S003,23,24,24
S010,K001,23,12,24
S010,K005,23,6,24
S010,K006,23,24,24
S010,R001,23,12,24
S010,R006,23,6,24
S010,R009,23,12,24
S010,A001,23,6,24
S010,B001V1,23,24,24
S010,B001V3,23,24,24
S010,B002V3,23,24,24
S010,B003V1,23,24,24
S010,B003V2,23,24,24
S010,B005V2,23,12,24
S010,B006V1,23,24,24
S010,B007V1,23,24,24
S010,B008V1,23,24,24
S010,B009V3,23,6,24
S010,B010V3,23,6,24
S010,S001V1,23,24,24
S010,S001V2,23,24,24
S010,S002V1,23,24,24
S010,S002V2,23,24,24
S010,S003V1,23,24,24
S010,S007V2,23,12,24
S010,K003V1,23,6,24
S010,K003V2,23,6,24
S010,K004V2,23,6,24
S010,K004V3,23,6,24
S010,K005V2,23,6,24
S010,K007V1,23,12,24
S010,K008V2,23,6,24
S010,K009V1,23,6,24
S010,K009V2,23,6,24
S010,K010V1,23,6,24
S010,R001V2,23,12,24
S010,R002V2,23,6,24
S010,R004V3,23,12,24
S010,R009V1,23,12,24
S010,R009V3,23,12,24
S010,B003,24,24,25
S010,B006,24,24,25
S010,B009,24,6,25
S010,K005,24,6,25
S010,R004,24,12,25
S010,R008,24,24,25
S010,Y006,24,6,25
S010,A008,24,12,25
S010,B002V2,24,24,25
S010,B002V3,24,24,25
S010,B004V2,24,12,25
S010,B006V1,24,24,25
S010,B006V2,24,24,25
S010,B007V2,24,24,25
S010,B008V1,24,24,25
S010,B008V2,24,24,25
S010,B009V3,24,6,25
S010,B010V3,24,6,25
S010,S001V2,24,24,25
S010,S002V1,24,24,25
S010,S003V1,24,24,25
S010,S004V3,24,12,25
S010,S005V3,24,12,25
S010,S007V2,24,12,25
S010,S007V3,24,12,25
S010,K003V1,24,6,25
S010,K004V3,24,6,25
S010,K006V3,24,24,25
S010,K007V1,24,12,25
S010,K007V2,24,12,25
S010,K009V2,24,6,25
S010,K010V1,24,6,25
S010,R001V1,24,12,25
S010,R002V1,24,6,25
S010,R002V2,24,6,25
S010,R006V3,24,6,25
S010,R009V2,24,12,25
S010,R010V2,24,24,25
S010,Y002V2,24,24,25
S010,B004,25,12,26
S010,B006,25,24,26
S010,S004,25,12,26
S010,S006,25,6,26
S010,K005,25,6,26
S010,A001,25,6,26
S010,A003,25,24,26
S010,B002V3,25,24,26
S010,B004V2,25,12,26
S010,B006V2,25,24,26
S010,B009V3,25,6,26
S010,B010V3,25,6,26
S010,S001V2,25,24,26
S010,S002V1,25,24,26
S010,S004V2,25,12,26
S010,K002V2,25,24,26
S010,K005V3,25,6,26
S010,K006V1,25,24,26
S010,K006V3,25,24,26
S010,K007V1,25,12,26
S010,K007V2,25,12,26
S010,K008V2,25,6,26
S010,K010V2,25,6,26
S010,R001V1,25,12,26
S010,R001V2,25,12,26
S010,R001V3,25,12,26
S010,R002V1,25,6,26
S010,R002V2,25,6,26
S010,R002V3,25,6,26
S010,R003V3,25,24,26
S010,R004V1,25,12,26
S010,R004V3,25,12,26
S010,R006V2,25,6,26
S010,R006V3,25,6,26
S010,R008V1,25,24,26
S010,R008V2,25,24,26
S010,R009V3,25,12,26
S010,Y001V2,25,24,26
S010,Y002V3,25,24,26
S010,B004,26,12,27
S010,B005,26,12,27
S010,B007,26,24,27
S010,S002,26,24,27
S010,K007,26,12,27
S010,R001,26,12,27
S010,Y005,26,12,27
S010,Y006,26,6,27
S010,A002,26,24,27
S010,B001V3,26,24,27
S010,B003V1,26,24,27
S010,B009V3,26,6,27
S010,S002V1,26,24,27
S010,S004V2,26,12,27
S010,K003V1,26,6,27
S010,K003V2,26,6,27
S010,K004V3,26,6,27
S010,K007V1,26,12,27
S010,K007V2,26,12,27
S010,K009V1,26,6,27
S010,K009V2,26,6,27
S010,R001V1,26,12,27
S010,R002V2,26,6,27
S010,R004V1,26,12,27
S010,R004V2,26,12,27
S010,R007V3,26,6,27
S010,R008V3,26,24,27
S010,R010V2,26,24,27
S010,Y001V1,26,24,27
S010,B007,27,24,28
S010,B009,27,6,28
S010,S003,27,24,28
S010,S007,27,12,28
S010,S010,27,6,28
S010,K001,27,12,28
S010,K005,27,6,28
S010,R001,27,12,28
S010,R002,27,6,28
S010,R004,27,12,28
S010,B003V1,27,24,28
S010,B007V2,27,24,28
S010,B008V1,27,24,28
S010,B010V1,27,6,28
S010,S003V1,27,24,28
S010,S009V1,27,6,28
S010,K002V3,27,24,28
S010,K003V1,27,6,28
S010,K003V2,27,6,28
S010,K004V2,27,6,28
S010,K005V2,27,6,28
S010,K007V1,27,12,28
S010,K007V2,27,12,28
S010,K007V3,27,12,28
S010,K008V1,27,6,28
S010,K009V1,27,6,28
S010,K009V2,27,6,28
S010,R001V1,27,12,28
S010,R002V1,27,6,28
S010,R003V3,27,24,28
S010,R005V2,27,12,28
S010,R008V3,27,24,28
S010,B004,28,12,29
S010,B005,28,12,29
S010,B008,28,24,29
S010,B009,28,6,29
S010,S002,28,24,29
S010,S004,28,12,29
S010,S010,28,6,29
S010,K005,28,6,29
S010,R006,28,6,29
S010,Y001,28,24,29
S010,A002,28,24,29
S010,B006V3,28,24,29
S010,B009V3,28,6,29
S010,B010V3,28,6,29
S010,S001V2,28,24,29
S010,S003V1,28,24,29
S010,S003V2,28,24,29
S010,S005V2,28,12,29
S010,S005V3,28,12,29
S010,S006V2,28,6,29
S010,S008V1,28,6,29
S010,K002V2,28,24,29
S010,K007V1,28,12,29
S010,K007V2,28,12,29
S010,K007V3,28,12,29
S010,K008V2,28,6,29
S010,K009V2,28,6,29
S010,K010V2,28,6,29
S010,R001V1,28,12,29
S010,R002V3,28,6,29
S010,R005V1,28,12,29
S010,R006V2,28,6,29
S010,R006V3,28,6,29
S010,R008V1,28,24,29
S010,B009,29,6,30
S010,S001,29,24,30
S010,S004,29,12,30
S010,S007,29,12,30
S010,S010,29,6,30
S010,K005,29,6,30
S010,K006,29,24,30
S010,K010,29,6,30
S010,R001,29,12,30
S010,R009,29,12,30
S010,A001,29,6,30
S010,B002V2,29,24,30
S010,B004V2,29,12,30
S010,B007V2,29,24,30
S010,B009V3,29,6,30
S010,S003V2,29,24,30
S010,S007V3,29,12,30
S010,S009V1,29,6,30
S010,K004V3,29,6,30
S010,K008V1,29,6,30
S010,K009V2,29,6,30
S010,R001V1,29,12,30
S010,R001V2,29,12,30
S010,R003V3,29,24,30
S010,R004V1,29,12,30
S010,R009V3,29,12,30
S010,Y001V1,29,24,30
S010,B007,30,24,31
S010,S002,30,24,31
S010,S004,30,12,31
S010,S009,30,6,31
S010,K005,30,6,31
S010,K010,30,6,31
S010,R001,30,12,31
S010,R002,30,6,31
S010,R008,30,24,31
S010,R009,30,12,31
S010,B002V3,30,24,31
S010,B005V2,30,12,31
S010,B008V2,30,24,31
S010,B009V3,30,6,31
S010,B010V3,30,6,31
S010,S001V1,30,24,31
S010,S001V2,30,24,31
S010,S002V2,30,24,31
S010,S005V3,30,12,31
S010,S007V3,30,12,31
S010,K004V3,30,6,31
S010,K006V3,30,24,31
S010,K007V2,30,12,31
S010,K009V2,30,6,31
S010,R001V1,30,12,31
S010,R002V1,30,6,31
S010,R006V3,30,6,31
S010,R008V1,30,24,31
S010,R008V3,30,24,31
S010,R010V2,30,24,31
S010,B004,31,12,32
S010,B009,31,6,32
S010,S010,31,6,32
S010,K005,31,6,32
S010,R006,31,6,32
S010,A005,31,6,32
S010,B001V3,31,24,32
S010,B002V3,31,24,32
S010,B003V1,31,24,32
S010,B003V3,31,24,32
S010,B006V2,31,24,32
S010,B007V1,31,24,32
S010,B008V2,31,24,32
S010,B009V1,31,6,32
S010,B009V3,31,6,32
S010,S002V1,31,24,32
S010,S007V2,31,12,32
S010,S007V3,31,12,32
S010,K004V1,31,6,32
S010,K004V2,31,6,32
S010,K005V3,31,6,32
S010,K006V3,31,24,32
S010,K007V2,31,12,32
S010,R001V1,31,12,32
S010,R002V1,31,6,32
S010,R004V3,31,12,32
S010,R005V2,31,12,32
S010,R006V2,31,6,32
S010,R007V1,31,6,32
S010,R009V3,31,12,32
S010,Y002V2,31,24,32
S010,B004,32,12,33
S010,S004,32,12,33
S010,S009,32,6,33
S010,K005,32,6,33
S010,R001,32,12,33
S010,B002V3,32,24,33
S010,B003V1,32,24,33
S010,B005V1,32,12,33
S010,B006V1,32,24,33
S010,B006V2,32,24,33
S010,B007V1,32,24,33
S010,B009V3,32,6,33
S010,B010V3,32,6,33
S010,S001V2,32,24,33
S010,S005V3,32,12,33
S010,K003V1,32,6,33
S010,K004V2,32,6,33
S010,K004V3,32,6,33
S010,K005V2,32,6,33
S010,K005V3,32,6,33
S010,K006V1,32,24,33
S010,K007V2,32,12,33
S010,R001V1,32,12,33
S010,R002V1,32,6,33
S010,R002V2,32,6,33
S010,R004V1,32,12,33
S010,R004V2,32,12,33
S010,R004V3,32,12,33
S010,R006V3,32,6,33
S010,R009V3,32,12,33
S010,R010V1,32,24,33
S010,Y001V3,32,24,33
S010,B004,33,12,34
S010,B009,33,6,34
S010,S001,33,24,34
S010,S003,33,24,34
S010,S009,33,6,34
S010,K006,33,24,34
S010,Y001,33,24,34
S010,B002V2,33,24,34
S010,B002V3,33,24,34
S010,B003V2,33,24,34
S010,B003V3,33,24,34
S010,B004V2,33,12,34
S010,B005V1,33,12,34
S010,B005V2,33,12,34
S010,B007V2,33,24,34
S010,B009V3,33,6,34
S010,B010V3,33,6,34
S010,S001V2,33,24,34
S010,S002V1,33,24,34
S010,S004V2,33,12,34
S010,S005V3,33,12,34
S010,S007V2,33,12,34
S010,S007V3,33,12,34
S010,K004V3,33,6,34
S010,K005V2,33,6,34
S010,K005V3,33,6,34
S010,K008V2,33,6,34
S010,R001V1,33,12,34
S010,R001V2,33,12,34
S010,R002V1,33,6,34
S010,R003V3,33,24,34
S010,R004V3,33,12,34
S010,Y002V2,33,24,34
S010,B007,34,24,35
S010,B009,34,6,35
S010,S001,34,24,35
S010,S010,34,6,35
S010,K005,34,6,35
S010,R001,34,12,35
S010,R006,34,6,35
S010,R009,34,12,35
S010,R010,34,24,35
S010,Y001,34,24,35
S010,B003V3,34,24,35
S010,B005V1,34,12,35
S010,B005V2,34,12,35
S010,B006V2,34,24,35
S010,B008V1,34,24,35
S010,B008V2,34,24,35
S010,B009V3,34,6,35
S010,B010V3,34,6,35
S010,S001V2,34,24,35
S010,S002V2,34,24,35
S010,S003V2,34,24,35
S010,S004V3,34,12,35
S010,S005V2,34,12,35
S010,S007V2,34,12,35
S010,S007V3,34,12,35
S010,K001V3,34,12,35
S010,K003V1,34,6,35
S010,K004V2,34,6,35
S010,K005V3,34,6,35
S010,K006V1,34,24,35
S010,K006V3,34,24,35
S010,K007V2,34,12,35
S010,K008V2,34,6,35
S010,K009V2,34,6,35
S010,K009V3,34,6,35
S010,R001V1,34,12,35
S010,R002V1,34,6,35
S010,R002V2,34,6,35
S010,R003V3,34,24,35
S010,R004V1,34,12,35
S010,R005V2,34,12,35
S010,R006V3,34,6,35
S010,R008V3,34,24,35
S010,R009V2,34,12,35
S010,R009V3,34,12,35
S010,R010V2,34,24,35
S010,Y001V1,34,24,35
S010,Y002V3,34,24,35
S010,B003,35,24,36
S010,B006,35,24,36
S010,B009,35,6,36
S010,B010,35,6,36
S010,S007,35,12,36
S010,K001,35,12,36
S010,K006,35,24,36
S010,K009,35,6,36
S010,R001,35,12,36
S010,R002,35,6,36
S010,R006,35,6,36
S010,R010,35,24,36
S010,Y001,35,24,36
S010,A001,35,6,36
S010,B001V3,35,24,36
S010,B002V2,35,24,36
S010,B002V3,35,24,36
S010,B005V2,35,12,36
S010,B009V3,35,6,36
S010,S001V2,35,24,36
S010,S003V1,35,24,36
S010,S003V2,35,24,36
S010,S005V3,35,12,36
S010,S006V2,35,6,36
S010,S007V3,35,12,36
S010,K002V3,35,24,36
S010,K006V1,35,24,36
S010,K007V2,35,12,36
S010,K008V3,35,6,36
S010,K009V2,35,6,36
S010,R001V1,35,12,36
S010,R001V2,35,12,36
S010,R002V1,35,6,36
S010,R003V3,35,24,36
S010,R005V2,35,12,36
S010,R007V3,35,6,36
S010,R008V2,35,24,36
S010,R010V2,35,24,36
S010,Y001V3,35,24,36
S010,Y002V3,35,24,36
S010,B003,36,24,37
S010,B006,36,24,37
S010,S001,36,24,37
S010,S002,36,24,37
S010,S009,36,6,37
S010,S010,36,6,37
S010,K005,36,6,37
S010,K006,36,24,37
S010,K009,36,6,37
S010,K010,36,6,37
S010,R001,36,12,37
S010,B001V3,36,24,37
S010,B002V2,36,24,37
S010,B003V1,36,24,37
S010,B004V1,36,12,37
S010,B004V3,36,12,37
S010,B005V2,36,12,37
S010,B007V2,36,24,37
S010,B009V3,36,6,37
S010,B010V3,36,6,37
S010,S001V2,36,24,37
S010,S002V1,36,24,37
S010,S003V1,36,24,37
S010,S003V2,36,24,37
S010,S004V3,36,12,37
S010,S005V3,36,12,37
S010,S006V2,36,6,37
S010,S010V3,36,6,37
S010,K002V3,36,24,37
S010,K003V1,36,6,37
S010,K004V3,36,6,37
S010,K005V2,36,6,37
S010,K005V3,36,6,37
S010,K006V1,36,24,37
S010,K008V2,36,6,37
S010,K008V3,36,6,37
S010,K009V2,36,6,37
S010,R001V1,36,12,37
S010,R002V1,36,6,37
S010,R002V2,36,6,37
S010,R004V3,36,12,37
S010,R005V1,36,12,37
S010,R006V3,36,6,37
S010,R009V2,36,12,37
S010,R010V2,36,24,37
S010,Y002V2,36,24,37
S010,B004,37,12,38
S010,B009,37,6,38
S010,S001,37,24,38
S010,S004,37,12,38
S010,S007,37,12,38
S010,K005,37,6,38
S010,R004,37,12,38
S010,R008,37,24,38
S010,R009,37,12,38
S010,Y001,37,24,38
S010,A007,37,6,38
S010,B001V3,37,24,38
S010,B002V2,37,24,38
S010,B003V1,37,24,38
S010,B004V2,37,12,38
S010,B006V2,37,24,38
S010,B007V1,37,24,38
S010,S001V1,37,24,38
S010,S001V2,37,24,38
S010,S002V2,37,24,38
S010,S003V2,37,24,38
S010,S004V2,37,12,38
S010,S007V2,37,12,38
S010,S007V3,37,12,38
S010,S010V1,37,6,38
S010,K001V3,37,12,38
S010,K003V1,37,6,38
S010,K004V3,37,6,38
S010,K005V2,37,6,38
S010,K006V1,37,24,38
S010,K006V3,37,24,38
S010,K009V2,37,6,38
S010,R001V1,37,12,38
S010,R001V2,37,12,38
S010,R002V1,37,6,38
S010,R003V3,37,24,38
S010,R005V1,37,12,38
S010,R006V3,37,6,38
S010,R007V1,37,6,38
S010,R007V2,37,6,38
S010,R008V1,37,24,38
S010,R009V1,37,12,38
S010,Y001V1,37,24,38
S010,Y001V2,37,24,38
S010,Y002V2,37,24,38
S010,S001,38,24,39
S010,S007,38,12,39
S010,K001,38,12,39
S010,K005,38,6,39
S010,R009,38,12,39
S010,A007,38,6,39
S010,B002V2,38,24,39
S010,B007V1,38,24,39
S010,S002V2,38,24,39
S010,S003V1,38,24,39
S010,S007V3,38,12,39
S010,K005V2,38,6,39
S010,K005V3,38,6,39
S010,K009V2,38,6,39
S010,K009V3,38,6,39
S010,R001V1,38,12,39
S010,R002V2,38,6,39
S010,R003V3,38,24,39
S010,R004V3,38,12,39
S010,R005V1,38,12,39
S010,R006V1,38,6,39
S010,R010V1,38,24,39
S010,Y002V3,38,24,39
S010,B004,39,12,40
S010,B010,39,6,40
S010,S002,39,24,40
S010,S004,39,12,40
S010,S007,39,12,40
S010,S009,39,6,40
S010,K005,39,6,40
S010,K007,39,12,40
S010,K009,39,6,40
S010,R001,39,12,40
S010,R008,39,24,40
S010,R010,39,24,40
S010,B001V3,39,24,40
S010,B002V2,39,24,40
S010,B003V1,39,24,40
S010,B004V1,39,12,40
S010,B006V1,39,24,40
S010,B007V2,39,24,40
S010,B009V3,39,6,40
S010,S001V1,39,24,40
S010,S003V2,39,24,40
S010,S004V2,39,12,40
S010,S007V2,39,12,40
S010,S010V1,39,6,40
S010,K002V3,39,24,40
S010,K003V1,39,6,40
S010,K004V3,39,6,40
S010,K006V3,39,24,40
S010,K007V3,39,12,40
S010,K009V2,39,6,40
S010,R002V1,39,6,40
S010,R002V2,39,6,40
S010,R003V3,39,24,40
S010,R004V3,39,12,40
S010,R006V3,39,6,40
S010,R008V1,39,24,40
S010,R009V3,39,12,40
S010,Y002V2,39,24,40
S010,Y002V3,39,24,40
S010,B010,40,6,41
S010,S001,40,24,41
S010,S002,40,24,41
S010,S004,40,12,41
S010,S005,40,12,41
S010,S007,40,12,41
S010,S009,40,6,41
S010,K001,40,12,41
S010,K006,40,24,41
S010,K009,40,6,41
S010,K010,40,6,41
S010,R008,40,24,41
S010,A002,40,24,41
S010,B001V1,40,24,41
S010,B004V1,40,12,41
S010,B006V3,40,24,41
S010,B007V2,40,24,41
S010,B009V3,40,6,41
S010,S003V1,40,24,41
S010,S003V2,40,24,41
S010,S003V3,40,24,41
S010,S004V2,40,12,41
S010,S007V2,40,12,41
S010,K001V2,40,12,41
S010,K003V1,40,6,41
S010,K004V3,40,6,41
S010,K005V2,40,6,41
S010,K007V1,40,12,41
S010,K007V2,40,12,41
S010,K007V3,40,12,41
S010,K008V2,40,6,41
S010,K009V2,40,6,41
S010,R001V1,40,12,41
S010,R002V1,40,6,41
S010,R002V2,40,6,41
S010,R004V3,40,12,41
S010,R008V2,40,24,41
S010,R008V3,40,24,41
S010,Y001V2,40,24,41
S010,Y002V2,40,24,41
S010,Y002V3,40,24,41
S010,B006,41,24,42
S010,S003,41,24,42
S010,S010,41,6,42
S010,K005,41,6,42
S010,K010,41,6,42
S010,R001,41,12,42
S010,Y003,41,6,42
S010,B001V3,41,24,42
S010,B002V2,41,24,42
S010,B005V2,41,12,42
S010,B009V3,41,6,42
S010,S002V1,41,24,42
S010,S003V1,41,24,42
S010,S003V2,41,24,42
S010,S004V2,41,12,42
S010,S004V3,41,12,42
S010,S005V2,41,12,42
S010,S006V1,41,6,42
S010,K004V2,41,6,42
S010,K004V3,41,6,42
S010,K007V1,41,12,42
S010,K008V2,41,6,42
S010,K009V2,41,6,42
S010,K010V1,41,6,42
S010,R001V1,41,12,42
S010,R002V3,41,6,42
S010,R005V1,41,12,42
S010,R006V3,41,6,42
S010,R008V3,41,24,42
S010,R010V2,41,24,42
S010,Y001V3,41,24,42
S010,B002,42,24,43
S010,B009,42,6,43
S010,S002,42,24,43
S010,S007,42,12,43
S010,S009,42,6,43
S010,K001,42,12,43
S010,K005,42,6,43
S010,K006,42,24,43
S010,R004,42,12,43
S010,R009,42,12,43
S010,B003V1,42,24,43
S010,B009V3,42,6,43
S010,B010V3,42,6,43
S010,S002V1,42,24,43
S010,S002V2,42,24,43
S010,S003V1,42,24,43
S010,S003V2,42,24,43
S010,S004V2,42,12,43
S010,S004V3,42,12,43
S010,S007V1,42,12,43
S010,S009V3,42,6,43
S010,S010V1,42,6,43
S010,K004V2,42,6,43
S010,K004V3,42,6,43
S010,K007V3,42,12,43
S010,K009V2,42,6,43
S010,K010V1,42,6,43
S010,R001V1,42,12,43
S010,R002V1,42,6,43
S010,R002V2,42,6,43
S010,R009V3,42,12,43
S010,R010V1,42,24,43
S010,S003,43,24,44
S010,S007,43,12,44
S010,K005,43,6,44
S010,K006,43,24,44
S010,R001,43,12,44
S010,R009,43,12,44
S010,B003V2,43,24,44
S010,B003V3,43,24,44
S010,B004V1,43,12,44
S010,B004V2,43,12,44
S010,B005V2,43,12,44
S010,B006V2,43,24,44
S010,B007V2,43,24,44
S010,B009V1,43,6,44
S010,B009V3,43,6,44
S010,B010V1,43,6,44
S010,S001V1,43,24,44
S010,S002V1,43,24,44
S010,S003V1,43,24,44
S010,S005V2,43,12,44
S010,S009V3,43,6,44
S010,K003V3,43,6,44
S010,K004V3,43,6,44
S010,K005V3,43,6,44
S010,K007V1,43,12,44
S010,K008V2,43,6,44
S010,K009V2,43,6,44
S010,R001V1,43,12,44
S010,R001V2,43,12,44
S010,R002V2,43,6,44
S010,R004V1,43,12,44
S010,R004V3,43,12,44
S010,R005V1,43,12,44
S010,R006V3,43,6,44
S010,Y001V1,43,24,44
S010,Y002V3,43,24,44
S010,B004,44,12,45
S010,B006,44,24,45
S010,S005,44,12,45
S010,S007,44,12,45
S010,S008,44,6,45
S010,S009,44,6,45
S010,K005,44,6,45
S010,K006,44,24,45
S010,R001,44,12,45
S010,R002,44,6,45
S010,R004,44,12,45
S010,R008,44,24,45
S010,Y001,44,24,45
S010,Y003,44,6,45
S010,B003V3,44,24,45
S010,B004V1,44,12,45
S010,B006V1,44,24,45
S010,B008V2,44,24,45
S010,B009V1,44,6,45
S010,B009V3,44,6,45
S010,B010V1,44,6,45
S010,B010V2,44,6,45
S010,S002V1,44,24,45
S010,S002V2,44,24,45
S010,S003V3,44,24,45
S010,S004V2,44,12,45
S010,S005V3,44,12,45
S010,S007V1,44,12,45
S010,S007V2,44,12,45
S010,S007V3,44,12,45
S010,K003V2,44,6,45
S010,K004V3,44,6,45
S010,K005V3,44,6,45
S010,K006V1,44,24,45
S010,K008V2,44,6,45
S010,K009V2,44,6,45
S010,K010V1,44,6,45
S010,K010V2,44,6,45
S010,R001V1,44,12,45
S010,R002V2,44,6,45
S010,R007V1,44,6,45
S010,R008V1,44,24,45
S010,B001,45,24,46
S010,B002,45,24,46
S010,B003,45,24,46
S010,B004,45,12,46
S010,S001,45,24,46
S010,S005,45,12,46
S010,S008,45,6,46
S010,S009,45,6,46
S010,S010,45,6,46
S010,K005,45,6,46
S010,R009,45,12,46
S010,A005,45,6,46
S010,B002V2,45,24,46
S010,B002V3,45,24,46
S010,B006V1,45,24,46
S010,B006V2,45,24,46
S010,B009V3,45,6,46
S010,B010V1,45,6,46
S010,S001V1,45,24,46
S010,S003V1,45,24,46
S010,S003V2,45,24,46
S010,S004V3,45,12,46
S010,S005V3,45,12,46
S010,S006V2,45,6,46
S010,S007V3,45,12,46
S010,K002V3,45,24,46
S010,K004V2,45,6,46
S010,K004V3,45,6,46
S010,K005V2,45,6,46
S010,K005V3,45,6,46
S010,K006V1,45,24,46
S010,K006V3,45,24,46
S010,K007V2,45,12,46
S010,K008V2,45,6,46
S010,K009V1,45,6,46
S010,K010V1,45,6,46
S010,R001V1,45,12,46
S010,R001V2,45,12,46
S010,R001V3,45,12,46
S010,R004V1,45,12,46
S010,R006V3,45,6,46
S010,R008V1,45,24,46
S010,R009V3,45,12,46
S010,Y002V2,45,24,46
S010,S002,46,24,47
S010,K010,46,6,47
S010,R006,46,6,47
S010,A001,46,6,47
S010,A002,46,24,47
S010,B005V1,46,12,47
S010,B009V3,46,6,47
S010,B010V1,46,6,47
S010,B010V3,46,6,47
S010,S003V1,46,24,47
S010,S005V3,46,12,47
S010,S006V2,46,6,47
S010,K004V3,46,6,47
S010,K005V3,46,6,47
S010,K006V1,46,24,47
S010,K007V1,46,12,47
S010,K008V3,46,6,47
S010,K009V1,46,6,47
S010,K010V1,46,6,47
S010,R001V1,46,12,47
S010,R002V1,46,6,47
S010,R002V2,46,6,47
S010,R003V3,46,24,47
S010,R004V2,46,12,47
S010,R004V3,46,12,47
S010,Y001V1,46,24,47
S010,B001,47,24,48
S010,B002,47,24,48
S010,B006,47,24,48
S010,K005,47,6,48
S010,K010,47,6,48
S010,R001,47,12,48
S010,R008,47,24,48
S010,R009,47,12,48
S010,Y001,47,24,48
S010,B003V1,47,24,48
S010,B007V2,47,24,48
S010,B009V3,47,6,48
S010,B010V3,47,6,48
S010,S001V2,47,24,48
S010,S002V1,47,24,48
S010,S003V2,47,24,48
S010,S005V2,47,12,48
S010,S007V3,47,12,48
S010,K002V1,47,24,48
S010,K002V3,47,24,48
S010,K003V1,47,6,48
S010,K003V3,47,6,48
S010,K004V2,47,6,48
S010,K007V1,47,12,48
S010,K007V2,47,12,48
S010,K009V1,47,6,48
S010,K010V1,47,6,48
S010,K010V2,47,6,48
S010,R001V1,47,12,48
S010,R001V2,47,12,48
S010,R002V1,47,6,48
S010,R002V2,47,6,48
S010,R002V3,47,6,48
S010,R003V3,47,24,48
S010,R004V1,47,12,48
S010,R008V1,47,24,48
S010,R009V1,47,12,48
S010,R009V3,47,12,48
S010,Y002V2,47,24,48
S010,B002,48,24,49
S010,B004,48,12,49
S010,B006,48,24,49
S010,S001,48,24,49
S010,S004,48,12,49
S010,S005,48,12,49
S010,S009,48,6,49
S010,K005,48,6,49
S010,K009,48,6,49
S010,R001,48,12,49
S010,R008,48,24,49
S010,Y001,48,24,49
S010,Y003,48,6,49
S010,B003V2,48,24,49
S010,B004V2,48,12,49
S010,B008V1,48,24,49
S010,B008V2,48,24,49
S010,B009V1,48,6,49
S010,B009V3,48,6,49
S010,S001V1,48,24,49
S010,S001V2,48,24,49
S010,S002V1,48,24,49
S010,S002V2,48,24,49
S010,S004V2,48,12,49
S010,S009V3,48,6,49
S010,K004V3,48,6,49
S010,K005V3,48,6,49
S010,K008V1,48,6,49
S010,K008V2,48,6,49
S010,K009V1,48,6,49
S010,R001V1,48,12,49
S010,R002V2,48,6,49
S010,R004V1,48,12,49
S010,R004V3,48,12,49
S010,R005V1,48,12,49
S010,R008V3,48,24,49
S010,R010V2,48,24,49
S010,Y002V2,48,24,49
S010,B003,49,24,50
S010,B004,49,12,50
S010,K005,49,6,50
S010,K010,49,6,50
S010,Y001,49,24,50
S010,B005V1,49,12,50
S010,B006V1,49,24,50
S010,B007V2,49,24,50
S010,B009V3,49,6,50
S010,S001V2,49,24,50
S010,S002V2,49,24,50
S010,S003V2,49,24,50
S010,S004V2,49,12,50
S010,S004V3,49,12,50
S010,S005V2,49,12,50
S010,S007V1,49,12,50
S010,S008V1,49,6,50
S010,S008V2,49,6,50
S010,S009V3,49,6,50
S010,K002V1,49,24,50
S010,K002V2,49,24,50
S010,K007V1,49,12,50
S010,K007V2,49,12,50
S010,K009V1,49,6,50
S010,K010V1,49,6,50
S010,R001V1,49,12,50
S010,R002V1,49,6,50
S010,R002V3,49,6,50
S010,R003V3,49,24,50
S010,R004V1,49,12,50
S010,Y002V3,49,24,50
S010,B004,50,12,51
S010,S001,50,24,51
S010,S007,50,12,51
S010,S009,50,6,51
S010,K001,50,12,51
S010,K005,50,6,51
S010,K006,50,24,51
S010,K009,50,6,51
S010,K010,50,6,51
S010,R008,50,24,51
S010,Y001,50,24,51
S010,Y005,50,12,51
S010,A002,50,24,51
S010,A007,50,6,51
S010,B007V1,50,24,51
S010,B008V1,50,24,51
S010,B009V3,50,6,51
S010,B010V3,50,6,51
S010,S001V2,50,24,51
S010,S003V1,50,24,51
S010,S003V3,50,24,51
S010,S004V2,50,12,51
S010,S004V3,50,12,51
S010,S010V1,50,6,51
S010,K002V3,50,24,51
S010,K003V1,50,6,51
S010,K003V3,50,6,51
S010,K004V3,50,6,51
S010,K005V3,50,6,51
S010,K007V2,50,12,51
S010,K007V3,50,12,51
S010,K009V1,50,6,51
S010,K010V1,50,6,51
S010,K010V2,50,6,51
S010,R001V1,50,12,51
S010,R001V3,50,12,51
S010,R002V3,50,6,51
S010,R003V3,50,24,51
S010,R007V1,50,6,51
S010,R007V3,50,6,51
S010,B009,51,6,52
S010,S003,51,24,52
S010,K005,51,6,52
S010,K009,51,6,52
S010,B003V1,51,24,52
S010,B005V2,51,12,52
S010,B007V1,51,24,52
S010,B007V2,51,24,52
S010,B008V1,51,24,52
S010,B009V3,51,6,52
S010,B010V3,51,6,52
S010,S001V2,51,24,52
S010,S004V2,51,12,52
S010,S006V2,51,6,52
S010,S008V2,51,6,52
S010,S009V3,51,6,52
S010,K002V1,51,24,52
S010,K003V3,51,6,52
S010,K004V1,51,6,52
S010,K007V1,51,12,52
S010,K007V2,51,12,52
S010,K007V3,51,12,52
S010,K008V2,51,6,52
S010,K008V3,51,6,52
S010,K010V2,51,6,52
S010,R001V1,51,12,52
S010,R001V3,51,12,52
S010,R002V2,51,6,52
S010,R005V1,51,12,52
S010,R006V2,51,6,52
S010,R006V3,51,6,52
S010,R008V1,51,24,52
S011,B001,1,24,2
S011,B002,1,24,2
S011,B005,1,12,2
S011,S001,1,24,2
S011,S002,1,24,2
S011,S005,1,12,2
S011,S008,1,6,2
S011,K005,1,12,2
S011,K006,1,24,2
S011,R001,1,12,2
S011,R005,1,12,2
S011,Y001,1,24,2
S011,Y004,1,6,2
S011,A002,1,24,2
S011,A008,1,12,2
S011,B002V1,1,24,2
S011,B005V2,1,12,2
S011,B006V1,1,24,2
S011,B007V1,1,24,2
S011,B008V1,1,24,2
S011,B009V3,1,18,2
S011,B010V1,1,6,2
S011,S002V1,1,24,2
S011,S003V2,1,24,2
S011,S004V1,1,12,2
S011,S004V2,1,12,2
S011,S006V1,1,6,2
S011,S007V3,1,12,2
S011,S008V3,1,6,2
S011,S010V1,1,6,2
S011,S010V3,1,6,2
S011,K001V1,1,12,2
S011,K006V1,1,24,2
S011,K006V3,1,24,2
S011,K008V2,1,6,2
S011,K009V2,1,6,2
S011,R001V1,1,36,2
S011,R002V1,1,6,2
S011,R004V3,1,12,2
S011,R006V3,1,6,2
S011,R007V1,1,6,2
S011,R009V2,1,12,2
S011,R010V1,1,24,2
S011,R010V2,1,24,2
S011,Y002V3,1,24,2
S011,B007,2,24,3
S011,S002,2,24,3
S011,S007,2,12,3
S011,S010,2,6,3
S011,K003,2,6,3
S011,K005,2,30,3
S011,K007,2,12,3
S011,R005,2,12,3
S011,R008,2,24,3
S011,R009,2,12,3
S011,A001,2,6,3
S011,A002,2,24,3
S011,B002V1,2,24,3
S011,B004V2,2,12,3
S011,B005V2,2,12,3
S011,B007V1,2,24,3
S011,B009V3,2,24,3
S011,S002V1,2,24,3
S011,S002V2,2,24,3
S011,S003V2,2,24,3
S011,S004V2,2,12,3
S011,S005V2,2,12,3
S011,S006V1,2,6,3
S011,S009V1,2,6,3
S011,K001V1,2,48,3
S011,K002V3,2,24,3
S011,K003V2,2,6,3
S011,K003V3,2,6,3
S011,K005V1,2,6,3
S011,K006V3,2,24,3
S011,K008V1,2,6,3
S011,K008V2,2,6,3
S011,K009V2,2,12,3
S011,R001V1,2,36,3
S011,R003V2,2,24,3
S011,R004V2,2,12,3
S011,R005V1,2,12,3
S011,R006V3,2,6,3
S011,R008V1,2,24,3
S011,R008V3,2,24,3
S011,Y002V1,2,24,3
S011,Y002V2,2,24,3
S011,B006,3,24,4
S011,B009,3,6,4
S011,S005,3,12,4
S011,S007,3,12,4
S011,S010,3,6,4
S011,K003,3,6,4
S011,K005,3,30,4
S011,R001,3,12,4
S011,R006,3,6,4
S011,R008,3,24,4
S011,R010,3,24,4
S011,Y001,3,24,4
S011,A008,3,12,4
S011,B008V1,3,24,4
S011,B009V3,3,18,4
S011,S003V2,3,24,4
S011,S004V1,3,12,4
S011,S010V1,3,6,4
S011,S010V3,3,6,4
S011,K001V1,3,48,4
S011,K003V3,3,6,4
S011,K006V1,3,24,4
S011,K006V3,3,24,4
S011,K008V2,3,6,4
S011,K009V2,3,6,4
S011,R001V1,3,24,4
S011,R002V2,3,6,4
S011,R003V1,3,24,4
S011,R003V2,3,24,4
S011,R005V1,3,12,4
S011,R005V2,3,12,4
S011,R006V3,3,6,4
S011,R007V1,3,6,4
S011,R009V3,3,12,4
S011,Y002V2,3,24,4
S011,Y002V3,3,24,4
S011,B006,4,24,5
S011,S002,4,24,5
S011,S010,4,6,5
S011,K002,4,24,5
S011,K003,4,6,5
S011,K005,4,24,5
S011,K006,4,24,5
S011,K007,4,12,5
S011,R007,4,6,5
S011,R008,4,24,5
S011,Y001,4,24,5
S011,B001V3,4,24,5
S011,B004V1,4,12,5
S011,B004V3,4,12,5
S011,B005V2,4,12,5
S011,B008V1,4,24,5
S011,B009V3,4,6,5
S011,B010V1,4,6,5
S011,S002V2,4,24,5
S011,S003V2,4,24,5
S011,S004V1,4,12,5
S011,S008V3,4,6,5
S011,S010V1,4,6,5
S011,S010V3,4,6,5
S011,K002V3,4,24,5
S011,K009V2,4,12,5
S011,K009V3,4,6,5
S011,R001V1,4,24,5
S011,R002V2,4,6,5
S011,R002V3,4,6,5
S011,R003V2,4,24,5
S011,R004V1,4,12,5
S011,R006V2,4,6,5
S011,R008V1,4,24,5
S011,R009V2,4,12,5
S011,Y001V3,4,24,5
S011,Y002V2,4,24,5
S011,B001,5,24,6
S011,B007,5,24,6
S011,B008,5,24,6
S011,S007,5,12,6
S011,S008,5,6,6
S011,K005,5,18,6
S011,R001,5,12,6
S011,R002,5,6,6
S011,R008,5,24,6
S011,R009,5,12,6
S011,B001V3,5,24,6
S011,B003V3,5,24,6
S011,B005V1,5,12,6
S011,B007V1,5,24,6
S011,B008V1,5,24,6
S011,S002V1,5,24,6
S011,S002V2,5,24,6
S011,S006V2,5,6,6
S011,S009V1,5,6,6
S011,S010V2,5,6,6
S011,K001V1,5,12,6
S011,K006V3,5,24,6
S011,K007V2,5,12,6
S011,K009V2,5,6,6
S011,R001V1,5,24,6
S011,R002V1,5,6,6
S011,R002V2,5,6,6
S011,R004V3,5,12,6
S011,R008V1,5,24,6
S011,R009V2,5,12,6
S011,R009V3,5,12,6
S011,Y001V1,5,24,6
S011,Y002V2,5,24,6
S011,B002,6,24,7
S011,B003,6,24,7
S011,B008,6,24,7
S011,S002,6,24,7
S011,S004,6,12,7
S011,S005,6,12,7
S011,K005,6,18,7
S011,R001,6,12,7
S011,R009,6,12,7
S011,A001,6,6,7
S011,B009V3,6,6,7
S011,S002V2,6,24,7
S011,S003V2,6,24,7
S011,S004V2,6,12,7
S011,S007V3,6,12,7
S011,S008V3,6,6,7
S011,S009V1,6,6,7
S011,S010V3,6,6,7
S011,K001V1,6,12,7
S011,K004V1,6,6,7
S011,R001V1,6,12,7
S011,R002V3,6,6,7
S011,R003V1,6,24,7
S011,R004V1,6,12,7
S011,R004V2,6,12,7
S011,R004V3,6,12,7
S011,R005V1,6,12,7
S011,R008V1,6,24,7
S011,Y002V3,6,24,7
S011,B005,7,12,8
S011,B006,7,24,8
S011,S005,7,12,8
S011,S008,7,6,8
S011,S010,7,6,8
S011,K005,7,12,8
S011,R008,7,24,8
S011,R009,7,12,8
S011,Y004,7,6,8
S011,B004V2,7,12,8
S011,B005V1,7,12,8
S011,B005V2,7,12,8
S011,B009V3,7,6,8
S011,S002V1,7,24,8
S011,S002V2,7,24,8
S011,S004V2,7,12,8
S011,K001V1,7,12,8
S011,K009V2,7,6,8
S011,K009V3,7,6,8
S011,R001V1,7,24,8
S011,R002V1,7,6,8
S011,R002V2,7,6,8
S011,R003V2,7,24,8
S011,R004V1,7,12,8
S011,R004V3,7,12,8
S011,R009V1,7,12,8
S011,R009V3,7,12,8
S011,Y002V2,7,24,8
S011,B005,8,12,9
S011,B007,8,24,9
S011,S002,8,24,9
S011,S010,8,6,9
S011,K005,8,18,9
S011,K006,8,24,9
S011,K007,8,12,9
S011,R001,8,12,9
S011,R008,8,24,9
S011,A003,8,24,9
S011,B002V1,8,24,9
S011,B005V1,8,12,9
S011,B009V3,8,6,9
S011,B010V1,8,6,9
S011,S004V1,8,12,9
S011,S006V2,8,6,9
S011,S008V3,8,6,9
S011,K002V2,8,24,9
S011,K005V3,8,6,9
S011,K009V2,8,6,9
S011,R001V1,8,36,9
S011,R001V3,8,12,9
S011,R006V3,8,6,9
S011,R009V1,8,12,9
S011,R009V3,8,12,9
S011,Y002V3,8,24,9
S011,B005,9,12,10
S011,B006,9,24,10
S011,B007,9,24,10
S011,B008,9,24,10
S011,K005,9,18,10
S011,R008,9,24,10
S011,Y003,9,6,10
S011,Y004,9,6,10
S011,B005V2,9,12,10
S011,B008V1,9,24,10
S011,B008V3,9,24,10
S011,S002V1,9,24,10
S011,S003V3,9,24,10
S011,S007V3,9,12,10
S011,S008V3,9,6,10
S011,K001V2,9,12,10
S011,K002V3,9,24,10
S011,K003V3,9,6,10
S011,K006V3,9,24,10
S011,R001V1,9,24,10
S011,R004V3,9,12,10
S011,R007V1,9,6,10
S011,R010V2,9,24,10
S011,Y002V1,9,24,10
S011,B002,10,24,11
S011,B007,10,24,11
S011,S004,10,12,11
S011,S007,10,12,11
S011,S010,10,6,11
S011,K005,10,18,11
S011,K006,10,24,11
S011,K009,10,6,11
S011,R001,10,12,11
S011,R008,10,24,11
S011,R009,10,12,11
S011,Y003,10,6,11
S011,Y004,10,6,11
S011,B004V1,10,12,11
S011,B006V1,10,24,11
S011,B008V1,10,24,11
S011,B008V3,10,24,11
S011,B009V3,10,6,11
S011,S002V1,10,24,11
S011,S002V2,10,24,11
S011,S003V1,10,24,11
S011,S004V2,10,12,11
S011,S007V3,10,12,11
S011,S008V3,10,6,11
S011,S009V1,10,6,11
S011,R001V1,10,12,11
S011,R002V1,10,6,11
S011,R007V1,10,6,11
S011,R008V1,10,24,11
S011,R009V2,10,12,11
S011,R010V3,10,24,11
S011,Y001V3,10,24,11
S011,B003,11,24,12
S011,B005,11,12,12
S011,B006,11,24,12
S011,B007,11,24,12
S011,K005,11,18,12
S011,K008,11,6,12
S011,R001,11,12,12
S011,R002,11,6,12
S011,R005,11,12,12
S011,B001V3,11,24,12
S011,B007V1,11,24,12
S011,B008V1,11,24,12
S011,B008V3,11,24,12
S011,B009V3,11,6,12
S011,S003V1,11,24,12
S011,S003V2,11,24,12
S011,S007V3,11,12,12
S011,S008V3,11,6,12
S011,S009V1,11,6,12
S011,S010V3,11,6,12
S011,K001V1,11,12,12
S011,K002V3,11,24,12
S011,K008V1,11,6,12
S011,R001V1,11,24,12
S011,R002V2,11,6,12
S011,R003V1,11,24,12
S011,R004V1,11,12,12
S011,R006V3,11,6,12
S011,B005,12,12,13
S011,S007,12,12,13
S011,K002,12,24,13
S011,K005,12,12,13
S011,R001,12,12,13
S011,R005,12,12,13
S011,Y003,12,6,13
S011,Y004,12,6,13
S011,B001V2,12,24,13
S011,B002V1,12,24,13
S011,B005V2,12,12,13
S011,B006V1,12,24,13
S011,B008V1,12,24,13
S011,B008V3,12,24,13
S011,B010V2,12,6,13
S011,S004V1,12,12,13
S011,S004V2,12,12,13
S011,S007V2,12,12,13
S011,K001V1,12,12,13
S011,K002V3,12,24,13
S011,K005V3,12,6,13
S011,K006V1,12,24,13
S011,K006V3,12,24,13
S011,R001V1,12,24,13
S011,R002V1,12,6,13
S011,R002V2,12,6,13
S011,R004V2,12,12,13
S011,R004V3,12,12,13
S011,R005V2,12,12,13
S011,Y001V2,12,24,13
S011,B006,13,24,14
S011,B007,13,24,14
S011,S004,13,12,14
S011,S010,13,6,14
S011,K005,13,12,14
S011,R002,13,6,14
S011,B002V1,13,24,14
S011,B005V1,13,12,14
S011,B007V1,13,24,14
S011,B009V3,13,6,14
S011,S002V1,13,24,14
S011,S004V1,13,12,14
S011,S006V2,13,6,14
S011,S007V3,13,12,14
S011,K001V1,13,12,14
S011,K002V3,13,24,14
S011,K005V3,13,6,14
S011,K006V1,13,24,14
S011,K006V3,13,24,14
S011,K008V1,13,6,14
S011,R001V1,13,36,14
S011,R002V2,13,6,14
S011,R004V1,13,12,14
S011,R004V2,13,12,14
S011,R006V3,13,6,14
S011,R007V1,13,6,14
S011,R009V3,13,12,14
S011,R010V2,13,24,14
S011,Y002V1,13,24,14
S011,B007,14,24,15
S011,K005,14,12,15
S011,R001,14,12,15
S011,R002,14,6,15
S011,R006,14,6,15
S011,R008,14,24,15
S011,B001V2,14,24,15
S011,B009V3,14,6,15
S011,S002V1,14,24,15
S011,S002V2,14,24,15
S011,S004V1,14,12,15
S011,S006V2,14,6,15
S011,S008V3,14,6,15
S011,S010V3,14,6,15
S011,K001V1,14,12,15
S011,K005V3,14,6,15
S011,K006V3,14,24,15
S011,K009V1,14,6,15
S011,R001V1,14,24,15
S011,R002V1,14,6,15
S011,R004V3,14,12,15
S011,R006V3,14,6,15
S011,R009V3,14,12,15
S011,R010V3,14,24,15
S011,Y002V3,14,24,15
S011,B002,15,24,16
S011,S003,15,24,16
S011,S010,15,6,16
S011,K003,15,6,16
S011,K005,15,12,16
S011,K009,15,6,16
S011,R001,15,12,16
S011,R007,15,6,16
S011,A006,15,6,16
S011,B002V1,15,24,16
S011,B007V3,15,24,16
S011,B009V3,15,6,16
S011,B010V1,15,6,16
S011,S003V2,15,24,16
S011,S004V1,15,12,16
S011,S004V2,15,12,16
S011,S007V3,15,12,16
S011,S008V3,15,6,16
S011,S010V3,15,6,16
S011,K002V3,15,24,16
S011,K004V2,15,6,16
S011,K007V2,15,12,16
S011,R001V1,15,24,16
S011,R002V1,15,6,16
S011,R003V1,15,24,16
S011,R008V1,15,24,16
S011,Y002V1,15,24,16
S011,B002,16,24,17
S011,B005,16,12,17
S011,B007,16,24,17
S011,S002,16,24,17
S011,S003,16,24,17
S011,K005,16,12,17
S011,K006,16,24,17
S011,R001,16,12,17
S011,R009,16,12,17
S011,Y001,16,24,17
S011,A007,16,6,17
S011,B001V2,16,24,17
S011,B002V1,16,24,17
S011,B009V3,16,6,17
S011,S002V1,16,24,17
S011,S003V1,16,24,17
S011,S004V1,16,12,17
S011,S010V3,16,6,17
S011,K001V1,16,12,17
S011,K003V1,16,6,17
S011,K004V2,16,6,17
S011,K007V2,16,12,17
S011,R001V1,16,12,17
S011,R003V2,16,24,17
S011,R004V3,16,12,17
S011,R006V1,16,6,17
S011,R006V3,16,6,17
S011,R007V1,16,6,17
S011,B002,17,24,18
S011,B005,17,12,18
S011,S004,17,12,18
S011,S005,17,12,18
S011,S007,17,12,18
S011,K005,17,12,18
S011,R005,17,12,18
S011,R006,17,6,18
S011,Y003,17,6,18
S011,A002,17,24,18
S011,A003,17,24,18
S011,B005V2,17,12,18
S011,B006V1,17,24,18
S011,B009V3,17,6,18
S011,B010V1,17,6,18
S011,S002V1,17,24,18
S011,S003V1,17,24,18
S011,S008V3,17,6,18
S011,K003V2,17,6,18
S011,K006V1,17,24,18
S011,K006V3,17,24,18
S011,R001V1,17,12,18
S011,R002V1,17,6,18
S011,R009V2,17,12,18
S011,Y001V2,17,24,18
S011,S003,18,24,19
S011,S005,18,12,19
S011,K002,18,24,19
S011,K005,18,12,19
S011,K007,18,12,19
S011,R002,18,6,19
S011,R005,18,12,19
S011,Y001,18,24,19
S011,A003,18,24,19
S011,A008,18,12,19
S011,B001V2,18,24,19
S011,B002V1,18,24,19
S011,B005V1,18,12,19
S011,B005V2,18,12,19
S011,B007V1,18,24,19
S011,B008V1,18,24,19
S011,B009V3,18,6,19
S011,S006V2,18,6,19
S011,S007V2,18,12,19
S011,S009V1,18,6,19
S011,S010V3,18,6,19
S011,K001V1,18,12,19
S011,K003V1,18,6,19
S011,K005V3,18,6,19
S011,K007V3,18,12,19
S011,R001V1,18,12,19
S011,R003V1,18,24,19
S011,R004V1,18,12,19
S011,R005V2,18,12,19
S011,Y001V1,18,24,19
S011,B002,19,24,20
S011,B006,19,24,20
S011,S004,19,12,20
S011,S010,19,6,20
S011,K003,19,6,20
S011,K005,19,6,20
S011,R001,19,12,20
S011,R010,19,24,20
S011,A001,19,6,20
S011,B002V1,19,24,20
S011,B003V2,19,24,20
S011,B004V1,19,12,20
S011,B005V1,19,12,20
S011,B009V3,19,6,20
S011,S002V1,19,24,20
S011,S002V2,19,24,20
S011,S003V2,19,24,20
S011,S004V1,19,12,20
S011,S007V2,19,12,20
S011,S007V3,19,12,20
S011,S008V3,19,6,20
S011,K001V1,19,12,20
S011,K002V3,19,24,20
S011,K003V2,19,6,20
S011,K005V1,19,6,20
S011,K005V3,19,6,20
S011,K007V1,19,12,20
S011,K007V2,19,12,20
S011,K007V3,19,12,20
S011,K008V2,19,6,20
S011,R001V1,19,12,20
S011,R002V1,19,6,20
S011,R002V3,19,6,20
S011,R004V3,19,12,20
S011,R005V1,19,12,20
S011,R006V3,19,6,20
S011,R008V1,19,24,20
S011,S002,20,24,21
S011,S003,20,24,21
S011,S004,20,12,21
S011,K005,20,6,21
S011,K007,20,12,21
S011,R009,20,12,21
S011,Y002,20,24,21
S011,B001V2,20,24,21
S011,B001V3,20,24,21
S011,B003V3,20,24,21
S011,B004V2,20,12,21
S011,B007V1,20,24,21
S011,B009V3,20,6,21
S011,S003V1,20,24,21
S011,S007V2,20,12,21
S011,S007V3,20,12,21
S011,S009V1,20,6,21
S011,S010V3,20,6,21
S011,K001V1,20,12,21
S011,K008V2,20,6,21
S011,R001V1,20,12,21
S011,R001V3,20,12,21
S011,R003V1,20,24,21
S011,R004V3,20,12,21
S011,R006V3,20,6,21
S011,R007V1,20,6,21
S011,R008V1,20,24,21
S011,R009V3,20,12,21
S011,Y001V2,20,24,21
S011,Y002V2,20,24,21
S011,B002,21,24,22
S011,B006,21,24,22
S011,S007,21,12,22
S011,S010,21,6,22
S011,K001,21,12,22
S011,K005,21,6,22
S011,R002,21,6,22
S011,R010,21,24,22
S011,B001V2,21,24,22
S011,B002V1,21,24,22
S011,B004V1,21,12,22
S011,B004V2,21,12,22
S011,B008V1,21,24,22
S011,B009V3,21,6,22
S011,S003V2,21,24,22
S011,S007V2,21,12,22
S011,S010V3,21,6,22
S011,K001V1,21,12,22
S011,K006V1,21,24,22
S011,K006V3,21,24,22
S011,K007V2,21,12,22
S011,R001V3,21,12,22
S011,R002V1,21,6,22
S011,R002V2,21,6,22
S011,R003V1,21,24,22
S011,R004V3,21,12,22
S011,R006V3,21,6,22
S011,R008V1,21,24,22
S011,R009V3,21,12,22
S011,B005,22,12,23
S011,S002,22,24,23
S011,S003,22,24,23
S011,S007,22,12,23
S011,K001,22,12,23
S011,K007,22,12,23
S011,R001,22,12,23
S011,R008,22,24,23
S011,Y001,22,24,23
S011,A004,22,6,23
S011,B001V2,22,24,23
S011,B003V3,22,24,23
S011,B008V1,22,24,23
S011,S003V1,22,24,23
S011,S009V1,22,6,23
S011,S010V3,22,6,23
S011,K002V2,22,24,23
S011,K008V2,22,6,23
S011,K009V2,22,6,23
S011,R001V1,22,12,23
S011,B005,23,12,24
S011,B006,23,24,24
S011,S003,23,24,24
S011,K001,23,12,24
S011,K005,23,6,24
S011,R001,23,12,24
S011,R002,23,6,24
S011,R008,23,24,24
S011,R009,23,12,24
S011,Y001,23,24,24
S011,B001V2,23,24,24
S011,B001V3,23,24,24
S011,B004V2,23,12,24
S011,B007V1,23,24,24
S011,B009V3,23,6,24
S011,K001V1,23,12,24
S011,K003V1,23,6,24
S011,K005V3,23,6,24
S011,K006V1,23,24,24
S011,K006V3,23,24,24
S011,K007V1,23,12,24
S011,K009V2,23,6,24
S011,R001V1,23,12,24
S011,R002V1,23,6,24
S011,R002V2,23,6,24
S011,R004V1,23,12,24
S011,R004V3,23,12,24
S011,R005V1,23,12,24
S011,R006V3,23,6,24
S011,R009V1,23,12,24
S011,Y001V2,23,24,24
S011,B002,24,24,25
S011,B003,24,24,25
S011,B007,24,24,25
S011,B009,24,6,25
S011,S002,24,24,25
S011,S007,24,12,25
S011,K005,24,6,25
S011,R001,24,12,25
S011,R002,24,6,25
S011,R009,24,12,25
S011,Y001,24,24,25
S011,Y002,24,24,25
S011,Y003,24,6,25
S011,B001V3,24,24,25
S011,B003V3,24,24,25
S011,B004V1,24,12,25
S011,B006V1,24,24,25
S011,B006V2,24,24,25
S011,S002V2,24,24,25
S011,S003V2,24,24,25
S011,S004V1,24,12,25
S011,S004V3,24,12,25
S011,S006V2,24,6,25
S011,S007V3,24,12,25
S011,S008V1,24,6,25
S011,S010V1,24,6,25
S011,S010V3,24,6,25
S011,K001V1,24,12,25
S011,K002V3,24,24,25
S011,K003V1,24,6,25
S011,K007V2,24,12,25
S011,R001V1,24,12,25
S011,R002V1,24,6,25
S011,R002V2,24,6,25
S011,R003V1,24,24,25
S011,R004V1,24,12,25
S011,R004V2,24,12,25
S011,R006V3,24,6,25
S011,R008V1,24,24,25
S011,R009V2,24,12,25
S011,Y002V3,24,24,25
S011,B007,25,24,26
S011,S002,25,24,26
S011,S004,25,12,26
S011,S005,25,12,26
S011,K005,25,6,26
S011,R008,25,24,26
S011,Y004,25,6,26
S011,A004,25,6,26
S011,B001V2,25,24,26
S011,B001V3,25,24,26
S011,B002V1,25,24,26
S011,B003V2,25,24,26
S011,B005V1,25,12,26
S011,B009V3,25,6,26
S011,S002V1,25,24,26
S011,S003V2,25,24,26
S011,S004V3,25,12,26
S011,S006V2,25,6,26
S011,S008V3,25,6,26
S011,S009V1,25,6,26
S011,S010V1,25,6,26
S011,S010V2,25,6,26
S011,S010V3,25,6,26
S011,K001V1,25,12,26
S011,K003V3,25,6,26
S011,K005V3,25,6,26
S011,K006V3,25,24,26
S011,K008V2,25,6,26
S011,K009V2,25,6,26
S011,R001V1,25,12,26
S011,R002V1,25,6,26
S011,R002V2,25,6,26
S011,R003V2,25,24,26
S011,R004V2,25,12,26
S011,R004V3,25,12,26
S011,R005V2,25,12,26
S011,R008V1,25,24,26
S011,B005,26,12,27
S011,B006,26,24,27
S011,B009,26,6,27
S011,S002,26,24,27
S011,S004,26,12,27
S011,S005,26,12,27
S011,S010,26,6,27
S011,K006,26,24,27
S011,R008,26,24,27
S011,R009,26,12,27
S011,B001V3,26,24,27
S011,B002V1,26,24,27
S011,B004V2,26,12,27
S011,B005V2,26,12,27
S011,B006V1,26,24,27
S011,B007V1,26,24,27
S011,B009V3,26,6,27
S011,S004V1,26,12,27
S011,S006V2,26,6,27
S011,S007V2,26,12,27
S011,S008V2,26,6,27
S011,S008V3,26,6,27
S011,S010V1,26,6,27
S011,K001V1,26,12,27
S011,K003V2,26,6,27
S011,K006V1,26,24,27
S011,K007V1,26,12,27
S011,K007V2,26,12,27
S011,K009V2,26,6,27
S011,R002V1,26,6,27
S011,R003V2,26,24,27
S011,R004V1,26,12,27
S011,R004V2,26,12,27
S011,R006V3,26,6,27
S011,R008V1,26,24,27
S011,R010V3,26,24,27
S011,Y002V1,26,24,27
S011,B003,27,24,28
S011,B007,27,24,28
S011,S002,27,24,28
S011,K001,27,12,28
S011,K006,27,24,28
S011,K009,27,6,28
S011,R008,27,24,28
S011,B004V2,27,12,28
S011,B008V1,27,24,28
S011,B009V3,27,6,28
S011,B010V1,27,6,28
S011,S003V2,27,24,28
S011,S004V2,27,12,28
S011,S007V3,27,12,28
S011,S008V2,27,6,28
S011,S008V3,27,6,28
S011,S010V1,27,6,28
S011,K001V1,27,12,28
S011,K003V2,27,6,28
S011,K004V1,27,6,28
S011,K006V1,27,24,28
S011,K007V1,27,12,28
S011,R002V1,27,6,28
S011,R003V1,27,24,28
S011,R004V3,27,12,28
S011,R007V1,27,6,28
S011,R008V1,27,24,28
S011,R009V3,27,12,28
S011,R010V1,27,24,28
S011,Y002V2,27,24,28
S011,B002,28,24,29
S011,B007,28,24,29
S011,S006,28,6,29
S011,K001,28,12,29
S011,K005,28,6,29
S011,K009,28,6,29
S011,R005,28,12,29
S011,R008,28,24,29
S011,R009,28,12,29
S011,B002V1,28,24,29
S011,B005V1,28,12,29
S011,B005V2,28,12,29
S011,B009V3,28,6,29
S011,S002V1,28,24,29
S011,S002V2,28,24,29
S011,S009V1,28,6,29
S011,K003V3,28,6,29
S011,K005V1,28,6,29
S011,K005V3,28,6,29
S011,K006V3,28,24,29
S011,K007V1,28,12,29
S011,K007V2,28,12,29
S011,K008V2,28,6,29
S011,R001V1,28,12,29
S011,R006V2,28,6,29
S011,R006V3,28,6,29
S011,R007V2,28,6,29
S011,R008V1,28,24,29
S011,R009V3,28,12,29
S011,R010V2,28,24,29
S011,Y002V2,28,24,29
S011,Y002V3,28,24,29
S011,S002,29,24,30
S011,S003,29,24,30
S011,S010,29,6,30
S011,K005,29,6,30
S011,K009,29,6,30
S011,R009,29,12,30
S011,Y001,29,24,30
S011,Y004,29,6,30
S011,A002,29,24,30
S011,B002V1,29,24,30
S011,B004V2,29,12,30
S011,B005V2,29,12,30
S011,B007V2,29,24,30
S011,B008V3,29,24,30
S011,B010V3,29,6,30
S011,S002V1,29,24,30
S011,S002V2,29,24,30
S011,S003V1,29,24,30
S011,S003V2,29,24,30
S011,S003V3,29,24,30
S011,S004V3,29,12,30
S011,S008V2,29,6,30
S011,S010V3,29,6,30
S011,K001V1,29,12,30
S011,K002V3,29,24,30
S011,K003V1,29,6,30
S011,K003V2,29,6,30
S011,K006V1,29,24,30
S011,R001V1,29,12,30
S011,R001V3,29,12,30
S011,R002V2,29,6,30
S011,R008V1,29,24,30
S011,R009V3,29,12,30
S011,R010V3,29,24,30
S011,Y002V3,29,24,30
S011,B002,30,24,31
S011,S001,30,24,31
S011,S003,30,24,31
S011,S007,30,12,31
S011,S010,30,6,31
S011,K005,30,6,31
S011,R001,30,12,31
S011,A004,30,6,31
S011,B007V1,30,24,31
S011,B007V2,30,24,31
S011,B010V3,30,6,31
S011,K001V1,30,12,31
S011,K002V3,30,24,31
S011,K007V1,30,12,31
S011,K007V3,30,12,31
S011,K010V1,30,6,31
S011,R002V1,30,6,31
S011,R006V2,30,6,31
S011,R006V3,30,6,31
S011,Y002V2,30,24,31
S011,Y002V3,30,24,31
S011,B003,31,24,32
S011,B007,31,24,32
S011,S001,31,24,32
S011,S002,31,24,32
S011,S005,31,12,32
S011,S008,31,6,32
S011,S010,31,6,32
S011,K006,31,24,32
S011,K008,31,6,32
S011,R005,31,12,32
S011,R008,31,24,32
S011,R009,31,12,32
S011,B001V3,31,24,32
S011,B004V2,31,12,32
S011,B007V2,31,24,32
S011,B009V3,31,6,32
S011,B010V3,31,6,32
S011,S002V1,31,24,32
S011,S002V2,31,24,32
S011,S004V1,31,12,32
S011,S004V3,31,12,32
S011,S005V2,31,12,32
S011,S006V2,31,6,32
S011,S008V2,31,6,32
S011,S008V3,31,6,32
S011,S009V1,31,6,32
S011,K001V1,31,12,32
S011,K002V3,31,24,32
S011,K003V3,31,6,32
S011,K004V2,31,6,32
S011,K006V3,31,24,32
S011,K007V3,31,12,32
S011,K009V3,31,6,32
S011,R001V1,31,12,32
S011,R002V2,31,6,32
S011,R003V1,31,24,32
S011,R004V3,31,12,32
S011,R006V3,31,6,32
S011,R009V3,31,12,32
S011,B006,32,24,33
S011,S005,32,12,33
S011,S007,32,12,33
S011,S008,32,6,33
S011,S010,32,6,33
S011,K003,32,6,33
S011,R009,32,12,33
S011,B001V3,32,24,33
S011,B003V3,32,24,33
S011,B005V1,32,12,33
S011,B005V2,32,12,33
S011,B008V3,32,24,33
S011,B009V3,32,6,33
S011,B010V3,32,6,33
S011,S002V1,32,24,33
S011,S004V2,32,12,33
S011,K001V1,32,12,33
S011,K007V3,32,12,33
S011,K008V2,32,6,33
S011,K009V1,32,6,33
S011,R001V1,32,12,33
S011,R004V1,32,12,33
S011,R006V3,32,6,33
S011,R008V1,32,24,33
S011,R008V3,32,24,33
S011,R009V3,32,12,33
S011,Y001V3,32,24,33
S011,B002,33,24,34
S011,B005,33,12,34
S011,B006,33,24,34
S011,B007,33,24,34
S011,S002,33,24,34
S011,S010,33,6,34
S011,K005,33,6,34
S011,K007,33,12,34
S011,R009,33,12,34
S011,A001,33,6,34
S011,A003,33,24,34
S011,B006V2,33,24,34
S011,B007V2,33,24,34
S011,B009V3,33,6,34
S011,B010V1,33,6,34
S011,B010V3,33,6,34
S011,S002V2,33,24,34
S011,S003V1,33,24,34
S011,S004V1,33,12,34
S011,S004V2,33,12,34
S011,S006V2,33,6,34
S011,S008V2,33,6,34
S011,S010V3,33,6,34
S011,K001V1,33,12,34
S011,K002V2,33,24,34
S011,K007V1,33,12,34
S011,R001V1,33,12,34
S011,R003V1,33,24,34
S011,R003V2,33,24,34
S011,R004V3,33,12,34
S011,R006V3,33,6,34
S011,R008V1,33,24,34
S011,R009V3,33,12,34
S011,B003,34,24,35
S011,B006,34,24,35
S011,B007,34,24,35
S011,B009,34,6,35
S011,S002,34,24,35
S011,K005,34,6,35
S011,K006,34,24,35
S011,K007,34,12,35
S011,R006,34,6,35
S011,R009,34,12,35
S011,Y001,34,24,35
S011,A002,34,24,35
S011,A006,34,6,35
S011,A007,34,6,35
S011,B002V1,34,24,35
S011,B004V1,34,12,35
S011,B007V2,34,24,35
S011,S003V1,34,24,35
S011,S006V1,34,6,35
S011,S006V2,34,6,35
S011,S007V3,34,12,35
S011,S008V1,34,6,35
S011,S008V3,34,6,35
S011,S010V3,34,6,35
S011,K001V1,34,12,35
S011,K002V3,34,24,35
S011,R001V1,34,12,35
S011,R002V1,34,6,35
S011,R002V3,34,6,35
S011,R004V1,34,12,35
S011,R004V2,34,12,35
S011,R005V2,34,12,35
S011,R008V1,34,24,35
S011,R009V3,34,12,35
S011,R010V3,34,24,35
S011,B005,35,12,36
S011,B007,35,24,36
S011,S001,35,24,36
S011,S002,35,24,36
S011,K005,35,6,36
S011,R001,35,12,36
S011,R002,35,6,36
S011,R005,35,12,36
S011,Y003,35,6,36
S011,A001,35,6,36
S011,B001V3,35,24,36
S011,B002V1,35,24,36
S011,B004V1,35,12,36
S011,B005V2,35,12,36
S011,B009V3,35,6,36
S011,B010V3,35,6,36
S011,S003V2,35,24,36
S011,S004V3,35,12,36
S011,S006V1,35,6,36
S011,S007V2,35,12,36
S011,S008V2,35,6,36
S011,S008V3,35,6,36
S011,S009V1,35,6,36
S011,K001V1,35,12,36
S011,K002V3,35,24,36
S011,K006V1,35,24,36
S011,K006V2,35,24,36
S011,R001V1,35,12,36
S011,R002V2,35,6,36
S011,R005V2,35,12,36
S011,R006V3,35,6,36
S011,R009V1,35,12,36
S011,R009V3,35,12,36
S011,Y002V2,35,24,36
S011,B005,36,12,37
S011,B006,36,24,37
S011,S004,36,12,37
S011,S005,36,12,37
S011,S007,36,12,37
S011,S008,36,6,37
S011,S010,36,6,37
S011,K005,36,6,37
S011,K009,36,6,37
S011,R005,36,12,37
S011,R009,36,12,37
S011,Y004,36,6,37
S011,B001V3,36,24,37
S011,B002V1,36,24,37
S011,B004V1,36,12,37
S011,B005V2,36,12,37
S011,B006V1,36,24,37
S011,B007V1,36,24,37
S011,B010V1,36,6,37
S011,S002V1,36,24,37
S011,S004V2,36,12,37
S011,S006V1,36,6,37
S011,S008V2,36,6,37
S011,S009V1,36,6,37
S011,K001V1,36,12,37
S011,K004V2,36,6,37
S011,K005V1,36,6,37
S011,K005V3,36,6,37
S011,K006V1,36,24,37
S011,K007V2,36,12,37
S011,R001V1,36,12,37
S011,R002V2,36,6,37
S011,R004V1,36,12,37
S011,R004V2,36,12,37
S011,R004V3,36,12,37
S011,R005V2,36,12,37
S011,B003,37,24,38
S011,B005,37,12,38
S011,S002,37,24,38
S011,S003,37,24,38
S011,S004,37,12,38
S011,K005,37,6,38
S011,K009,37,6,38
S011,R005,37,12,38
S011,A004,37,6,38
S011,B004V1,37,12,38
S011,B004V3,37,12,38
S011,B006V2,37,24,38
S011,B008V1,37,24,38
S011,S003V2,37,24,38
S011,S004V1,37,12,38
S011,S006V2,37,6,38
S011,S007V3,37,12,38
S011,S008V3,37,6,38
S011,S009V1,37,6,38
S011,S010V3,37,6,38
S011,K002V3,37,24,38
S011,K007V2,37,12,38
S011,R004V1,37,12,38
S011,R004V2,37,12,38
S011,R004V3,37,12,38
S011,R008V3,37,24,38
S011,Y001V2,37,24,38
S011,Y002V3,37,24,38
S011,B002,38,24,39
S011,B009,38,6,39
S011,S004,38,12,39
S011,S010,38,6,39
S011,K003,38,6,39
S011,K005,38,6,39
S011,R006,38,6,39
S011,Y002,38,24,39
S011,A001,38,6,39
S011,A002,38,24,39
S011,B001V3,38,24,39
S011,B006V1,38,24,39
S011,B007V2,38,24,39
S011,B009V3,38,6,39
S011,B010V3,38,6,39
S011,S003V1,38,24,39
S011,S003V2,38,24,39
S011,S004V3,38,12,39
S011,S008V2,38,6,39
S011,S009V1,38,6,39
S011,K001V1,38,12,39
S011,K002V3,38,24,39
S011,K003V3,38,6,39
S011,K005V3,38,6,39
S011,K007V1,38,12,39
S011,R001V1,38,12,39
S011,R002V1,38,6,39
S011,R002V2,38,6,39
S011,R003V1,38,24,39
S011,R003V2,38,24,39
S011,R005V1,38,12,39
S011,R006V3,38,6,39
S011,R008V1,38,24,39
S011,R009V1,38,12,39
S011,B001,39,24,40
S011,B002,39,24,40
S011,B005,39,12,40
S011,B006,39,24,40
S011,S001,39,24,40
S011,S002,39,24,40
S011,S003,39,24,40
S011,S004,39,12,40
S011,S007,39,12,40
S011,K002,39,24,40
S011,K003,39,6,40
S011,K005,39,6,40
S011,K006,39,24,40
S011,R008,39,24,40
S011,R009,39,12,40
S011,A007,39,6,40
S011,B002V1,39,24,40
S011,B005V2,39,12,40
S011,B006V2,39,24,40
S011,B007V2,39,24,40
S011,B009V3,39,6,40
S011,B010V1,39,6,40
S011,S002V2,39,24,40
S011,S003V2,39,24,40
S011,S006V2,39,6,40
S011,S008V1,39,6,40
S011,S009V1,39,6,40
S011,K001V1,39,12,40
S011,K002V3,39,24,40
S011,K003V2,39,6,40
S011,K007V2,39,12,40
S011,R003V1,39,24,40
S011,R003V2,39,24,40
S011,R004V1,39,12,40
S011,R006V3,39,6,40
S011,Y002V3,39,24,40
S011,B005,40,12,41
S011,S001,40,24,41
S011,S007,40,12,41
S011,K003,40,6,41
S011,K006,40,24,41
S011,R008,40,24,41
S011,A003,40,24,41
S011,B002V1,40,24,41
S011,B004V1,40,12,41
S011,S003V2,40,24,41
S011,S004V1,40,12,41
S011,S004V3,40,12,41
S011,S006V2,40,6,41
S011,S007V3,40,12,41
S011,S009V1,40,6,41
S011,K001V1,40,12,41
S011,K002V3,40,24,41
S011,K006V1,40,24,41
S011,K007V1,40,12,41
S011,K007V2,40,12,41
S011,R001V1,40,12,41
S011,R002V1,40,6,41
S011,R002V2,40,6,41
S011,R004V1,40,12,41
S011,R009V3,40,12,41
S011,Y002V3,40,24,41
S011,B003,41,24,42
S011,B006,41,24,42
S011,B009,41,6,42
S011,S004,41,12,42
S011,S007,41,12,42
S011,K003,41,6,42
S011,K005,41,6,42
S011,K007,41,12,42
S011,Y004,41,6,42
S011,A004,41,6,42
S011,B002V1,41,24,42
S011,B005V2,41,12,42
S011,B007V1,41,24,42
S011,B008V1,41,24,42
S011,B009V3,41,6,42
S011,B010V3,41,6,42
S011,S003V1,41,24,42
S011,S004V2,41,12,42
S011,K001V1,41,12,42
S011,K007V1,41,12,42
S011,K007V3,41,12,42
S011,K009V3,41,6,42
S011,R001V1,41,12,42
S011,R002V3,41,6,42
S011,R004V1,41,12,42
S011,R006V3,41,6,42
S011,R008V1,41,24,42
S011,B003,42,24,43
S011,S003,42,24,43
S011,S006,42,6,43
S011,S010,42,6,43
S011,K002,42,24,43
S011,R009,42,12,43
S011,Y003,42,6,43
S011,A006,42,6,43
S011,B004V2,42,12,43
S011,B008V3,42,24,43
S011,B009V3,42,6,43
S011,S002V1,42,24,43
S011,S002V2,42,24,43
S011,S003V1,42,24,43
S011,S003V2,42,24,43
S011,S004V1,42,12,43
S011,S006V2,42,6,43
S011,S007V2,42,12,43
S011,S008V1,42,6,43
S011,S010V3,42,6,43
S011,K001V1,42,12,43
S011,K005V3,42,6,43
S011,K007V2,42,12,43
S011,K009V3,42,6,43
S011,R001V1,42,12,43
S011,R002V1,42,6,43
S011,R003V1,42,24,43
S011,R004V2,42,12,43
S011,R004V3,42,12,43
S011,R006V1,42,6,43
S011,R007V1,42,6,43
S011,Y002V2,42,24,43
S011,B001,43,24,44
S011,B006,43,24,44
S011,B009,43,6,44
S011,S001,43,24,44
S011,S004,43,12,44
S011,S010,43,6,44
S011,K001,43,12,44
S011,K005,43,6,44
S011,R001,43,12,44
S011,A002,43,24,44
S011,A003,43,24,44
S011,B001V3,43,24,44
S011,B004V1,43,12,44
S011,B007V1,43,24,44
S011,B009V3,43,6,44
S011,B010V3,43,6,44
S011,S006V3,43,6,44
S011,S010V3,43,6,44
S011,K001V1,43,12,44
S011,K003V1,43,6,44
S011,K004V2,43,6,44
S011,K007V2,43,12,44
S011,R001V1,43,12,44
S011,R002V1,43,6,44
S011,R002V2,43,6,44
S011,R002V3,43,6,44
S011,R003V1,43,24,44
S011,R003V2,43,24,44
S011,R004V2,43,12,44
S011,R004V3,43,12,44
S011,R009V2,43,12,44
S011,Y002V3,43,24,44
S011,B002,44,24,45
S011,B003,44,24,45
S011,B006,44,24,45
S011,S001,44,24,45
S011,S002,44,24,45
S011,S005,44,12,45
S011,S010,44,6,45
S011,K003,44,6,45
S011,K007,44,12,45
S011,R001,44,12,45
S011,R002,44,6,45
S011,R005,44,12,45
S011,R010,44,24,45
S011,Y001,44,24,45
S011,A004,44,6,45
S011,B002V1,44,24,45
S011,B003V3,44,24,45
S011,B007V2,44,24,45
S011,B008V2,44,24,45
S011,B009V3,44,6,45
S011,B010V1,44,6,45
S011,S002V2,44,24,45
S011,S003V2,44,24,45
S011,S004V2,44,12,45
S011,S004V3,44,12,45
S011,S006V3,44,6,45
S011,K001V1,44,12,45
S011,K008V3,44,6,45
S011,R001V1,44,12,45
S011,R002V2,44,6,45
S011,R006V3,44,6,45
S011,R008V1,44,24,45
S011,R008V3,44,24,45
S011,R010V1,44,24,45
S011,B006,45,24,46
S011,S004,45,12,46
S011,S007,45,12,46
S011,S010,45,6,46
S011,K005,45,6,46
S011,K006,45,24,46
S011,K007,45,12,46
S011,R001,45,12,46
S011,R009,45,12,46
S011,Y004,45,6,46
S011,A002,45,24,46
S011,B003V3,45,24,46
S011,B004V2,45,12,46
S011,B006V1,45,24,46
S011,B008V1,45,24,46
S011,B009V3,45,6,46
S011,B010V1,45,6,46
S011,B010V3,45,6,46
S011,S002V1,45,24,46
S011,S008V3,45,6,46
S011,S009V1,45,6,46
S011,S010V3,45,6,46
S011,K001V1,45,12,46
S011,K002V3,45,24,46
S011,K008V1,45,6,46
S011,R001V1,45,12,46
S011,R002V1,45,6,46
S011,R003V1,45,24,46
S011,R004V1,45,12,46
S011,R004V2,45,12,46
S011,R005V2,45,12,46
S011,R006V3,45,6,46
S011,R009V3,45,12,46
S011,B001,46,24,47
S011,B003,46,24,47
S011,S001,46,24,47
S011,S005,46,12,47
S011,K007,46,12,47
S011,K009,46,6,47
S011,R008,46,24,47
S011,Y005,46,12,47
S011,A006,46,6,47
S011,B005V1,46,12,47
S011,B005V2,46,12,47
S011,B008V1,46,24,47
S011,B008V2,46,24,47
S011,B010V3,46,6,47
S011,S003V2,46,24,47
S011,S004V1,46,12,47
S011,S004V2,46,12,47
S011,S006V2,46,6,47
S011,S006V3,46,6,47
S011,S007V2,46,12,47
S011,S009V1,46,6,47
S011,K001V1,46,12,47
S011,K002V3,46,24,47
S011,K005V3,46,6,47
S011,K006V1,46,24,47
S011,K007V2,46,12,47
S011,K008V3,46,6,47
S011,R002V2,46,6,47
S011,R002V3,46,6,47
S011,R006V1,46,6,47
S011,R007V2,46,6,47
S011,R008V3,46,24,47
S011,Y002V3,46,24,47
S011,B001,47,24,48
S011,S001,47,24,48
S011,S002,47,24,48
S011,S004,47,12,48
S011,S007,47,12,48
S011,K005,47,6,48
S011,R009,47,12,48
S011,R010,47,24,48
S011,A004,47,6,48
S011,B003V3,47,24,48
S011,B004V2,47,12,48
S011,B005V2,47,12,48
S011,B006V1,47,24,48
S011,B007V2,47,24,48
S011,B008V2,47,24,48
S011,B009V1,47,6,48
S011,B009V3,47,6,48
S011,S003V1,47,24,48
S011,S004V1,47,12,48
S011,S004V3,47,12,48
S011,S006V1,47,6,48
S011,S006V2,47,6,48
S011,S010V3,47,6,48
S011,K001V1,47,12,48
S011,K002V2,47,24,48
S011,K003V2,47,6,48
S011,R001V1,47,12,48
S011,R002V1,47,6,48
S011,R002V3,47,6,48
S011,R004V1,47,12,48
S011,R004V3,47,12,48
S011,R006V3,47,6,48
S011,R009V3,47,12,48
S011,R010V3,47,24,48
S011,B009,48,6,49
S011,S010,48,6,49
S011,K002,48,24,49
S011,K003,48,6,49
S011,K005,48,6,49
S011,R006,48,6,49
S011,R008,48,24,49
S011,A002,48,24,49
S011,B001V3,48,24,49
S011,B002V1,48,24,49
S011,B006V1,48,24,49
S011,B009V3,48,6,49
S011,S007V2,48,12,49
S011,K001V1,48,12,49
S011,K003V1,48,6,49
S011,K009V2,48,6,49
S011,K010V1,48,6,49
S011,R001V1,48,12,49
S011,R002V1,48,6,49
S011,R002V2,48,6,49
S011,R003V1,48,24,49
S011,R003V2,48,24,49
S011,R005V1,48,12,49
S011,R006V3,48,6,49
S011,R007V1,48,6,49
S011,R008V1,48,24,49
S011,R008V3,48,24,49
S011,R009V3,48,12,49
S011,Y001V1,48,24,49
S011,Y002V3,48,24,49
S011,K001,49,12,50
S011,K005,49,6,50
S011,R002,49,6,50
S011,A001,49,6,50
S011,A007,49,6,50
S011,B003V3,49,24,50
S011,B007V1,49,24,50
S011,B007V2,49,24,50
S011,B009V3,49,6,50
S011,B010V3,49,6,50
S011,S002V1,49,24,50
S011,S004V1,49,12,50
S011,S004V3,49,12,50
S011,S006V3,49,6,50
S011,S007V3,49,12,50
S011,S010V3,49,6,50
S011,K001V1,49,12,50
S011,R001V1,49,12,50
S011,R005V1,49,12,50
S011,R007V1,49,6,50
S011,R007V2,49,6,50
S011,Y001V1,49,24,50
S011,B002,50,24,51
S011,B003,50,24,51
S011,B005,50,12,51
S011,S002,50,24,51
S011,S003,50,24,51
S011,S006,50,6,51
S011,S010,50,6,51
S011,K001,50,12,51
S011,K003,50,6,51
S011,K005,50,6,51
S011,K006,50,24,51
S011,K009,50,6,51
S011,R001,50,12,51
S011,R002,50,6,51
S011,R008,50,24,51
S011,Y004,50,6,51
S011,B001V3,50,24,51
S011,B002V1,50,24,51
S011,B006V1,50,24,51
S011,B007V1,50,24,51
S011,B007V2,50,24,51
S011,B009V3,50,6,51
S011,S003V1,50,24,51
S011,S004V2,50,12,51
S011,S006V3,50,6,51
S011,K003V2,50,6,51
S011,K007V3,50,12,51
S011,K008V2,50,6,51
S011,K010V1,50,6,51
S011,R001V1,50,12,51
S011,R003V1,50,24,51
S011,R004V3,50,12,51
S011,R005V1,50,12,51
S011,R006V3,50,6,51
S011,R009V2,50,12,51
S011,Y001V2,50,24,51
S011,Y002V3,50,24,51
S011,B003,51,24,52
S011,S001,51,24,52
S011,S003,51,24,52
S011,S004,51,12,52
S011,S005,51,12,52
S011,K002,51,24,52
S011,K003,51,6,52
S011,K005,51,6,52
S011,K009,51,6,52
S011,R001,51,12,52
S011,R005,51,12,52
S011,R008,51,24,52
S011,Y003,51,6,52
S011,A001,51,6,52
S011,A002,51,24,52
S011,B001V3,51,24,52
S011,B008V1,51,24,52
S011,B009V3,51,6,52
S011,S002V2,51,24,52
S011,S004V2,51,12,52
S011,S006V2,51,6,52
S011,S006V3,51,6,52
S011,S007V3,51,12,52
S011,K003V1,51,6,52
S011,K003V3,51,6,52
S011,K005V3,51,6,52
S011,K006V1,51,24,52
S011,K008V1,51,6,52
S011,R001V1,51,12,52
S011,R002V1,51,6,52
S011,R004V3,51,12,52
S011,R008V1,51,24,52
S011,R009V3,51,12,52
S011,R010V1,51,24,52
S012,B002,1,24,2
S012,S001,1,24,2
S012,S003,1,24,2
S012,S004,1,12,2
S012,S007,1,12,2
S012,S009,1,6,2
S012,K001,1,12,2
S012,K004,1,6,2
S012,K005,1,24,2
S012,K009,1,6,2
S012,R001,1,12,2
S012,Y001,1,24,2
S012,Y003,1,6,2
S012,Y004,1,6,2
S012,B004V2,1,12,2
S012,B005V2,1,12,2
S012,B005V3,1,12,2
S012,B009V3,1,24,2
S012,B010V2,1,6,2
S012,B010V3,1,6,2
S012,S001V1,1,24,2
S012,S001V2,1,24,2
S012,S004V3,1,12,2
S012,S005V1,1,24,2
S012,S006V1,1,6,2
S012,S007V2,1,12,2
S012,S009V1,1,6,2
S012,S009V2,1,6,2
S012,S010V3,1,6,2
S012,K001V1,1,36,2
S012,K004V3,1,18,2
S012,K008V1,1,6,2
S012,K008V2,1,6,2
S012,K009V2,1,12,2
S012,K010V1,1,6,2
S012,R001V1,1,12,2
S012,R002V3,1,6,2
S012,R003V1,1,24,2
S012,R003V2,1,24,2
S012,R008V1,1,24,2
S012,R009V3,1,12,2
S012,Y002V3,1,24,2
S012,B002,2,24,3
S012,B004,2,12,3
S012,B007,2,24,3
S012,S003,2,24,3
S012,S007,2,12,3
S012,S010,2,6,3
S012,K004,2,12,3
S012,K005,2,36,3
S012,K006,2,24,3
S012,R004,2,12,3
S012,R009,2,12,3
S012,B002V1,2,24,3
S012,B003V1,2,24,3
S012,B008V1,2,24,3
S012,B009V2,2,6,3
S012,B009V3,2,18,3
S012,B010V3,2,6,3
S012,S001V3,2,24,3
S012,S003V1,2,24,3
S012,S004V1,2,12,3
S012,S005V1,2,24,3
S012,S008V1,2,6,3
S012,S008V2,2,6,3
S012,S009V2,2,6,3
S012,K001V1,2,48,3
S012,K004V3,2,30,3
S012,K006V1,2,24,3
S012,K006V3,2,24,3
S012,K008V2,2,6,3
S012,K009V1,2,6,3
S012,K009V2,2,12,3
S012,K009V3,2,6,3
S012,R001V1,2,24,3
S012,R002V1,2,6,3
S012,R002V3,2,6,3
S012,R003V3,2,24,3
S012,R004V1,2,12,3
S012,R004V2,2,12,3
S012,R005V1,2,12,3
S012,R005V2,2,12,3
S012,R007V1,2,6,3
S012,R008V1,2,24,3
S012,R009V3,2,12,3
S012,B005,3,12,4
S012,S001,3,24,4
S012,K004,3,12,4
S012,K005,3,30,4
S012,K009,3,6,4
S012,R001,3,12,4
S012,R002,3,6,4
S012,R007,3,6,4
S012,Y001,3,24,4
S012,A007,3,6,4
S012,B002V1,3,24,4
S012,B007V1,3,24,4
S012,B009V2,3,6,4
S012,B009V3,3,36,4
S012,B010V1,3,6,4
S012,B010V2,3,6,4
S012,B010V3,3,6,4
S012,S001V3,3,24,4
S012,S003V1,3,24,4
S012,S004V3,3,12,4
S012,S005V1,3,24,4
S012,S008V2,3,6,4
S012,S009V1,3,6,4
S012,K001V1,3,48,4
S012,K003V3,3,6,4
S012,K004V3,3,30,4
S012,K009V2,3,12,4
S012,R001V1,3,12,4
S012,R001V2,3,12,4
S012,R002V1,3,6,4
S012,R002V3,3,6,4
S012,R003V2,3,24,4
S012,R004V1,3,12,4
S012,R004V2,3,12,4
S012,R004V3,3,12,4
S012,R006V3,3,6,4
S012,R007V3,3,6,4
S012,R008V1,3,24,4
S012,R009V2,3,12,4
S012,R009V3,3,12,4
S012,R010V1,3,24,4
S012,B003,4,24,5
S012,B007,4,24,5
S012,S001,4,24,5
S012,K004,4,12,5
S012,K005,4,6,5
S012,K009,4,6,5
S012,R001,4,12,5
S012,R002,4,6,5
S012,R003,4,24,5
S012,Y003,4,6,5
S012,Y004,4,6,5
S012,Y006,4,6,5
S012,A002,4,24,5
S012,B002V1,4,24,5
S012,B004V3,4,12,5
S012,B005V2,4,12,5
S012,B009V3,4,60,5
S012,B010V3,4,6,5
S012,S001V1,4,24,5
S012,S001V3,4,24,5
S012,S005V1,4,24,5
S012,S008V2,4,6,5
S012,S009V1,4,6,5
S012,S010V3,4,6,5
S012,K001V1,4,72,5
S012,K004V3,4,30,5
S012,K005V3,4,6,5
S012,K009V1,4,6,5
S012,K009V2,4,12,5
S012,R001V1,4,12,5
S012,R003V2,4,24,5
S012,R003V3,4,24,5
S012,R005V2,4,12,5
S012,R005V3,4,12,5
S012,R007V1,4,6,5
S012,R008V3,4,24,5
S012,R009V3,4,12,5
S012,B004,5,12,6
S012,S007,5,12,6
S012,K001,5,12,6
S012,K002,5,24,6
S012,K003,5,6,6
S012,K004,5,12,6
S012,K005,5,6,6
S012,K006,5,24,6
S012,R009,5,12,6
S012,Y003,5,6,6
S012,Y004,5,6,6
S012,A003,5,24,6
S012,B002V1,5,24,6
S012,B003V1,5,24,6
S012,B003V3,5,24,6
S012,B007V3,5,24,6
S012,B009V3,5,30,6
S012,S001V3,5,24,6
S012,S005V1,5,12,6
S012,S009V2,5,6,6
S012,S010V3,5,6,6
S012,K001V1,5,48,6
S012,K004V3,5,18,6
S012,K008V2,5,6,6
S012,K009V1,5,6,6
S012,K009V2,5,6,6
S012,R001V1,5,12,6
S012,R002V3,5,6,6
S012,R003V1,5,24,6
S012,R004V1,5,12,6
S012,R004V2,5,12,6
S012,R004V3,5,12,6
S012,R005V1,5,12,6
S012,Y001V2,5,24,6
S012,Y002V3,5,24,6
S012,S001,6,24,7
S012,S003,6,24,7
S012,S010,6,6,7
S012,K004,6,12,7
S012,K009,6,6,7
S012,K010,6,6,7
S012,R003,6,24,7
S012,R010,6,24,7
S012,Y002,6,24,7
S012,Y005,6,12,7
S012,A002,6,24,7
S012,A007,6,6,7
S012,B005V3,6,12,7
S012,B006V3,6,24,7
S012,B007V1,6,24,7
S012,B009V3,6,24,7
S012,B010V2,6,6,7
S012,S001V3,6,24,7
S012,S003V1,6,24,7
S012,S005V1,6,24,7
S012,K001V1,6,48,7
S012,K001V3,6,12,7
S012,K004V3,6,18,7
S012,K006V1,6,24,7
S012,K006V3,6,24,7
S012,K008V2,6,6,7
S012,K009V2,6,12,7
S012,R001V1,6,12,7
S012,R001V2,6,12,7
S012,R002V1,6,6,7
S012,R003V1,6,24,7
S012,R003V2,6,24,7
S012,R004V1,6,12,7
S012,R006V3,6,6,7
S012,R008V1,6,24,7
S012,R009V1,6,12,7
S012,Y001V3,6,24,7
S012,Y002V1,6,24,7
S012,B002,7,24,8
S012,B003,7,24,8
S012,S004,7,12,8
S012,S010,7,6,8
S012,K002,7,24,8
S012,K004,7,6,8
S012,K005,7,6,8
S012,K010,7,6,8
S012,R001,7,12,8
S012,R002,7,6,8
S012,Y002,7,24,8
S012,Y004,7,6,8
S012,A001,7,6,8
S012,A003,7,24,8
S012,B003V1,7,24,8
S012,B009V3,7,42,8
S012,S001V3,7,24,8
S012,S004V3,7,12,8
S012,S007V3,7,12,8
S012,S010V3,7,6,8
S012,K001V1,7,48,8
S012,K003V1,7,6,8
S012,K004V3,7,18,8
S012,K009V1,7,6,8
S012,K009V2,7,12,8
S012,R002V1,7,6,8
S012,R002V3,7,6,8
S012,R003V2,7,24,8
S012,R003V3,7,24,8
S012,R004V1,7,12,8
S012,R007V3,7,6,8
S012,R009V2,7,12,8
S012,R010V3,7,24,8
S012,Y002V3,7,24,8
S012,B007,8,24,9
S012,S010,8,6,9
S012,K004,8,12,9
S012,K006,8,24,9
S012,K009,8,6,9
S012,R001,8,12,9
S012,R010,8,24,9
S012,Y001,8,24,9
S012,B001V1,8,24,9
S012,B002V1,8,24,9
S012,B003V3,8,24,9
S012,B005V3,8,12,9
S012,B009V2,8,6,9
S012,B009V3,8,36,9
S012,S001V2,8,24,9
S012,S001V3,8,24,9
S012,S003V1,8,24,9
S012,S004V1,8,12,9
S012,S008V2,8,6,9
S012,K001V1,8,48,9
S012,K003V1,8,6,9
S012,K004V1,8,6,9
S012,K004V3,8,18,9
S012,K009V1,8,6,9
S012,K009V2,8,6,9
S012,R001V1,8,12,9
S012,R001V2,8,12,9
S012,R003V3,8,24,9
S012,Y002V3,8,24,9
S012,B003,9,24,10
S012,B004,9,12,10
S012,B008,9,24,10
S012,S003,9,24,10
S012,S010,9,6,10
S012,K004,9,12,10
S012,K005,9,6,10
S012,K006,9,24,10
S012,K010,9,6,10
S012,Y001,9,24,10
S012,A008,9,12,10
S012,B003V3,9,24,10
S012,B008V1,9,24,10
S012,B009V2,9,6,10
S012,B009V3,9,6,10
S012,S001V3,9,24,10
S012,S004V1,9,12,10
S012,S004V3,9,12,10
S012,S005V1,9,12,10
S012,S008V1,9,6,10
S012,S008V2,9,6,10
S012,K001V1,9,60,10
S012,K003V3,9,6,10
S012,K004V3,9,12,10
S012,K008V2,9,6,10
S012,K009V1,9,6,10
S012,K009V2,9,6,10
S012,R002V1,9,6,10
S012,R003V3,9,24,10
S012,R004V2,9,12,10
S012,R004V3,9,12,10
S012,R005V1,9,12,10
S012,R005V3,9,12,10
S012,R006V1,9,6,10
S012,R006V3,9,6,10
S012,R008V1,9,24,10
S012,Y002V3,9,24,10
S012,B001,10,24,11
S012,B002,10,24,11
S012,S001,10,24,11
S012,S003,10,24,11
S012,S007,10,12,11
S012,K001,10,12,11
S012,K004,10,12,11
S012,K010,10,6,11
S012,R001,10,12,11
S012,R002,10,6,11
S012,R003,10,24,11
S012,R009,10,12,11
S012,A001,10,6,11
S012,A002,10,24,11
S012,B003V3,10,24,11
S012,B004V1,10,12,11
S012,B005V2,10,12,11
S012,B005V3,10,12,11
S012,B006V3,10,24,11
S012,B009V3,10,6,11
S012,B010V3,10,6,11
S012,S001V1,10,24,11
S012,S001V2,10,24,11
S012,S001V3,10,24,11
S012,S003V1,10,24,11
S012,S005V1,10,12,11
S012,S007V2,10,12,11
S012,K001V1,10,24,11
S012,K002V2,10,24,11
S012,K004V3,10,12,11
S012,K006V3,10,24,11
S012,K007V1,10,12,11
S012,K008V2,10,6,11
S012,K009V1,10,6,11
S012,K009V2,10,12,11
S012,K010V2,10,6,11
S012,R002V1,10,6,11
S012,R003V1,10,24,11
S012,R006V2,10,6,11
S012,R006V3,10,6,11
S012,Y002V3,10,24,11
S012,B003,11,24,12
S012,S001,11,24,12
S012,S003,11,24,12
S012,S004,11,12,12
S012,S007,11,12,12
S012,K004,11,6,12
S012,K005,11,6,12
S012,K006,11,24,12
S012,K010,11,6,12
S012,R009,11,12,12
S012,R010,11,24,12
S012,B003V3,11,24,12
S012,B004V2,11,12,12
S012,B006V3,11,24,12
S012,B008V1,11,24,12
S012,S001V1,11,24,12
S012,S003V1,11,24,12
S012,S004V2,11,12,12
S012,S007V2,11,12,12
S012,S008V2,11,6,12
S012,K001V1,11,48,12
S012,K004V3,11,12,12
S012,K008V2,11,6,12
S012,K009V1,11,6,12
S012,R001V1,11,12,12
S012,R003V1,11,24,12
S012,R003V2,11,24,12
S012,R003V3,11,24,12
S012,R009V2,11,12,12
S012,R009V3,11,12,12
S012,Y001V2,11,24,12
S012,B001,12,24,13
S012,S001,12,24,13
S012,S004,12,12,13
S012,S007,12,12,13
S012,S010,12,6,13
S012,K004,12,6,13
S012,K005,12,6,13
S012,K009,12,6,13
S012,R002,12,6,13
S012,R009,12,12,13
S012,R010,12,24,13
S012,A006,12,6,13
S012,B004V3,12,12,13
S012,B007V1,12,24,13
S012,B008V1,12,24,13
S012,B009V3,12,6,13
S012,S005V1,12,12,13
S012,S007V3,12,12,13
S012,S009V1,12,6,13
S012,S010V3,12,6,13
S012,K001V1,12,36,13
S012,K003V1,12,6,13
S012,K004V3,12,12,13
S012,R001V1,12,12,13
S012,R002V1,12,6,13
S012,R003V1,12,24,13
S012,R003V3,12,24,13
S012,R004V3,12,12,13
S012,R005V1,12,12,13
S012,R005V3,12,12,13
S012,R007V1,12,6,13
S012,Y001V2,12,24,13
S012,B004,13,12,14
S012,S003,13,24,14
S012,S006,13,6,14
S012,S010,13,6,14
S012,K001,13,12,14
S012,K004,13,6,14
S012,K005,13,6,14
S012,K009,13,6,14
S012,R001,13,12,14
S012,R002,13,6,14
S012,R003,13,24,14
S012,R009,13,12,14
S012,Y003,13,6,14
S012,A001,13,6,14
S012,B002V1,13,24,14
S012,B004V2,13,12,14
S012,B005V2,13,12,14
S012,B005V3,13,12,14
S012,B006V1,13,24,14
S012,B007V1,13,24,14
S012,B008V1,13,24,14
S012,B009V3,13,6,14
S012,S001V3,13,24,14
S012,S004V2,13,12,14
S012,S004V3,13,12,14
S012,S006V3,13,6,14
S012,S007V3,13,12,14
S012,S008V1,13,6,14
S012,S008V2,13,6,14
S012,S009V1,13,6,14
S012,S010V3,13,6,14
S012,K001V1,13,36,14
S012,K002V2,13,24,14
S012,K004V3,13,12,14
S012,R001V1,13,12,14
S012,R003V3,13,24,14
S012,R004V1,13,12,14
S012,R004V3,13,12,14
S012,R007V3,13,6,14
S012,B002,14,24,15
S012,S001,14,24,15
S012,S003,14,24,15
S012,S004,14,12,15
S012,S010,14,6,15
S012,K001,14,12,15
S012,K002,14,24,15
S012,K003,14,6,15
S012,K004,14,12,15
S012,K005,14,6,15
S012,K009,14,6,15
S012,R002,14,6,15
S012,R003,14,24,15
S012,R004,14,12,15
S012,R009,14,12,15
S012,B003V3,14,24,15
S012,B004V1,14,12,15
S012,B005V2,14,12,15
S012,B005V3,14,12,15
S012,B008V1,14,24,15
S012,B009V3,14,6,15
S012,B010V3,14,6,15
S012,S003V1,14,24,15
S012,S004V1,14,12,15
S012,S004V3,14,12,15
S012,S005V1,14,12,15
S012,K001V1,14,48,15
S012,K001V3,14,12,15
S012,K004V1,14,6,15
S012,K004V3,14,12,15
S012,K006V3,14,24,15
S012,K008V2,14,6,15
S012,K009V3,14,6,15
S012,R001V1,14,12,15
S012,R002V1,14,6,15
S012,R002V3,14,6,15
S012,R003V1,14,24,15
S012,R003V2,14,24,15
S012,R004V2,14,12,15
S012,R005V1,14,12,15
S012,R005V3,14,12,15
S012,R006V3,14,6,15
S012,R007V1,14,6,15
S012,R008V3,14,24,15
S012,B007,15,24,16
S012,S006,15,6,16
S012,S010,15,6,16
S012,K002,15,24,16
S012,K004,15,12,16
S012,K010,15,6,16
S012,Y001,15,24,16
S012,A001,15,6,16
S012,A002,15,24,16
S012,B004V1,15,12,16
S012,B004V2,15,12,16
S012,B005V3,15,12,16
S012,B006V1,15,24,16
S012,B007V1,15,24,16
S012,B008V1,15,24,16
S012,B008V2,15,24,16
S012,B009V2,15,6,16
S012,B009V3,15,6,16
S012,S005V1,15,12,16
S012,S006V3,15,6,16
S012,S010V3,15,6,16
S012,K001V1,15,48,16
S012,K004V3,15,12,16
S012,K006V1,15,24,16
S012,K006V3,15,24,16
S012,K007V1,15,12,16
S012,K008V2,15,6,16
S012,R001V1,15,12,16
S012,R001V2,15,12,16
S012,R004V1,15,12,16
S012,R005V2,15,12,16
S012,R007V2,15,6,16
S012,R008V3,15,24,16
S012,Y002V3,15,24,16
S012,B002,16,24,17
S012,B004,16,12,17
S012,B007,16,24,17
S012,S001,16,24,17
S012,S003,16,24,17
S012,S004,16,12,17
S012,S010,16,6,17
S012,K002,16,24,17
S012,K004,16,12,17
S012,K005,16,6,17
S012,K009,16,6,17
S012,K010,16,6,17
S012,R001,16,12,17
S012,R009,16,12,17
S012,Y004,16,6,17
S012,B009V2,16,6,17
S012,B009V3,16,6,17
S012,S004V1,16,12,17
S012,S005V1,16,12,17
S012,S010V3,16,6,17
S012,K001V1,16,36,17
S012,K004V3,16,12,17
S012,K006V3,16,24,17
S012,R001V1,16,12,17
S012,R002V1,16,6,17
S012,R004V1,16,12,17
S012,R005V2,16,12,17
S012,R009V3,16,12,17
S012,B004,17,12,18
S012,S007,17,12,18
S012,S010,17,6,18
S012,K001,17,12,18
S012,K004,17,12,18
S012,K005,17,6,18
S012,K006,17,24,18
S012,R002,17,6,18
S012,R003,17,24,18
S012,R006,17,6,18
S012,Y004,17,6,18
S012,A001,17,6,18
S012,B002V1,17,24,18
S012,B003V3,17,24,18
S012,B005V3,17,12,18
S012,B008V1,17,24,18
S012,B009V3,17,6,18
S012,S001V1,17,24,18
S012,S001V2,17,24,18
S012,S004V1,17,12,18
S012,S005V1,17,12,18
S012,S007V2,17,12,18
S012,S007V3,17,12,18
S012,S010V3,17,6,18
S012,K001V1,17,60,18
S012,K003V3,17,6,18
S012,K007V1,17,12,18
S012,R001V2,17,12,18
S012,R003V3,17,24,18
S012,R005V3,17,12,18
S012,R006V3,17,6,18
S012,R007V1,17,6,18
S012,R007V2,17,6,18
S012,R007V3,17,6,18
S012,R008V3,17,24,18
S012,B002,18,24,19
S012,B008,18,24,19
S012,S001,18,24,19
S012,S003,18,24,19
S012,S009,18,6,19
S012,K002,18,24,19
S012,K003,18,6,19
S012,K004,18,12,19
S012,K005,18,6,19
S012,K006,18,24,19
S012,R004,18,12,19
S012,R009,18,12,19
S012,R010,18,24,19
S012,A002,18,24,19
S012,B004V2,18,12,19
S012,B006V1,18,24,19
S012,B009V3,18,6,19
S012,B010V2,18,6,19
S012,B010V3,18,6,19
S012,S001V1,18,24,19
S012,S001V2,18,24,19
S012,S001V3,18,24,19
S012,S004V3,18,12,19
S012,S005V1,18,12,19
S012,S008V1,18,6,19
S012,S010V3,18,6,19
S012,K001V1,18,36,19
S012,K004V3,18,6,19
S012,K006V1,18,24,19
S012,K006V3,18,24,19
S012,K010V1,18,6,19
S012,R002V3,18,6,19
S012,R005V1,18,12,19
S012,R007V1,18,6,19
S012,R007V3,18,6,19
S012,R009V3,18,12,19
S012,B003,19,24,20
S012,B004,19,12,20
S012,B007,19,24,20
S012,S007,19,12,20
S012,K003,19,6,20
S012,K004,19,12,20
S012,K005,19,6,20
S012,R004,19,12,20
S012,R010,19,24,20
S012,Y001,19,24,20
S012,A002,19,24,20
S012,A005,19,6,20
S012,B005V2,19,12,20
S012,B007V1,19,24,20
S012,B009V3,19,6,20
S012,S001V1,19,24,20
S012,S001V2,19,24,20
S012,S002V2,19,24,20
S012,S002V3,19,24,20
S012,S003V1,19,24,20
S012,S004V1,19,12,20
S012,S004V3,19,12,20
S012,S005V1,19,12,20
S012,S009V1,19,6,20
S012,K001V1,19,48,20
S012,K002V2,19,24,20
S012,K003V1,19,6,20
S012,K003V2,19,6,20
S012,K003V3,19,6,20
S012,K004V3,19,6,20
S012,K006V3,19,24,20
S012,K007V1,19,12,20
S012,K007V2,19,12,20
S012,R002V3,19,6,20
S012,R003V2,19,24,20
S012,R003V3,19,24,20
S012,R004V1,19,12,20
S012,R004V3,19,12,20
S012,R005V1,19,12,20
S012,R005V2,19,12,20
S012,R007V3,19,6,20
S012,R009V1,19,12,20
S012,R009V3,19,12,20
S012,R010V1,19,24,20
S012,R010V3,19,24,20
S012,B003,20,24,21
S012,B007,20,24,21
S012,S010,20,6,21
S012,K004,20,6,21
S012,K005,20,6,21
S012,K009,20,6,21
S012,R003,20,24,21
S012,R006,20,6,21
S012,R009,20,12,21
S012,A001,20,6,21
S012,A006,20,6,21
S012,B002V3,20,24,21
S012,B006V1,20,24,21
S012,B007V1,20,24,21
S012,B009V3,20,6,21
S012,B010V3,20,6,21
S012,S001V1,20,24,21
S012,S001V2,20,24,21
S012,S006V1,20,6,21
S012,S007V2,20,12,21
S012,S010V3,20,6,21
S012,K001V1,20,36,21
S012,K005V3,20,6,21
S012,K006V1,20,24,21
S012,K006V2,20,24,21
S012,K007V3,20,12,21
S012,R001V3,20,12,21
S012,R002V1,20,6,21
S012,R003V1,20,24,21
S012,R003V3,20,24,21
S012,R004V2,20,12,21
S012,R004V3,20,12,21
S012,R005V2,20,12,21
S012,R005V3,20,12,21
S012,R006V3,20,6,21
S012,R007V3,20,6,21
S012,Y002V3,20,24,21
S012,S003,21,24,22
S012,S004,21,12,22
S012,S007,21,12,22
S012,S009,21,6,22
S012,K003,21,6,22
S012,K004,21,6,22
S012,R009,21,12,22
S012,A007,21,6,22
S012,B004V1,21,12,22
S012,B004V2,21,12,22
S012,B005V2,21,12,22
S012,B005V3,21,12,22
S012,B009V2,21,6,22
S012,B009V3,21,6,22
S012,B010V3,21,6,22
S012,S001V1,21,24,22
S012,S001V3,21,24,22
S012,S002V3,21,24,22
S012,S003V1,21,24,22
S012,S004V3,21,12,22
S012,S005V1,21,12,22
S012,S007V2,21,12,22
S012,S007V3,21,12,22
S012,S010V3,21,6,22
S012,K001V1,21,36,22
S012,K007V2,21,12,22
S012,K008V1,21,6,22
S012,K008V2,21,6,22
S012,R001V1,21,12,22
S012,R001V2,21,12,22
S012,R002V1,21,6,22
S012,R002V3,21,6,22
S012,R003V1,21,24,22
S012,R008V1,21,24,22
S012,Y001V3,21,24,22
S012,B010,22,6,23
S012,S001,22,24,23
S012,S004,22,12,23
S012,S007,22,12,23
S012,K004,22,6,23
S012,K005,22,6,23
S012,K006,22,24,23
S012,K009,22,6,23
S012,K010,22,6,23
S012,B003V3,22,24,23
S012,B005V3,22,12,23
S012,B006V1,22,24,23
S012,B008V2,22,24,23
S012,B008V3,22,24,23
S012,B009V1,22,6,23
S012,B009V2,22,6,23
S012,B009V3,22,6,23
S012,S002V2,22,24,23
S012,S003V1,22,24,23
S012,S005V1,22,12,23
S012,S009V1,22,6,23
S012,K001V1,22,24,23
S012,K001V2,22,12,23
S012,K003V3,22,6,23
S012,K006V2,22,24,23
S012,K007V2,22,12,23
S012,R001V1,22,12,23
S012,R001V2,22,12,23
S012,R002V3,22,6,23
S012,R003V1,22,24,23
S012,R003V2,22,24,23
S012,R003V3,22,24,23
S012,R005V2,22,12,23
S012,R006V3,22,6,23
S012,R007V1,22,6,23
S012,R008V1,22,24,23
S012,R008V3,22,24,23
S012,R009V3,22,12,23
S012,B002,23,24,24
S012,B010,23,6,24
S012,S001,23,24,24
S012,S004,23,12,24
S012,S009,23,6,24
S012,K002,23,24,24
S012,K004,23,6,24
S012,K005,23,6,24
S012,K010,23,6,24
S012,R002,23,6,24
S012,Y004,23,6,24
S012,Y006,23,6,24
S012,A002,23,24,24
S012,B002V3,23,24,24
S012,B004V2,23,12,24
S012,B008V1,23,24,24
S012,B009V3,23,6,24
S012,B010V3,23,6,24
S012,S001V1,23,24,24
S012,S001V2,23,24,24
S012,S003V1,23,24,24
S012,S005V1,23,12,24
S012,S007V3,23,12,24
S012,K001V1,23,12,24
S012,K001V3,23,12,24
S012,K004V3,23,6,24
S012,K006V1,23,24,24
S012,K006V3,23,24,24
S012,K007V1,23,12,24
S012,K009V2,23,6,24
S012,R002V1,23,6,24
S012,R004V1,23,12,24
S012,R004V3,23,12,24
S012,R006V3,23,6,24
S012,Y002V3,23,24,24
S012,S001,24,24,25
S012,K001,24,12,25
S012,K002,24,24,25
S012,K006,24,24,25
S012,K010,24,6,25
S012,R009,24,12,25
S012,Y001,24,24,25
S012,Y003,24,6,25
S012,B002V3,24,24,25
S012,B003V3,24,24,25
S012,B004V2,24,12,25
S012,B007V1,24,24,25
S012,B007V3,24,24,25
S012,B009V3,24,6,25
S012,S002V3,24,24,25
S012,S003V1,24,24,25
S012,S005V1,24,12,25
S012,S007V2,24,12,25
S012,S010V3,24,6,25
S012,K003V1,24,6,25
S012,K003V2,24,6,25
S012,K004V3,24,6,25
S012,K007V2,24,12,25
S012,K007V3,24,12,25
S012,K008V2,24,6,25
S012,K009V2,24,6,25
S012,R001V1,24,12,25
S012,R002V1,24,6,25
S012,R002V3,24,6,25
S012,R003V3,24,24,25
S012,R005V1,24,12,25
S012,R005V3,24,12,25
S012,R006V3,24,6,25
S012,R007V3,24,6,25
S012,Y001V2,24,24,25
S012,S003,25,24,26
S012,S010,25,6,26
S012,K005,25,6,26
S012,K010,25,6,26
S012,R002,25,6,26
S012,R006,25,6,26
S012,R010,25,24,26
S012,Y003,25,6,26
S012,A002,25,24,26
S012,B004V1,25,12,26
S012,B004V2,25,12,26
S012,B005V2,25,12,26
S012,B005V3,25,12,26
S012,B006V2,25,24,26
S012,B007V2,25,24,26
S012,B009V1,25,6,26
S012,B009V2,25,6,26
S012,B009V3,25,6,26
S012,S002V3,25,24,26
S012,S004V3,25,12,26
S012,S005V1,25,12,26
S012,S007V2,25,12,26
S012,S010V3,25,6,26
S012,K001V2,25,12,26
S012,K003V3,25,6,26
S012,K006V1,25,24,26
S012,K007V1,25,12,26
S012,K010V2,25,6,26
S012,R001V1,25,12,26
S012,R002V1,25,6,26
S012,R003V2,25,24,26
S012,R004V3,25,12,26
S012,R009V3,25,12,26
S012,S003,26,24,27
S012,S004,26,12,27
S012,S007,26,12,27
S012,S009,26,6,27
S012,K006,26,24,27
S012,R001,26,12,27
S012,R009,26,12,27
S012,A001,26,6,27
S012,A006,26,6,27
S012,B002V2,26,24,27
S012,B002V3,26,24,27
S012,B003V2,26,24,27
S012,B008V1,26,24,27
S012,B008V2,26,24,27
S012,B009V3,26,6,27
S012,B010V3,26,6,27
S012,S001V2,26,24,27
S012,S001V3,26,24,27
S012,S002V2,26,24,27
S012,S004V3,26,12,27
S012,S005V1,26,12,27
S012,S009V2,26,6,27
S012,K001V1,26,12,27
S012,K004V3,26,6,27
S012,K008V2,26,6,27
S012,K009V1,26,6,27
S012,K010V2,26,6,27
S012,R001V1,26,12,27
S012,R001V3,26,12,27
S012,R002V1,26,6,27
S012,R003V1,26,24,27
S012,R003V3,26,24,27
S012,R004V1,26,12,27
S012,R005V2,26,12,27
S012,R005V3,26,12,27
S012,R006V3,26,6,27
S012,R007V1,26,6,27
S012,R009V2,26,12,27
S012,R009V3,26,12,27
S012,Y002V3,26,24,27
S012,B005,27,12,28
S012,S004,27,12,28
S012,S007,27,12,28
S012,K002,27,24,28
S012,K003,27,6,28
S012,R001,27,12,28
S012,R002,27,6,28
S012,A001,27,6,28
S012,B003V3,27,24,28
S012,B007V2,27,24,28
S012,B009V1,27,6,28
S012,B009V3,27,6,28
S012,S001V3,27,24,28
S012,S002V2,27,24,28
S012,S004V3,27,12,28
S012,S006V1,27,6,28
S012,S007V2,27,12,28
S012,S008V2,27,6,28
S012,S009V1,27,6,28
S012,K001V1,27,12,28
S012,K003V1,27,6,28
S012,K004V3,27,6,28
S012,K006V1,27,24,28
S012,K006V2,27,24,28
S012,K006V3,27,24,28
S012,K008V2,27,6,28
S012,R001V1,27,12,28
S012,R003V1,27,24,28
S012,R003V2,27,24,28
S012,R005V1,27,12,28
S012,R005V2,27,12,28
S012,R005V3,27,12,28
S012,R007V3,27,6,28
S012,R008V1,27,24,28
S012,R009V3,27,12,28
S012,Y002V3,27,24,28
S012,B002,28,24,29
S012,B005,28,12,29
S012,S001,28,24,29
S012,S004,28,12,29
S012,S007,28,12,29
S012,S009,28,6,29
S012,K001,28,12,29
S012,K002,28,24,29
S012,K003,28,6,29
S012,K005,28,6,29
S012,K006,28,24,29
S012,K009,28,6,29
S012,R002,28,6,29
S012,R003,28,24,29
S012,A001,28,6,29
S012,B002V1,28,24,29
S012,B005V3,28,12,29
S012,B007V1,28,24,29
S012,B009V2,28,6,29
S012,B009V3,28,6,29
S012,B010V2,28,6,29
S012,B010V3,28,6,29
S012,S001V1,28,24,29
S012,S001V2,28,24,29
S012,S001V3,28,24,29
S012,S002V2,28,24,29
S012,S002V3,28,24,29
S012,S004V3,28,12,29
S012,S009V1,28,6,29
S012,S010V3,28,6,29
S012,K001V1,28,12,29
S012,K003V1,28,6,29
S012,K004V3,28,6,29
S012,K007V3,28,12,29
S012,R001V1,28,12,29
S012,R002V1,28,6,29
S012,R003V1,28,24,29
S012,R005V1,28,12,29
S012,R006V3,28,6,29
S012,R007V3,28,6,29
S012,R008V3,28,24,29
S012,R009V1,28,12,29
S012,Y001V2,28,24,29
S012,Y002V3,28,24,29
S012,B003,29,24,30
S012,S003,29,24,30
S012,S004,29,12,30
S012,S010,29,6,30
S012,K001,29,12,30
S012,K003,29,6,30
S012,K005,29,6,30
S012,R002,29,6,30
S012,R003,29,24,30
S012,Y001,29,24,30
S012,A001,29,6,30
S012,A006,29,6,30
S012,B002V1,29,24,30
S012,B002V2,29,24,30
S012,B003V3,29,24,30
S012,B004V1,29,12,30
S012,B007V1,29,24,30
S012,B009V3,29,6,30
S012,S001V1,29,24,30
S012,S001V3,29,24,30
S012,S005V1,29,12,30
S012,S007V3,29,12,30
S012,K001V1,29,12,30
S012,K003V1,29,6,30
S012,K004V3,29,6,30
S012,K007V2,29,12,30
S012,K007V3,29,12,30
S012,K008V2,29,6,30
S012,K010V2,29,6,30
S012,R001V1,29,12,30
S012,R002V1,29,6,30
S012,R002V3,29,6,30
S012,R003V3,29,24,30
S012,R004V1,29,12,30
S012,R005V2,29,12,30
S012,R006V3,29,6,30
S012,K001,30,12,31
S012,K005,30,6,31
S012,K010,30,6,31
S012,R002,30,6,31
S012,R004,30,12,31
S012,R010,30,24,31
S012,Y006,30,6,31
S012,A001,30,6,31
S012,A002,30,24,31
S012,B008V3,30,24,31
S012,B009V2,30,6,31
S012,B009V3,30,6,31
S012,S001V2,30,24,31
S012,S003V2,30,24,31
S012,S004V1,30,12,31
S012,S004V3,30,12,31
S012,S005V1,30,12,31
S012,S007V3,30,12,31
S012,S009V1,30,6,31
S012,S010V3,30,6,31
S012,K001V1,30,12,31
S012,K007V1,30,12,31
S012,K007V2,30,12,31
S012,K007V3,30,12,31
S012,K008V2,30,6,31
S012,R001V1,30,12,31
S012,R002V3,30,6,31
S012,R004V1,30,12,31
S012,R005V1,30,12,31
S012,R006V3,30,6,31
S012,R007V1,30,6,31
S012,B003,31,24,32
S012,S001,31,24,32
S012,K001,31,12,32
S012,K005,31,6,32
S012,R001,31,12,32
S012,R009,31,12,32
S012,B002V1,31,24,32
S012,B002V2,31,24,32
S012,B004V2,31,12,32
S012,B005V2,31,12,32
S012,B005V3,31,12,32
S012,B006V1,31,24,32
S012,B006V2,31,24,32
S012,B007V1,31,24,32
S012,B009V2,31,6,32
S012,B010V3,31,6,32
S012,S001V1,31,24,32
S012,S001V2,31,24,32
S012,S002V3,31,24,32
S012,S003V1,31,24,32
S012,S003V2,31,24,32
S012,S004V1,31,12,32
S012,S005V1,31,12,32
S012,S008V2,31,6,32
S012,S009V1,31,6,32
S012,K001V1,31,12,32
S012,K002V2,31,24,32
S012,K003V1,31,6,32
S012,K004V3,31,6,32
S012,K006V1,31,24,32
S012,K008V3,31,6,32
S012,K010V2,31,6,32
S012,R001V1,31,12,32
S012,R002V1,31,6,32
S012,R002V3,31,6,32
S012,R004V2,31,12,32
S012,R004V3,31,12,32
S012,R005V2,31,12,32
S012,R005V3,31,12,32
S012,R006V1,31,6,32
S012,R008V3,31,24,32
S012,R009V3,31,12,32
S012,B003,32,24,33
S012,S007,32,12,33
S012,S010,32,6,33
S012,K004,32,6,33
S012,K005,32,6,33
S012,K006,32,24,33
S012,K009,32,6,33
S012,R002,32,6,33
S012,R003,32,24,33
S012,A001,32,6,33
S012,B006V1,32,24,33
S012,B006V2,32,24,33
S012,B009V3,32,6,33
S012,S005V1,32,12,33
S012,S007V2,32,12,33
S012,S007V3,32,12,33
S012,K001V1,32,12,33
S012,K003V3,32,6,33
S012,K004V3,32,6,33
S012,K006V1,32,24,33
S012,K006V3,32,24,33
S012,K007V2,32,12,33
S012,K008V2,32,6,33
S012,K010V2,32,6,33
S012,R001V1,32,12,33
S012,R002V3,32,6,33
S012,R003V2,32,24,33
S012,R003V3,32,24,33
S012,R005V1,32,12,33
S012,R007V1,32,6,33
S012,R008V1,32,24,33
S012,R008V3,32,24,33
S012,B005,33,12,34
S012,S003,33,24,34
S012,S004,33,12,34
S012,S007,33,12,34
S012,K004,33,6,34
S012,K005,33,6,34
S012,K010,33,6,34
S012,R003,33,24,34
S012,B002V2,33,24,34
S012,B004V2,33,12,34
S012,B004V3,33,12,34
S012,B005V2,33,12,34
S012,B005V3,33,12,34
S012,B008V3,33,24,34
S012,B009V1,33,6,34
S012,B009V3,33,6,34
S012,B010V3,33,6,34
S012,S002V2,33,24,34
S012,S003V2,33,24,34
S012,S005V1,33,12,34
S012,S006V3,33,6,34
S012,S008V2,33,6,34
S012,S010V3,33,6,34
S012,K001V1,33,12,34
S012,K004V3,33,6,34
S012,K006V1,33,24,34
S012,K008V3,33,6,34
S012,K010V2,33,6,34
S012,R001V1,33,12,34
S012,R002V1,33,6,34
S012,R005V1,33,12,34
S012,R005V3,33,12,34
S012,R006V3,33,6,34
S012,R007V2,33,6,34
S012,Y002V3,33,24,34
S012,B001,34,24,35
S012,B002,34,24,35
S012,S004,34,12,35
S012,S007,34,12,35
S012,S010,34,6,35
S012,K002,34,24,35
S012,K003,34,6,35
S012,K004,34,6,35
S012,K005,34,6,35
S012,K006,34,24,35
S012,K009,34,6,35
S012,R001,34,12,35
S012,R004,34,12,35
S012,R009,34,12,35
S012,Y001,34,24,35
S012,Y002,34,24,35
S012,A005,34,6,35
S012,A006,34,6,35
S012,B001V1,34,24,35
S012,B002V1,34,24,35
S012,B002V2,34,24,35
S012,B004V1,34,12,35
S012,B004V2,34,12,35
S012,B006V1,34,24,35
S012,B010V3,34,6,35
S012,S001V2,34,24,35
S012,S001V3,34,24,35
S012,S004V1,34,12,35
S012,S005V1,34,12,35
S012,S007V2,34,12,35
S012,S007V3,34,12,35
S012,K001V1,34,12,35
S012,K003V1,34,6,35
S012,K004V3,34,6,35
S012,K006V1,34,24,35
S012,K006V3,34,24,35
S012,K007V1,34,12,35
S012,K008V2,34,6,35
S012,K010V2,34,6,35
S012,R001V1,34,12,35
S012,R002V1,34,6,35
S012,R003V3,34,24,35
S012,R004V3,34,12,35
S012,R005V2,34,12,35
S012,R009V1,34,12,35
S012,R009V3,34,12,35
S012,R010V3,34,24,35
S012,B003,35,24,36
S012,S003,35,24,36
S012,S004,35,12,36
S012,S006,35,6,36
S012,S009,35,6,36
S012,K001,35,12,36
S012,K004,35,6,36
S012,R004,35,12,36
S012,R006,35,6,36
S012,Y001,35,24,36
S012,A001,35,6,36
S012,B001V1,35,24,36
S012,B002V1,35,24,36
S012,B002V2,35,24,36
S012,B004V1,35,12,36
S012,B006V2,35,24,36
S012,B007V1,35,24,36
S012,B009V3,35,6,36
S012,B010V3,35,6,36
S012,S001V1,35,24,36
S012,S002V1,35,24,36
S012,S002V2,35,24,36
S012,S005V1,35,12,36
S012,S006V3,35,6,36
S012,S009V2,35,6,36
S012,S010V3,35,6,36
S012,K003V3,35,6,36
S012,K004V3,35,6,36
S012,K008V2,35,6,36
S012,K008V3,35,6,36
S012,R001V1,35,12,36
S012,R002V1,35,6,36
S012,R003V2,35,24,36
S012,R004V1,35,12,36
S012,R009V2,35,12,36
S012,R009V3,35,12,36
S012,B002,36,24,37
S012,B003,36,24,37
S012,S001,36,24,37
S012,S003,36,24,37
S012,K002,36,24,37
S012,K004,36,6,37
S012,K009,36,6,37
S012,K010,36,6,37
S012,R001,36,12,37
S012,R002,36,6,37
S012,Y001,36,24,37
S012,Y006,36,6,37
S012,B001V1,36,24,37
S012,B003V1,36,24,37
S012,B003V3,36,24,37
S012,B004V2,36,12,37
S012,B005V2,36,12,37
S012,B006V2,36,24,37
S012,B007V1,36,24,37
S012,B009V3,36,6,37
S012,B010V2,36,6,37
S012,S002V1,36,24,37
S012,S003V1,36,24,37
S012,S003V2,36,24,37
S012,S005V1,36,12,37
S012,S007V2,36,12,37
S012,S009V2,36,6,37
S012,K001V1,36,12,37
S012,K004V3,36,6,37
S012,K007V1,36,12,37
S012,K007V2,36,12,37
S012,K008V2,36,6,37
S012,K008V3,36,6,37
S012,R001V1,36,12,37
S012,R001V2,36,12,37
S012,R002V1,36,6,37
S012,R003V1,36,24,37
S012,R003V3,36,24,37
S012,R006V3,36,6,37
S012,B004,37,12,38
S012,S004,37,12,38
S012,S010,37,6,38
S012,K001,37,12,38
S012,K004,37,6,38
S012,K005,37,6,38
S012,R003,37,24,38
S012,R006,37,6,38
S012,Y004,37,6,38
S012,B005V2,37,12,38
S012,B005V3,37,12,38
S012,B008V1,37,24,38
S012,B009V2,37,6,38
S012,B009V3,37,6,38
S012,S002V1,37,24,38
S012,S003V1,37,24,38
S012,S004V3,37,12,38
S012,S005V1,37,12,38
S012,S007V3,37,12,38
S012,S009V1,37,6,38
S012,S010V3,37,6,38
S012,K001V1,37,12,38
S012,K003V1,37,6,38
S012,K003V2,37,6,38
S012,K003V3,37,6,38
S012,K004V3,37,6,38
S012,K006V3,37,24,38
S012,K008V3,37,6,38
S012,R001V1,37,12,38
S012,R002V1,37,6,38
S012,R003V1,37,24,38
S012,R003V2,37,24,38
S012,R005V2,37,12,38
S012,R008V3,37,24,38
S012,R009V3,37,12,38
S012,B007,38,24,39
S012,S001,38,24,39
S012,S007,38,12,39
S012,K002,38,24,39
S012,K010,38,6,39
S012,Y001,38,24,39
S012,A008,38,12,39
S012,B002V1,38,24,39
S012,B002V2,38,24,39
S012,B002V3,38,24,39
S012,B003V1,38,24,39
S012,B004V1,38,12,39
S012,B005V3,38,12,39
S012,B007V1,38,24,39
S012,B009V3,38,6,39
S012,S002V3,38,24,39
S012,S004V1,38,12,39
S012,S004V3,38,12,39
S012,S005V1,38,12,39
S012,S007V3,38,12,39
S012,S010V1,38,6,39
S012,K001V1,38,12,39
S012,K003V1,38,6,39
S012,K007V1,38,12,39
S012,K007V2,38,12,39
S012,R001V1,38,12,39
S012,R001V2,38,12,39
S012,R002V3,38,6,39
S012,R004V1,38,12,39
S012,R005V2,38,12,39
S012,R006V3,38,6,39
S012,R007V1,38,6,39
S012,R007V3,38,6,39
S012,R008V3,38,24,39
S012,R009V3,38,12,39
S012,B002,39,24,40
S012,B005,39,12,40
S012,S001,39,24,40
S012,S007,39,12,40
S012,K001,39,12,40
S012,K002,39,24,40
S012,K005,39,6,40
S012,R004,39,12,40
S012,R009,39,12,40
S012,R010,39,24,40
S012,Y001,39,24,40
S012,A002,39,24,40
S012,A006,39,6,40
S012,B002V1,39,24,40
S012,B007V1,39,24,40
S012,B008V2,39,24,40
S012,B010V1,39,6,40
S012,S001V1,39,24,40
S012,S001V2,39,24,40
S012,S001V3,39,24,40
S012,S002V2,39,24,40
S012,S003V1,39,24,40
S012,S007V3,39,12,40
S012,S010V3,39,6,40
S012,K001V1,39,12,40
S012,K003V3,39,6,40
S012,K004V3,39,6,40
S012,K007V1,39,12,40
S012,K007V3,39,12,40
S012,K010V2,39,6,40
S012,R001V1,39,12,40
S012,R002V1,39,6,40
S012,R003V2,39,24,40
S012,R003V3,39,24,40
S012,R004V2,39,12,40
S012,R008V3,39,24,40
S012,R009V1,39,12,40
S012,R009V2,39,12,40
S012,R010V3,39,24,40
S012,Y002V3,39,24,40
S012,B004,40,12,41
S012,B005,40,12,41
S012,S001,40,24,41
S012,S007,40,12,41
S012,S010,40,6,41
S012,K003,40,6,41
S012,K005,40,6,41
S012,K009,40,6,41
S012,R002,40,6,41
S012,R003,40,24,41
S012,R007,40,6,41
S012,Y001,40,24,41
S012,Y006,40,6,41
S012,B002V3,40,24,41
S012,B004V2,40,12,41
S012,B005V3,40,12,41
S012,B007V3,40,24,41
S012,B009V2,40,6,41
S012,B009V3,40,6,41
S012,S001V1,40,24,41
S012,S001V2,40,24,41
S012,S002V3,40,24,41
S012,S004V1,40,12,41
S012,S004V3,40,12,41
S012,S005V1,40,12,41
S012,S006V3,40,6,41
S012,K003V3,40,6,41
S012,K004V3,40,6,41
S012,K006V1,40,24,41
S012,K006V3,40,24,41
S012,K008V3,40,6,41
S012,R001V1,40,12,41
S012,R002V1,40,6,41
S012,R004V1,40,12,41
S012,R004V3,40,12,41
S012,R005V3,40,12,41
S012,R006V3,40,6,41
S012,R007V1,40,6,41
S012,R008V3,40,24,41
S012,R009V1,40,12,41
S012,R009V3,40,12,41
S012,Y002V3,40,24,41
S012,S001,41,24,42
S012,S007,41,12,42
S012,S010,41,6,42
S012,R010,41,24,42
S012,Y001,41,24,42
S012,B001V2,41,24,42
S012,B002V2,41,24,42
S012,B003V1,41,24,42
S012,B004V2,41,12,42
S012,B005V3,41,12,42
S012,B009V2,41,6,42
S012,B009V3,41,6,42
S012,S001V1,41,24,42
S012,S003V1,41,24,42
S012,S003V2,41,24,42
S012,S004V1,41,12,42
S012,S004V3,41,12,42
S012,S005V1,41,12,42
S012,S007V2,41,12,42
S012,K001V1,41,12,42
S012,K003V1,41,6,42
S012,K004V3,41,6,42
S012,K006V3,41,24,42
S012,K007V2,41,12,42
S012,K007V3,41,12,42
S012,R003V3,41,24,42
S012,R004V2,41,12,42
S012,R005V1,41,12,42
S012,R007V1,41,6,42
S012,R008V1,41,24,42
S012,R009V2,41,12,42
S012,R009V3,41,12,42
S012,B004,42,12,43
S012,B007,42,24,43
S012,S003,42,24,43
S012,K005,42,6,43
S012,K006,42,24,43
S012,R001,42,12,43
S012,R002,42,6,43
S012,R004,42,12,43
S012,Y005,42,12,43
S012,A003,42,24,43
S012,A006,42,6,43
S012,A007,42,6,43
S012,B002V2,42,24,43
S012,B005V3,42,12,43
S012,B009V2,42,6,43
S012,B009V3,42,6,43
S012,S001V1,42,24,43
S012,S001V2,42,24,43
S012,S002V2,42,24,43
S012,S002V3,42,24,43
S012,S003V2,42,24,43
S012,S004V1,42,12,43
S012,S004V3,42,12,43
S012,S005V1,42,12,43
S012,S009V1,42,6,43
S012,K001V1,42,12,43
S012,K004V3,42,6,43
S012,K005V3,42,6,43
S012,K006V1,42,24,43
S012,K008V2,42,6,43
S012,K008V3,42,6,43
S012,R001V1,42,12,43
S012,R002V1,42,6,43
S012,R003V1,42,24,43
S012,R004V1,42,12,43
S012,R005V3,42,12,43
S012,R006V3,42,6,43
S012,R008V1,42,24,43
S012,R009V2,42,12,43
S012,B004,43,12,44
S012,S001,43,24,44
S012,S004,43,12,44
S012,S010,43,6,44
S012,K001,43,12,44
S012,K005,43,6,44
S012,K006,43,24,44
S012,K009,43,6,44
S012,K010,43,6,44
S012,R002,43,6,44
S012,R009,43,12,44
S012,R010,43,24,44
S012,A001,43,6,44
S012,A002,43,24,44
S012,B002V1,43,24,44
S012,B006V2,43,24,44
S012,B009V2,43,6,44
S012,B009V3,43,6,44
S012,B010V2,43,6,44
S012,S001V1,43,24,44
S012,S001V2,43,24,44
S012,S002V1,43,24,44
S012,S003V1,43,24,44
S012,S003V2,43,24,44
S012,S004V3,43,12,44
S012,S006V1,43,6,44
S012,S007V3,43,12,44
S012,S008V1,43,6,44
S012,K001V1,43,12,44
S012,K003V1,43,6,44
S012,K005V3,43,6,44
S012,K006V1,43,24,44
S012,K006V3,43,24,44
S012,K010V2,43,6,44
S012,R002V1,43,6,44
S012,R002V3,43,6,44
S012,R003V3,43,24,44
S012,R004V1,43,12,44
S012,R004V2,43,12,44
S012,R004V3,43,12,44
S012,R005V2,43,12,44
S012,R005V3,43,12,44
S012,R007V1,43,6,44
S012,R009V3,43,12,44
S012,Y002V3,43,24,44
S012,B010,44,6,45
S012,S001,44,24,45
S012,K005,44,6,45
S012,Y004,44,6,45
S012,Y005,44,12,45
S012,A007,44,6,45
S012,B003V2,44,24,45
S012,B003V3,44,24,45
S012,B008V3,44,24,45
S012,B009V2,44,6,45
S012,B010V3,44,6,45
S012,S002V1,44,24,45
S012,S002V2,44,24,45
S012,S002V3,44,24,45
S012,S003V1,44,24,45
S012,S005V1,44,12,45
S012,S006V1,44,6,45
S012,S006V3,44,6,45
S012,S009V1,44,6,45
S012,S010V1,44,6,45
S012,K001V1,44,12,45
S012,K007V1,44,12,45
S012,K007V2,44,12,45
S012,R001V1,44,12,45
S012,R001V3,44,12,45
S012,R003V1,44,24,45
S012,R004V1,44,12,45
S012,R008V1,44,24,45
S012,R009V3,44,12,45
S012,B005,45,12,46
S012,S001,45,24,46
S012,S003,45,24,46
S012,S004,45,12,46
S012,S010,45,6,46
S012,K005,45,6,46
S012,R001,45,12,46
S012,R003,45,24,46
S012,R010,45,24,46
S012,B002V3,45,24,46
S012,B003V1,45,24,46
S012,B005V2,45,12,46
S012,B005V3,45,12,46
S012,B006V1,45,24,46
S012,B008V2,45,24,46
S012,B009V3,45,6,46
S012,S002V1,45,24,46
S012,S004V1,45,12,46
S012,S005V1,45,12,46
S012,S006V1,45,6,46
S012,K001V1,45,12,46
S012,K003V3,45,6,46
S012,K004V2,45,6,46
S012,K004V3,45,6,46
S012,K005V3,45,6,46
S012,K008V2,45,6,46
S012,R001V1,45,12,46
S012,R001V2,45,12,46
S012,R002V1,45,6,46
S012,R003V1,45,24,46
S012,R005V1,45,12,46
S012,R005V3,45,12,46
S012,R006V3,45,6,46
S012,R008V3,45,24,46
S012,Y002V1,45,24,46
S012,Y002V3,45,24,46
S012,B010,46,6,47
S012,S007,46,12,47
S012,K001,46,12,47
S012,K005,46,6,47
S012,R003,46,24,47
S012,R004,46,12,47
S012,A001,46,6,47
S012,A006,46,6,47
S012,B002V1,46,24,47
S012,B004V1,46,12,47
S012,B006V1,46,24,47
S012,B006V2,46,24,47
S012,B007V1,46,24,47
S012,B009V2,46,6,47
S012,B009V3,46,6,47
S012,B010V3,46,6,47
S012,S001V2,46,24,47
S012,S001V3,46,24,47
S012,S004V1,46,12,47
S012,S004V3,46,12,47
S012,S005V1,46,12,47
S012,S006V1,46,6,47
S012,S009V2,46,6,47
S012,S010V1,46,6,47
S012,K001V1,46,12,47
S012,K007V1,46,12,47
S012,K009V3,46,6,47
S012,R002V3,46,6,47
S012,R003V1,46,24,47
S012,R003V2,46,24,47
S012,R003V3,46,24,47
S012,R004V2,46,12,47
S012,R004V3,46,12,47
S012,R005V2,46,12,47
S012,R006V3,46,6,47
S012,R008V1,46,24,47
S012,R008V3,46,24,47
S012,R009V1,46,12,47
S012,R010V3,46,24,47
S012,S001,47,24,48
S012,S002,47,24,48
S012,K001,47,12,48
S012,K005,47,6,48
S012,K006,47,24,48
S012,K009,47,6,48
S012,R001,47,12,48
S012,R009,47,12,48
S012,A001,47,6,48
S012,B002V3,47,24,48
S012,B003V3,47,24,48
S012,B005V2,47,12,48
S012,B006V2,47,24,48
S012,B009V3,47,6,48
S012,S001V3,47,24,48
S012,S002V1,47,24,48
S012,S002V3,47,24,48
S012,S003V1,47,24,48
S012,S005V1,47,12,48
S012,S006V1,47,6,48
S012,S007V2,47,12,48
S012,S010V1,47,6,48
S012,K001V1,47,12,48
S012,K003V3,47,6,48
S012,K004V3,47,6,48
S012,K006V1,47,24,48
S012,K007V1,47,12,48
S012,K007V2,47,12,48
S012,K008V2,47,6,48
S012,R001V3,47,12,48
S012,R002V1,47,6,48
S012,R002V3,47,6,48
S012,R003V1,47,24,48
S012,R004V2,47,12,48
S012,R006V3,47,6,48
S012,R008V3,47,24,48
S012,Y002V3,47,24,48
S012,B002,48,24,49
S012,B004,48,12,49
S012,S003,48,24,49
S012,S004,48,12,49
S012,K003,48,6,49
S012,Y001,48,24,49
S012,A001,48,6,49
S012,A003,48,24,49
S012,B005V2,48,12,49
S012,B005V3,48,12,49
S012,B006V2,48,24,49
S012,B008V1,48,24,49
S012,B009V3,48,6,49
S012,B010V3,48,6,49
S012,S001V1,48,24,49
S012,S001V2,48,24,49
S012,S002V1,48,24,49
S012,S002V3,48,24,49
S012,S003V1,48,24,49
S012,S004V3,48,12,49
S012,S007V3,48,12,49
S012,S010V1,48,6,49
S012,K001V1,48,12,49
S012,K003V3,48,6,49
S012,K004V3,48,6,49
S012,K006V1,48,24,49
S012,K006V2,48,24,49
S012,K007V2,48,12,49
S012,R001V1,48,12,49
S012,R002V1,48,6,49
S012,R004V1,48,12,49
S012,R005V1,48,12,49
S012,R006V3,48,6,49
S012,R007V1,48,6,49
S012,R008V1,48,24,49
S012,R008V3,48,24,49
S012,R009V3,48,12,49
S012,B004,49,12,50
S012,B007,49,24,50
S012,S001,49,24,50
S012,S010,49,6,50
S012,K004,49,6,50
S012,K005,49,6,50
S012,K009,49,6,50
S012,K010,49,6,50
S012,R001,49,12,50
S012,R004,49,12,50
S012,R009,49,12,50
S012,R010,49,24,50
S012,Y006,49,6,50
S012,A002,49,24,50
S012,B005V2,49,12,50
S012,B007V1,49,24,50
S012,B008V1,49,24,50
S012,B009V3,49,6,50
S012,S004V2,49,12,50
S012,S005V1,49,12,50
S012,S006V1,49,6,50
S012,S008V2,49,6,50
S012,K001V1,49,12,50
S012,K001V2,49,12,50
S012,K003V1,49,6,50
S012,K004V3,49,6,50
S012,K006V3,49,24,50
S012,R001V1,49,12,50
S012,R002V1,49,6,50
S012,R003V3,49,24,50
S012,R004V1,49,12,50
S012,R004V3,49,12,50
S012,R006V3,49,6,50
S012,R007V1,49,6,50
S012,R008V1,49,24,50
S012,R009V3,49,12,50
S012,Y002V3,49,24,50
S012,B003,50,24,51
S012,B004,50,12,51
S012,B007,50,24,51
S012,S007,50,12,51
S012,S010,50,6,51
S012,K001,50,12,51
S012,K003,50,6,51
S012,K005,50,6,51
S012,K009,50,6,51
S012,K010,50,6,51
S012,R001,50,12,51
S012,R009,50,12,51
S012,A001,50,6,51
S012,B002V3,50,24,51
S012,B003V3,50,24,51
S012,B004V1,50,12,51
S012,B007V1,50,24,51
S012,B010V1,50,6,51
S012,S001V3,50,24,51
S012,S003V1,50,24,51
S012,S004V1,50,12,51
S012,S004V2,50,12,51
S012,K001V1,50,12,51
S012,K003V2,50,6,51
S012,K004V3,50,6,51
S012,K005V3,50,6,51
S012,K006V1,50,24,51
S012,K006V3,50,24,51
S012,K008V2,50,6,51
S012,K009V1,50,6,51
S012,R001V1,50,12,51
S012,R002V1,50,6,51
S012,R004V1,50,12,51
S012,Y002V3,50,24,51
S012,B003,51,24,52
S012,B010,51,6,52
S012,S001,51,24,52
S012,S003,51,24,52
S012,S007,51,12,52
S012,K001,51,12,52
S012,K003,51,6,52
S012,K009,51,6,52
S012,R002,51,6,52
S012,R003,51,24,52
S012,Y001,51,24,52
S012,Y005,51,12,52
S012,A002,51,24,52
S012,B002V1,51,24,52
S012,B004V3,51,12,52
S012,B005V2,51,12,52
S012,B005V3,51,12,52
S012,B006V1,51,24,52
S012,B006V2,51,24,52
S012,B009V2,51,6,52
S012,B010V2,51,6,52
S012,S001V3,51,24,52
S012,S002V2,51,24,52
S012,S003V2,51,24,52
S012,S004V2,51,12,52
S012,S005V1,51,12,52
S012,S006V3,51,6,52
S012,S009V3,51,6,52
S012,S010V3,51,6,52
S012,K003V2,51,6,52
S012,K003V3,51,6,52
S012,K004V1,51,6,52
S012,K004V2,51,6,52
S012,K005V3,51,6,52
S012,K007V1,51,12,52
S012,K007V2,51,12,52
S012,K008V2,51,6,52
S012,R001V1,51,12,52
S012,R003V2,51,24,52
S012,R004V2,51,12,52
S012,R005V2,51,12,52
S012,R006V3,51,6,52
S012,R007V1,51,6,52
S012,R008V1,51,24,52
S012,R009V3,51,12,52
S013,B004,1,12,2
S013,S001,1,24,2
S013,S003,1,24,2
S013,S010,1,6,2
S013,K004,1,12,2
S013,K005,1,24,2
S013,K006,1,24,2
S013,K010,1,6,2
S013,Y001,1,24,2
S013,Y005,1,12,2
S013,Y006,1,6,2
S013,B001V2,1,24,2
S013,B004V2,1,12,2
S013,B005V1,1,12,2
S013,B005V2,1,12,2
S013,B009V2,1,6,2
S013,B009V3,1,24,2
S013,B010V3,1,6,2
S013,S001V3,1,24,2
S013,S002V1,1,24,2
S013,S002V2,1,24,2
S013,S005V1,1,24,2
S013,S007V2,1,12,2
S013,S009V2,1,12,2
S013,S010V3,1,6,2
S013,K001V1,1,36,2
S013,K001V2,1,12,2
S013,K003V1,1,6,2
S013,K004V3,1,30,2
S013,K005V2,1,6,2
S013,K008V2,1,6,2
S013,K009V1,1,6,2
S013,K009V2,1,6,2
S013,K010V2,1,6,2
S013,R001V1,1,24,2
S013,R003V1,1,24,2
S013,R003V3,1,24,2
S013,R004V2,1,12,2
S013,R008V3,1,24,2
S013,R009V3,1,12,2
S013,Y001V2,1,24,2
S013,B003,2,24,3
S013,B007,2,24,3
S013,B009,2,6,3
S013,K004,2,12,3
S013,K005,2,30,3
S013,R002,2,6,3
S013,R008,2,24,3
S013,R009,2,12,3
S013,A002,2,24,3
S013,A006,2,6,3
S013,B001V2,2,24,3
S013,B002V2,2,24,3
S013,B005V2,2,12,3
S013,B008V2,2,24,3
S013,B009V3,2,18,3
S013,S002V1,2,24,3
S013,S003V2,2,24,3
S013,S004V1,2,12,3
S013,S005V1,2,12,3
S013,S006V1,2,6,3
S013,S006V3,2,6,3
S013,S007V2,2,12,3
S013,S009V2,2,6,3
S013,K001V1,2,48,3
S013,K004V2,2,6,3
S013,K004V3,2,18,3
S013,K005V3,2,6,3
S013,K006V1,2,24,3
S013,K008V2,2,6,3
S013,K009V2,2,6,3
S013,R001V1,2,24,3
S013,R002V1,2,6,3
S013,R002V2,2,6,3
S013,R003V1,2,24,3
S013,R004V3,2,12,3
S013,R005V1,2,12,3
S013,R005V2,2,12,3
S013,R006V3,2,6,3
S013,R008V3,2,24,3
S013,B009,3,6,4
S013,S001,3,24,4
S013,K004,3,12,4
S013,K005,3,30,4
S013,R002,3,6,4
S013,R009,3,12,4
S013,Y006,3,6,4
S013,B002V2,3,24,4
S013,B003V1,3,24,4
S013,B005V2,3,12,4
S013,B009V2,3,6,4
S013,B009V3,3,24,4
S013,B010V3,3,6,4
S013,S001V3,3,24,4
S013,S005V1,3,24,4
S013,S006V1,3,6,4
S013,S009V2,3,6,4
S013,S010V2,3,6,4
S013,S010V3,3,6,4
S013,K001V1,3,36,4
S013,K004V3,3,6,4
S013,K005V2,3,6,4
S013,K005V3,3,6,4
S013,K009V2,3,12,4
S013,K010V2,3,6,4
S013,R001V1,3,24,4
S013,R001V2,3,12,4
S013,R002V1,3,6,4
S013,R003V3,3,24,4
S013,R004V1,3,12,4
S013,R005V3,3,12,4
S013,R006V2,3,6,4
S013,R009V2,3,12,4
S013,R009V3,3,12,4
S013,Y002V2,3,24,4
S013,Y002V3,3,24,4
S013,B005,4,12,5
S013,B010,4,6,5
S013,S010,4,6,5
S013,K004,4,18,5
S013,K006,4,24,5
S013,R003,4,24,5
S013,R004,4,12,5
S013,R008,4,24,5
S013,R009,4,12,5
S013,Y001,4,24,5
S013,Y004,4,6,5
S013,A001,4,6,5
S013,B001V2,4,24,5
S013,B004V1,4,12,5
S013,B004V2,4,12,5
S013,B008V1,4,24,5
S013,B008V2,4,24,5
S013,B009V2,4,6,5
S013,B009V3,4,6,5
S013,S002V1,4,24,5
S013,S004V1,4,12,5
S013,S005V1,4,36,5
S013,S006V1,4,6,5
S013,S009V2,4,6,5
S013,S010V3,4,6,5
S013,K001V1,4,36,5
S013,K004V3,4,6,5
S013,K009V1,4,6,5
S013,K009V2,4,6,5
S013,R001V1,4,24,5
S013,R002V2,4,6,5
S013,R003V3,4,24,5
S013,R004V2,4,12,5
S013,R004V3,4,12,5
S013,R006V3,4,6,5
S013,R009V3,4,12,5
S013,R010V3,4,24,5
S013,Y002V3,4,24,5
S013,S003,5,24,6
S013,S006,5,6,6
S013,K004,5,12,6
S013,K005,5,6,6
S013,R008,5,24,6
S013,R009,5,12,6
S013,Y004,5,6,6
S013,A001,5,6,6
S013,A003,5,24,6
S013,B001V2,5,24,6
S013,B005V2,5,12,6
S013,B006V1,5,24,6
S013,B006V3,5,24,6
S013,B008V1,5,24,6
S013,B009V2,5,6,6
S013,B009V3,5,6,6
S013,S001V3,5,24,6
S013,S005V1,5,12,6
S013,S005V3,5,12,6
S013,S006V1,5,6,6
S013,S007V2,5,12,6
S013,S009V2,5,6,6
S013,K001V1,5,12,6
S013,K004V3,5,6,6
S013,K006V1,5,24,6
S013,K009V2,5,6,6
S013,R001V1,5,24,6
S013,R002V1,5,6,6
S013,R010V2,5,24,6
S013,R010V3,5,24,6
S013,Y002V2,5,24,6
S013,B004,6,12,7
S013,B005,6,12,7
S013,K004,6,12,7
S013,K005,6,6,7
S013,K006,6,24,7
S013,R003,6,24,7
S013,R008,6,24,7
S013,R009,6,12,7
S013,Y001,6,24,7
S013,A001,6,6,7
S013,B001V2,6,24,7
S013,B009V3,6,6,7
S013,S002V1,6,24,7
S013,S002V2,6,24,7
S013,S004V1,6,12,7
S013,S005V1,6,24,7
S013,S006V1,6,6,7
S013,S009V2,6,6,7
S013,S010V3,6,6,7
S013,K001V1,6,12,7
S013,K001V2,6,12,7
S013,K006V1,6,24,7
S013,K007V3,6,12,7
S013,K009V2,6,6,7
S013,R001V1,6,12,7
S013,R002V2,6,6,7
S013,R002V3,6,6,7
S013,R003V1,6,24,7
S013,R003V3,6,24,7
S013,R004V1,6,12,7
S013,R004V3,6,12,7
S013,R009V3,6,12,7
S013,B007,7,24,8
S013,S001,7,24,8
S013,S003,7,24,8
S013,S010,7,6,8
S013,K004,7,6,8
S013,R009,7,12,8
S013,A002,7,24,8
S013,A005,7,6,8
S013,B001V2,7,24,8
S013,B003V3,7,24,8
S013,B004V2,7,12,8
S013,B005V1,7,12,8
S013,B008V3,7,24,8
S013,B009V2,7,6,8
S013,B009V3,7,6,8
S013,S002V2,7,24,8
S013,S004V1,7,12,8
S013,S005V1,7,24,8
S013,S006V1,7,6,8
S013,S007V1,7,12,8
S013,S008V2,7,6,8
S013,S009V2,7,6,8
S013,K001V1,7,12,8
S013,K004V3,7,6,8
S013,K005V3,7,6,8
S013,K007V1,7,12,8
S013,K009V2,7,6,8
S013,K010V1,7,6,8
S013,K010V2,7,6,8
S013,R001V1,7,12,8
S013,R002V1,7,6,8
S013,R006V3,7,6,8
S013,R007V3,7,6,8
S013,R008V3,7,24,8
S013,R009V1,7,12,8
S013,Y002V2,7,24,8
S013,B003,8,24,9
S013,B005,8,12,9
S013,B007,8,24,9
S013,B009,8,6,9
S013,S003,8,24,9
S013,S010,8,6,9
S013,K004,8,6,9
S013,R002,8,6,9
S013,R006,8,6,9
S013,A002,8,24,9
S013,B003V3,8,24,9
S013,B004V1,8,12,9
S013,B005V1,8,12,9
S013,B007V2,8,24,9
S013,B009V2,8,6,9
S013,B009V3,8,6,9
S013,S002V1,8,24,9
S013,S002V2,8,24,9
S013,S005V1,8,12,9
S013,S006V1,8,6,9
S013,S006V3,8,6,9
S013,S010V3,8,6,9
S013,K001V1,8,12,9
S013,K003V1,8,6,9
S013,K004V3,8,6,9
S013,K006V1,8,24,9
S013,R001V1,8,12,9
S013,R002V1,8,6,9
S013,R003V1,8,24,9
S013,R003V3,8,24,9
S013,R004V1,8,12,9
S013,R005V3,8,12,9
S013,R006V3,8,6,9
S013,R009V2,8,12,9
S013,B004,9,12,10
S013,B007,9,24,10
S013,B009,9,6,10
S013,B010,9,6,10
S013,S001,9,24,10
S013,S003,9,24,10
S013,K004,9,6,10
S013,K005,9,6,10
S013,K006,9,24,10
S013,R009,9,12,10
S013,B001V2,9,48,10
S013,B003V2,9,24,10
S013,B004V2,9,12,10
S013,B005V1,9,12,10
S013,B005V2,9,12,10
S013,B007V1,9,24,10
S013,B009V2,9,6,10
S013,B009V3,9,6,10
S013,S001V1,9,24,10
S013,S005V1,9,24,10
S013,S006V1,9,6,10
S013,S008V2,9,6,10
S013,K001V1,9,12,10
S013,K004V3,9,6,10
S013,K006V1,9,24,10
S013,R001V1,9,12,10
S013,R002V2,9,6,10
S013,R003V1,9,24,10
S013,R004V1,9,12,10
S013,R004V3,9,12,10
S013,R005V1,9,12,10
S013,R005V2,9,12,10
S013,R006V2,9,6,10
S013,R008V2,9,24,10
S013,Y002V3,9,24,10
S013,B004,10,12,11
S013,B005,10,12,11
S013,B010,10,6,11
S013,S001,10,24,11
S013,S010,10,6,11
S013,K004,10,12,11
S013,K005,10,6,11
S013,R006,10,6,11
S013,B001V2,10,24,11
S013,B005V2,10,12,11
S013,B007V1,10,24,11
S013,B007V2,10,24,11
S013,B007V3,10,24,11
S013,B009V3,10,6,11
S013,B010V3,10,6,11
S013,S004V1,10,12,11
S013,S005V1,10,12,11
S013,S005V3,10,12,11
S013,S007V2,10,12,11
S013,S008V2,10,6,11
S013,K001V1,10,12,11
S013,K004V3,10,6,11
S013,K010V1,10,6,11
S013,K010V2,10,6,11
S013,R001V2,10,12,11
S013,R002V2,10,6,11
S013,R002V3,10,6,11
S013,R004V1,10,12,11
S013,R006V3,10,6,11
S013,R007V3,10,6,11
S013,R008V3,10,24,11
S013,R009V2,10,12,11
S013,R010V2,10,24,11
S013,Y002V3,10,24,11
S013,B001,11,24,12
S013,S003,11,24,12
S013,K004,11,6,12
S013,K005,11,6,12
S013,K006,11,24,12
S013,R008,11,24,12
S013,R009,11,12,12
S013,A002,11,24,12
S013,B001V2,11,24,12
S013,B007V1,11,24,12
S013,B007V2,11,24,12
S013,B007V3,11,24,12
S013,B009V3,11,6,12
S013,B010V3,11,6,12
S013,S002V1,11,24,12
S013,S002V2,11,24,12
S013,S004V1,11,12,12
S013,S005V1,11,24,12
S013,S007V3,11,12,12
S013,K001V1,11,12,12
S013,K002V3,11,24,12
S013,K003V3,11,6,12
S013,K004V3,11,6,12
S013,K009V2,11,6,12
S013,R001V1,11,12,12
S013,R004V1,11,12,12
S013,R004V2,11,12,12
S013,R008V3,11,24,12
S013,R009V1,11,12,12
S013,B007,12,24,13
S013,K004,12,12,13
S013,K005,12,6,13
S013,R002,12,6,13
S013,R003,12,24,13
S013,R008,12,24,13
S013,Y003,12,6,13
S013,A002,12,24,13
S013,B003V3,12,24,13
S013,B004V2,12,12,13
S013,B005V2,12,12,13
S013,B007V1,12,24,13
S013,B007V3,12,24,13
S013,B008V1,12,24,13
S013,B009V3,12,6,13
S013,S004V1,12,12,13
S013,S005V1,12,24,13
S013,S007V2,12,12,13
S013,S008V2,12,6,13
S013,K001V1,12,12,13
S013,K004V3,12,6,13
S013,K010V2,12,6,13
S013,R001V1,12,12,13
S013,R004V1,12,12,13
S013,R004V3,12,12,13
S013,R007V2,12,6,13
S013,R007V3,12,6,13
S013,R008V3,12,24,13
S013,Y002V3,12,24,13
S013,B004,13,12,14
S013,B009,13,6,14
S013,K004,13,6,14
S013,K005,13,6,14
S013,R008,13,24,14
S013,Y002,13,24,14
S013,A006,13,6,14
S013,B006V3,13,24,14
S013,B007V1,13,24,14
S013,B009V3,13,6,14
S013,S002V2,13,24,14
S013,S005V1,13,24,14
S013,S005V3,13,12,14
S013,S006V2,13,6,14
S013,S006V3,13,6,14
S013,S007V3,13,12,14
S013,S010V3,13,6,14
S013,K003V1,13,6,14
S013,K004V3,13,6,14
S013,K006V1,13,24,14
S013,R001V1,13,12,14
S013,R001V2,13,12,14
S013,R002V3,13,6,14
S013,R003V1,13,24,14
S013,R004V3,13,12,14
S013,R005V3,13,12,14
S013,R006V3,13,6,14
S013,Y001V2,13,24,14
S013,Y002V3,13,24,14
S013,B003,14,24,15
S013,B007,14,24,15
S013,S001,14,24,15
S013,S009,14,6,15
S013,S010,14,6,15
S013,K004,14,12,15
S013,K005,14,6,15
S013,K006,14,24,15
S013,R004,14,12,15
S013,B003V1,14,24,15
S013,B003V2,14,24,15
S013,B004V2,14,12,15
S013,B007V1,14,24,15
S013,B009V2,14,6,15
S013,B010V2,14,6,15
S013,B010V3,14,6,15
S013,S002V2,14,24,15
S013,S003V2,14,24,15
S013,S005V1,14,24,15
S013,S007V3,14,12,15
S013,S010V3,14,6,15
S013,K001V1,14,12,15
S013,K001V3,14,12,15
S013,K004V3,14,6,15
S013,K005V3,14,6,15
S013,R001V1,14,12,15
S013,R002V1,14,6,15
S013,R003V1,14,24,15
S013,R004V1,14,12,15
S013,R004V2,14,12,15
S013,R008V2,14,24,15
S013,R008V3,14,24,15
S013,Y002V3,14,24,15
S013,B004,15,12,16
S013,S003,15,24,16
S013,S009,15,6,16
S013,K004,15,12,16
S013,R008,15,24,16
S013,R009,15,12,16
S013,B002V2,15,24,16
S013,B003V1,15,24,16
S013,B003V3,15,24,16
S013,B004V1,15,12,16
S013,B004V2,15,12,16
S013,B005V2,15,12,16
S013,B006V2,15,24,16
S013,B007V2,15,24,16
S013,B008V1,15,24,16
S013,B009V3,15,6,16
S013,S002V1,15,24,16
S013,S005V1,15,24,16
S013,S006V2,15,6,16
S013,S007V3,15,12,16
S013,S008V2,15,6,16
S013,S010V3,15,6,16
S013,K003V3,15,6,16
S013,K004V3,15,6,16
S013,K007V3,15,12,16
S013,R002V1,15,6,16
S013,R002V2,15,6,16
S013,R003V3,15,24,16
S013,R006V3,15,6,16
S013,R007V3,15,6,16
S013,R009V2,15,12,16
S013,Y002V3,15,24,16
S013,S010,16,6,17
S013,K004,16,12,17
S013,K005,16,6,17
S013,K008,16,6,17
S013,R002,16,6,17
S013,R008,16,24,17
S013,R009,16,12,17
S013,Y004,16,6,17
S013,Y006,16,6,17
S013,B006V2,16,24,17
S013,B007V1,16,24,17
S013,B007V2,16,24,17
S013,S001V3,16,24,17
S013,S002V2,16,24,17
S013,S004V1,16,12,17
S013,S005V1,16,24,17
S013,S005V3,16,12,17
S013,S006V2,16,6,17
S013,S007V1,16,12,17
S013,S007V2,16,12,17
S013,S007V3,16,12,17
S013,K001V1,16,12,17
S013,K002V3,16,24,17
S013,K003V3,16,6,17
S013,K005V2,16,6,17
S013,K005V3,16,6,17
S013,K006V1,16,24,17
S013,K007V1,16,12,17
S013,R001V1,16,12,17
S013,R002V1,16,6,17
S013,R002V2,16,6,17
S013,R010V3,16,24,17
S013,Y002V2,16,24,17
S013,B003,17,24,18
S013,B004,17,12,18
S013,B005,17,12,18
S013,S001,17,24,18
S013,S003,17,24,18
S013,K004,17,12,18
S013,K005,17,6,18
S013,K006,17,24,18
S013,R006,17,6,18
S013,R009,17,12,18
S013,Y001,17,24,18
S013,A002,17,24,18
S013,A004,17,6,18
S013,B004V1,17,12,18
S013,B007V1,17,24,18
S013,B008V1,17,24,18
S013,B009V3,17,6,18
S013,S003V2,17,24,18
S013,S005V1,17,24,18
S013,S006V2,17,6,18
S013,S006V3,17,6,18
S013,S007V2,17,12,18
S013,S007V3,17,12,18
S013,S008V2,17,6,18
S013,K001V1,17,12,18
S013,K003V3,17,6,18
S013,K004V3,17,6,18
S013,K006V1,17,24,18
S013,K007V1,17,12,18
S013,K010V2,17,6,18
S013,R002V1,17,6,18
S013,R003V3,17,24,18
S013,R004V1,17,12,18
S013,R004V3,17,12,18
S013,R005V2,17,12,18
S013,R005V3,17,12,18
S013,R006V3,17,6,18
S013,R008V3,17,24,18
S013,R009V3,17,12,18
S013,R010V2,17,24,18
S013,Y001V2,17,24,18
S013,B004,18,12,19
S013,S010,18,6,19
S013,K004,18,6,19
S013,K005,18,6,19
S013,K006,18,24,19
S013,R002,18,6,19
S013,R003,18,24,19
S013,Y001,18,24,19
S013,A008,18,12,19
S013,B004V1,18,12,19
S013,B004V2,18,12,19
S013,B008V3,18,24,19
S013,B009V2,18,6,19
S013,B010V3,18,6,19
S013,S001V1,18,24,19
S013,S001V3,18,24,19
S013,S002V1,18,24,19
S013,S005V1,18,36,19
S013,S006V3,18,6,19
S013,S007V2,18,12,19
S013,K003V3,18,6,19
S013,K004V2,18,6,19
S013,K006V1,18,24,19
S013,K008V2,18,6,19
S013,K010V3,18,6,19
S013,R001V1,18,12,19
S013,R002V2,18,6,19
S013,R002V3,18,6,19
S013,R003V1,18,24,19
S013,R003V3,18,24,19
S013,R006V3,18,6,19
S013,R008V3,18,24,19
S013,R010V2,18,24,19
S013,B003,19,24,20
S013,B004,19,12,20
S013,B005,19,12,20
S013,S009,19,6,20
S013,K004,19,6,20
S013,K005,19,6,20
S013,R003,19,24,20
S013,R009,19,12,20
S013,A002,19,24,20
S013,B003V2,19,24,20
S013,B004V1,19,12,20
S013,B005V2,19,12,20
S013,B005V3,19,12,20
S013,B006V1,19,24,20
S013,B007V1,19,24,20
S013,B008V2,19,24,20
S013,B009V2,19,6,20
S013,B010V3,19,6,20
S013,S001V3,19,24,20
S013,S002V2,19,24,20
S013,S003V2,19,24,20
S013,S005V1,19,36,20
S013,S006V3,19,6,20
S013,S007V2,19,12,20
S013,S010V3,19,6,20
S013,K001V1,19,12,20
S013,K003V3,19,6,20
S013,K004V2,19,6,20
S013,K005V2,19,6,20
S013,K007V3,19,12,20
S013,R001V1,19,12,20
S013,R002V2,19,6,20
S013,R003V1,19,24,20
S013,R004V3,19,12,20
S013,R006V3,19,6,20
S013,R008V2,19,24,20
S013,R009V3,19,12,20
S013,Y002V2,19,24,20
S013,Y002V3,19,24,20
S013,B003,20,24,21
S013,B004,20,12,21
S013,B010,20,6,21
S013,S010,20,6,21
S013,K005,20,6,21
S013,R003,20,24,21
S013,R004,20,12,21
S013,R008,20,24,21
S013,B002V2,20,24,21
S013,B004V1,20,12,21
S013,B005V1,20,12,21
S013,B005V3,20,12,21
S013,B006V2,20,24,21
S013,B007V3,20,24,21
S013,B008V1,20,24,21
S013,B008V2,20,24,21
S013,B009V2,20,6,21
S013,B009V3,20,6,21
S013,B010V3,20,6,21
S013,S001V1,20,24,21
S013,S005V1,20,24,21
S013,S006V2,20,6,21
S013,S010V3,20,6,21
S013,K001V1,20,12,21
S013,K002V3,20,24,21
S013,K003V1,20,6,21
S013,K004V3,20,6,21
S013,K007V1,20,12,21
S013,R001V1,20,12,21
S013,R001V2,20,12,21
S013,R002V1,20,6,21
S013,R002V2,20,6,21
S013,R002V3,20,6,21
S013,R004V1,20,12,21
S013,R006V3,20,6,21
S013,R009V3,20,12,21
S013,Y002V2,20,24,21
S013,Y002V3,20,24,21
S013,B002,21,24,22
S013,B004,21,12,22
S013,B009,21,6,22
S013,S003,21,24,22
S013,S007,21,12,22
S013,K005,21,6,22
S013,K006,21,24,22
S013,R002,21,6,22
S013,R007,21,6,22
S013,A001,21,6,22
S013,B002V2,21,24,22
S013,B003V1,21,24,22
S013,B003V3,21,24,22
S013,B006V1,21,24,22
S013,B007V1,21,24,22
S013,B007V2,21,24,22
S013,B009V2,21,6,22
S013,S001V1,21,24,22
S013,S002V1,21,24,22
S013,S003V1,21,24,22
S013,S003V2,21,24,22
S013,S005V1,21,24,22
S013,K001V1,21,12,22
S013,K004V3,21,6,22
S013,K006V1,21,24,22
S013,K008V2,21,6,22
S013,K010V1,21,6,22
S013,R002V1,21,6,22
S013,R002V2,21,6,22
S013,R002V3,21,6,22
S013,R003V1,21,24,22
S013,R003V3,21,24,22
S013,R004V1,21,12,22
S013,R004V3,21,12,22
S013,R008V3,21,24,22
S013,Y002V3,21,24,22
S013,B004,22,12,23
S013,S001,22,24,23
S013,S009,22,6,23
S013,Y006,22,6,23
S013,B001V1,22,24,23
S013,B003V1,22,24,23
S013,B004V1,22,12,23
S013,B004V2,22,12,23
S013,B005V2,22,12,23
S013,B005V3,22,12,23
S013,B006V1,22,24,23
S013,B006V2,22,24,23
S013,B007V1,22,24,23
S013,B009V3,22,6,23
S013,S003V2,22,24,23
S013,S005V1,22,12,23
S013,S006V3,22,6,23
S013,S007V3,22,12,23
S013,S008V2,22,6,23
S013,K001V1,22,12,23
S013,K010V2,22,6,23
S013,R001V1,22,12,23
S013,R002V1,22,6,23
S013,R005V1,22,12,23
S013,R005V3,22,12,23
S013,R006V3,22,6,23
S013,Y002V3,22,24,23
S013,B009,23,6,24
S013,S001,23,24,24
S013,S005,23,12,24
S013,S007,23,12,24
S013,S010,23,6,24
S013,K005,23,6,24
S013,K006,23,24,24
S013,R002,23,6,24
S013,R003,23,24,24
S013,R004,23,12,24
S013,R008,23,24,24
S013,A002,23,24,24
S013,B004V1,23,12,24
S013,B006V1,23,24,24
S013,B006V2,23,24,24
S013,B007V2,23,24,24
S013,B008V1,23,24,24
S013,B010V1,23,6,24
S013,B010V3,23,6,24
S013,S002V2,23,24,24
S013,S004V1,23,12,24
S013,S005V1,23,24,24
S013,S005V2,23,12,24
S013,S009V2,23,6,24
S013,K004V3,23,6,24
S013,K008V2,23,6,24
S013,R001V1,23,12,24
S013,R001V3,23,12,24
S013,R002V1,23,6,24
S013,R006V3,23,6,24
S013,B002,24,24,25
S013,B009,24,6,25
S013,S003,24,24,25
S013,S005,24,12,25
S013,S010,24,6,25
S013,K005,24,6,25
S013,R006,24,6,25
S013,R009,24,12,25
S013,Y004,24,6,25
S013,A001,24,6,25
S013,B003V3,24,24,25
S013,B004V1,24,12,25
S013,B004V2,24,12,25
S013,B005V1,24,12,25
S013,B006V1,24,24,25
S013,B009V3,24,6,25
S013,B010V3,24,6,25
S013,S001V1,24,24,25
S013,S001V3,24,24,25
S013,S003V2,24,24,25
S013,S005V1,24,24,25
S013,S007V2,24,12,25
S013,S009V2,24,6,25
S013,K001V1,24,12,25
S013,K003V1,24,6,25
S013,K004V3,24,6,25
S013,K005V2,24,6,25
S013,K006V1,24,24,25
S013,K008V2,24,6,25
S013,K010V3,24,6,25
S013,R001V1,24,12,25
S013,R001V2,24,12,25
S013,R002V2,24,6,25
S013,R002V3,24,6,25
S013,R004V1,24,12,25
S013,R006V3,24,6,25
S013,R008V3,24,24,25
S013,R010V2,24,24,25
S013,Y001V2,24,24,25
S013,B002,25,24,26
S013,B003,25,24,26
S013,B009,25,6,26
S013,S001,25,24,26
S013,S009,25,6,26
S013,K004,25,6,26
S013,K005,25,6,26
S013,K006,25,24,26
S013,Y003,25,6,26
S013,B003V1,25,24,26
S013,B003V3,25,24,26
S013,B004V2,25,12,26
S013,B005V1,25,12,26
S013,B005V2,25,12,26
S013,B006V3,25,24,26
S013,B007V2,25,24,26
S013,S001V3,25,24,26
S013,S002V2,25,24,26
S013,S003V1,25,24,26
S013,S005V1,25,24,26
S013,S005V2,25,12,26
S013,S007V2,25,12,26
S013,S007V3,25,12,26
S013,K001V1,25,12,26
S013,K002V3,25,24,26
S013,K008V2,25,6,26
S013,R001V3,25,12,26
S013,R003V3,25,24,26
S013,R005V2,25,12,26
S013,R005V3,25,12,26
S013,R010V2,25,24,26
S013,Y002V2,25,24,26
S013,K004,26,6,27
S013,K006,26,24,27
S013,R002,26,6,27
S013,R003,26,24,27
S013,R004,26,12,27
S013,Y001,26,24,27
S013,Y006,26,6,27
S013,A002,26,24,27
S013,B005V1,26,12,27
S013,B005V3,26,12,27
S013,B006V1,26,24,27
S013,B007V2,26,24,27
S013,B008V1,26,24,27
S013,B008V3,26,24,27
S013,B009V3,26,6,27
S013,B010V1,26,6,27
S013,B010V3,26,6,27
S013,S001V1,26,24,27
S013,S003V1,26,24,27
S013,S004V1,26,12,27
S013,S005V1,26,24,27
S013,S006V2,26,6,27
S013,S007V3,26,12,27
S013,K003V3,26,6,27
S013,K004V3,26,6,27
S013,R001V1,26,12,27
S013,R001V2,26,12,27
S013,R002V1,26,6,27
S013,R002V2,26,6,27
S013,R002V3,26,6,27
S013,R003V1,26,24,27
S013,R003V3,26,24,27
S013,R004V2,26,12,27
S013,R006V3,26,6,27
S013,R007V3,26,6,27
S013,R010V2,26,24,27
S013,Y001V2,26,24,27
S013,Y002V1,26,24,27
S013,B002,27,24,28
S013,B007,27,24,28
S013,S001,27,24,28
S013,S005,27,12,28
S013,S009,27,6,28
S013,K004,27,6,28
S013,K005,27,6,28
S013,K006,27,24,28
S013,R004,27,12,28
S013,A001,27,6,28
S013,A005,27,6,28
S013,B004V2,27,12,28
S013,B007V1,27,24,28
S013,B009V3,27,6,28
S013,B010V1,27,6,28
S013,S002V1,27,24,28
S013,S003V1,27,24,28
S013,S003V2,27,24,28
S013,S004V1,27,12,28
S013,S005V1,27,24,28
S013,S005V2,27,12,28
S013,S005V3,27,12,28
S013,S006V2,27,6,28
S013,S007V2,27,12,28
S013,S007V3,27,12,28
S013,K001V1,27,12,28
S013,K002V3,27,24,28
S013,K003V1,27,6,28
S013,K004V3,27,6,28
S013,K007V1,27,12,28
S013,R001V1,27,12,28
S013,R002V1,27,6,28
S013,Y002V2,27,24,28
S013,B002,28,24,29
S013,B004,28,12,29
S013,S003,28,24,29
S013,S005,28,12,29
S013,K005,28,6,29
S013,R002,28,6,29
S013,Y006,28,6,29
S013,A008,28,12,29
S013,B001V1,28,24,29
S013,B003V1,28,24,29
S013,B006V1,28,24,29
S013,B009V3,28,6,29
S013,B010V1,28,6,29
S013,S001V1,28,24,29
S013,S003V1,28,24,29
S013,S003V2,28,24,29
S013,S004V3,28,12,29
S013,S005V1,28,24,29
S013,S005V3,28,12,29
S013,S006V3,28,6,29
S013,S007V3,28,12,29
S013,K001V1,28,12,29
S013,K003V3,28,6,29
S013,K004V3,28,6,29
S013,K005V2,28,6,29
S013,K009V2,28,6,29
S013,K010V2,28,6,29
S013,R001V1,28,12,29
S013,R001V3,28,12,29
S013,R002V2,28,6,29
S013,R003V1,28,24,29
S013,R004V2,28,12,29
S013,R006V3,28,6,29
S013,R007V3,28,6,29
S013,Y002V3,28,24,29
S013,B007,29,24,30
S013,S003,29,24,30
S013,S005,29,12,30
S013,S007,29,12,30
S013,S009,29,6,30
S013,S010,29,6,30
S013,K002,29,24,30
S013,K005,29,6,30
S013,R003,29,24,30
S013,Y004,29,6,30
S013,Y006,29,6,30
S013,A005,29,6,30
S013,A006,29,6,30
S013,B003V1,29,24,30
S013,B003V3,29,24,30
S013,B005V1,29,12,30
S013,B005V3,29,12,30
S013,B006V1,29,24,30
S013,S001V1,29,24,30
S013,S001V3,29,24,30
S013,S005V1,29,24,30
S013,S005V2,29,12,30
S013,S007V2,29,12,30
S013,S009V2,29,6,30
S013,S010V3,29,6,30
S013,K001V1,29,12,30
S013,K002V1,29,24,30
S013,K002V3,29,24,30
S013,K003V1,29,6,30
S013,K004V3,29,6,30
S013,K007V3,29,12,30
S013,K008V2,29,6,30
S013,K009V2,29,6,30
S013,R001V1,29,12,30
S013,R001V2,29,12,30
S013,R002V2,29,6,30
S013,R003V3,29,24,30
S013,R004V2,29,12,30
S013,R004V3,29,12,30
S013,R006V3,29,6,30
S013,B002,30,24,31
S013,B007,30,24,31
S013,S007,30,12,31
S013,K002,30,24,31
S013,K005,30,6,31
S013,R003,30,24,31
S013,R009,30,12,31
S013,B005V1,30,12,31
S013,B005V3,30,12,31
S013,B009V2,30,6,31
S013,B009V3,30,6,31
S013,S001V1,30,24,31
S013,S002V1,30,24,31
S013,S002V2,30,24,31
S013,S003V2,30,24,31
S013,S005V1,30,24,31
S013,S005V3,30,12,31
S013,S007V3,30,12,31
S013,K004V3,30,6,31
S013,K007V3,30,12,31
S013,R001V1,30,12,31
S013,R001V3,30,12,31
S013,R002V3,30,6,31
S013,R005V1,30,12,31
S013,R006V2,30,6,31
S013,R006V3,30,6,31
S013,R007V3,30,6,31
S013,R010V1,30,24,31
S013,R010V2,30,24,31
S013,B007,31,24,32
S013,S001,31,24,32
S013,S003,31,24,32
S013,S005,31,12,32
S013,S007,31,12,32
S013,K005,31,6,32
S013,Y002,31,24,32
S013,A008,31,12,32
S013,B002V3,31,24,32
S013,B003V3,31,24,32
S013,B004V1,31,12,32
S013,B005V3,31,12,32
S013,B006V1,31,24,32
S013,B007V2,31,24,32
S013,B009V2,31,6,32
S013,B009V3,31,6,32
S013,S001V1,31,24,32
S013,S002V1,31,24,32
S013,S005V1,31,24,32
S013,S006V2,31,6,32
S013,S006V3,31,6,32
S013,K001V1,31,12,32
S013,K001V2,31,12,32
S013,K004V3,31,6,32
S013,K010V2,31,6,32
S013,R001V1,31,12,32
S013,R002V1,31,6,32
S013,R002V2,31,6,32
S013,R002V3,31,6,32
S013,R003V1,31,24,32
S013,R003V3,31,24,32
S013,R004V2,31,12,32
S013,R008V2,31,24,32
S013,R008V3,31,24,32
S013,Y002V3,31,24,32
S013,B003,32,24,33
S013,B009,32,6,33
S013,S001,32,24,33
S013,S003,32,24,33
S013,S007,32,12,33
S013,S010,32,6,33
S013,K005,32,6,33
S013,Y006,32,6,33
S013,B003V3,32,24,33
S013,B005V3,32,12,33
S013,B007V2,32,24,33
S013,B009V2,32,6,33
S013,B010V3,32,6,33
S013,S003V1,32,24,33
S013,S003V2,32,24,33
S013,S004V3,32,12,33
S013,S005V3,32,12,33
S013,S006V3,32,6,33
S013,S007V3,32,12,33
S013,S010V3,32,6,33
S013,K001V1,32,12,33
S013,K002V3,32,24,33
S013,K003V1,32,6,33
S013,K004V3,32,6,33
S013,K008V2,32,6,33
S013,K009V2,32,6,33
S013,R001V1,32,12,33
S013,R004V1,32,12,33
S013,R005V3,32,12,33
S013,B004,33,12,34
S013,S003,33,24,34
S013,S007,33,12,34
S013,S009,33,6,34
S013,K005,33,6,34
S013,B003V3,33,24,34
S013,B005V1,33,12,34
S013,B006V1,33,24,34
S013,B006V2,33,24,34
S013,B007V2,33,24,34
S013,B009V1,33,6,34
S013,B009V2,33,6,34
S013,B009V3,33,6,34
S013,B010V3,33,6,34
S013,S004V3,33,12,34
S013,S005V1,33,12,34
S013,S007V3,33,12,34
S013,S010V3,33,6,34
S013,K003V3,33,6,34
S013,K004V3,33,6,34
S013,K008V3,33,6,34
S013,K009V2,33,6,34
S013,K010V2,33,6,34
S013,R001V1,33,12,34
S013,R002V2,33,6,34
S013,R003V1,33,24,34
S013,B004,34,12,35
S013,B007,34,24,35
S013,S005,34,12,35
S013,S007,34,12,35
S013,S008,34,6,35
S013,K004,34,6,35
S013,K005,34,6,35
S013,R004,34,12,35
S013,Y006,34,6,35
S013,A004,34,6,35
S013,B003V3,34,24,35
S013,B005V2,34,12,35
S013,B006V2,34,24,35
S013,B007V2,34,24,35
S013,B009V1,34,6,35
S013,B009V2,34,6,35
S013,B009V3,34,6,35
S013,S001V3,34,24,35
S013,S002V1,34,24,35
S013,S002V2,34,24,35
S013,S005V1,34,12,35
S013,S006V3,34,6,35
S013,S007V2,34,12,35
S013,S007V3,34,12,35
S013,K001V1,34,12,35
S013,K002V1,34,24,35
S013,K002V3,34,24,35
S013,K005V1,34,6,35
S013,K008V2,34,6,35
S013,K008V3,34,6,35
S013,K009V2,34,6,35
S013,R001V1,34,12,35
S013,R001V2,34,12,35
S013,R002V1,34,6,35
S013,R002V2,34,6,35
S013,R004V2,34,12,35
S013,R008V2,34,24,35
S013,Y002V3,34,24,35
S013,B002,35,24,36
S013,B005,35,12,36
S013,B007,35,24,36
S013,K002,35,24,36
S013,K005,35,6,36
S013,K006,35,24,36
S013,R002,35,6,36
S013,R008,35,24,36
S013,R009,35,12,36
S013,A001,35,6,36
S013,B002V2,35,24,36
S013,B002V3,35,24,36
S013,B003V1,35,24,36
S013,B005V2,35,12,36
S013,B006V1,35,24,36
S013,B006V2,35,24,36
S013,B008V1,35,24,36
S013,B008V2,35,24,36
S013,B009V2,35,6,36
S013,B009V3,35,6,36
S013,S003V1,35,24,36
S013,S004V1,35,12,36
S013,S004V3,35,12,36
S013,S005V1,35,12,36
S013,S005V2,35,12,36
S013,S007V3,35,12,36
S013,S009V2,35,6,36
S013,S010V1,35,6,36
S013,K001V1,35,12,36
S013,K002V1,35,24,36
S013,K003V1,35,6,36
S013,K003V3,35,6,36
S013,K004V2,35,6,36
S013,K004V3,35,6,36
S013,K006V1,35,24,36
S013,K007V1,35,12,36
S013,K007V3,35,12,36
S013,K009V2,35,6,36
S013,K010V2,35,6,36
S013,R001V2,35,12,36
S013,R001V3,35,12,36
S013,R003V3,35,24,36
S013,R006V3,35,6,36
S013,R010V3,35,24,36
S013,S001,36,24,37
S013,K005,36,6,37
S013,K010,36,6,37
S013,A001,36,6,37
S013,B001V2,36,24,37
S013,B005V2,36,12,37
S013,B006V1,36,24,37
S013,B007V1,36,24,37
S013,B007V2,36,24,37
S013,B008V1,36,24,37
S013,B009V2,36,6,37
S013,B009V3,36,6,37
S013,B010V3,36,6,37
S013,S001V1,36,24,37
S013,S003V2,36,24,37
S013,S006V2,36,6,37
S013,S006V3,36,6,37
S013,S007V2,36,12,37
S013,S010V1,36,6,37
S013,K001V3,36,12,37
S013,K003V3,36,6,37
S013,K004V3,36,6,37
S013,K005V2,36,6,37
S013,K008V2,36,6,37
S013,R002V2,36,6,37
S013,R002V3,36,6,37
S013,R003V1,36,24,37
S013,R004V2,36,12,37
S013,R004V3,36,12,37
S013,R005V1,36,12,37
S013,R005V2,36,12,37
S013,R006V2,36,6,37
S013,R009V1,36,12,37
S013,R009V2,36,12,37
S013,R009V3,36,12,37
S013,R010V2,36,24,37
S013,Y001V2,36,24,37
S013,Y002V2,36,24,37
S013,B002,37,24,38
S013,B005,37,12,38
S013,B007,37,24,38
S013,B008,37,24,38
S013,S001,37,24,38
S013,S003,37,24,38
S013,S005,37,12,38
S013,S006,37,6,38
S013,S009,37,6,38
S013,K010,37,6,38
S013,R008,37,24,38
S013,A002,37,24,38
S013,B002V3,37,24,38
S013,B006V1,37,24,38
S013,B009V3,37,6,38
S013,B010V1,37,6,38
S013,S001V3,37,24,38
S013,S004V1,37,12,38
S013,S006V2,37,6,38
S013,S009V2,37,6,38
S013,K001V1,37,12,38
S013,K004V3,37,6,38
S013,K008V3,37,6,38
S013,R001V1,37,12,38
S013,R002V1,37,6,38
S013,R002V2,37,6,38
S013,R003V3,37,24,38
S013,R004V1,37,12,38
S013,R004V2,37,12,38
S013,R005V3,37,12,38
S013,R006V3,37,6,38
S013,R009V3,37,12,38
S013,B002,38,24,39
S013,B005,38,12,39
S013,S007,38,12,39
S013,S010,38,6,39
S013,K002,38,24,39
S013,K006,38,24,39
S013,K010,38,6,39
S013,R004,38,12,39
S013,R008,38,24,39
S013,R009,38,12,39
S013,Y001,38,24,39
S013,A001,38,6,39
S013,B005V1,38,12,39
S013,B005V2,38,12,39
S013,B006V1,38,24,39
S013,B009V3,38,6,39
S013,S001V1,38,24,39
S013,S002V1,38,24,39
S013,S002V2,38,24,39
S013,S005V1,38,12,39
S013,S009V2,38,6,39
S013,K001V1,38,12,39
S013,K001V3,38,12,39
S013,K003V1,38,6,39
S013,K004V2,38,6,39
S013,K004V3,38,6,39
S013,K005V2,38,6,39
S013,K006V1,38,24,39
S013,K007V3,38,12,39
S013,K008V2,38,6,39
S013,K009V2,38,6,39
S013,K010V2,38,6,39
S013,R001V1,38,12,39
S013,R003V1,38,24,39
S013,R004V2,38,12,39
S013,R004V3,38,12,39
S013,R006V3,38,6,39
S013,R010V1,38,24,39
S013,Y002V2,38,24,39
S013,B002,39,24,40
S013,S003,39,24,40
S013,S005,39,12,40
S013,S007,39,12,40
S013,S010,39,6,40
S013,K003,39,6,40
S013,K005,39,6,40
S013,K006,39,24,40
S013,K010,39,6,40
S013,R004,39,12,40
S013,R006,39,6,40
S013,A003,39,24,40
S013,B001V2,39,24,40
S013,B002V2,39,24,40
S013,B002V3,39,24,40
S013,B004V1,39,12,40
S013,B006V1,39,24,40
S013,B009V3,39,6,40
S013,S001V1,39,24,40
S013,S003V1,39,24,40
S013,S005V1,39,12,40
S013,S006V3,39,6,40
S013,S007V1,39,12,40
S013,S007V2,39,12,40
S013,S007V3,39,12,40
S013,S010V3,39,6,40
S013,K001V1,39,12,40
S013,K002V3,39,24,40
S013,K003V3,39,6,40
S013,K004V3,39,6,40
S013,K008V2,39,6,40
S013,K009V2,39,6,40
S013,R001V1,39,12,40
S013,R002V1,39,6,40
S013,R003V3,39,24,40
S013,R005V3,39,12,40
S013,R007V3,39,6,40
S013,R009V3,39,12,40
S013,R010V1,39,24,40
S013,R010V2,39,24,40
S013,Y001V2,39,24,40
S013,Y002V2,39,24,40
S013,Y002V3,39,24,40
S013,B003,40,24,41
S013,B004,40,12,41
S013,B005,40,12,41
S013,B007,40,24,41
S013,K005,40,6,41
S013,R003,40,24,41
S013,R009,40,12,41
S013,A001,40,6,41
S013,B001V2,40,24,41
S013,B003V3,40,24,41
S013,B007V1,40,24,41
S013,B007V2,40,24,41
S013,B009V3,40,6,41
S013,B010V3,40,6,41
S013,S002V2,40,24,41
S013,S003V2,40,24,41
S013,S005V1,40,12,41
S013,S005V3,40,12,41
S013,S006V2,40,6,41
S013,S006V3,40,6,41
S013,K003V1,40,6,41
S013,K005V2,40,6,41
S013,K008V1,40,6,41
S013,K008V2,40,6,41
S013,K009V2,40,6,41
S013,R001V1,40,12,41
S013,R001V2,40,12,41
S013,R002V2,40,6,41
S013,R008V3,40,24,41
S013,R010V2,40,24,41
S013,Y002V1,40,24,41
S013,Y002V3,40,24,41
S013,B005,41,12,42
S013,B009,41,6,42
S013,S001,41,24,42
S013,S007,41,12,42
S013,S009,41,6,42
S013,S010,41,6,42
S013,R003,41,24,42
S013,R004,41,12,42
S013,A002,41,24,42
S013,B003V2,41,24,42
S013,B003V3,41,24,42
S013,B004V1,41,12,42
S013,B006V2,41,24,42
S013,B009V2,41,6,42
S013,B009V3,41,6,42
S013,B010V3,41,6,42
S013,S004V1,41,12,42
S013,S005V1,41,12,42
S013,S006V2,41,6,42
S013,K001V1,41,12,42
S013,K002V1,41,24,42
S013,K003V1,41,6,42
S013,K004V2,41,6,42
S013,K004V3,41,6,42
S013,K005V1,41,6,42
S013,K007V1,41,12,42
S013,K009V2,41,6,42
S013,R001V1,41,12,42
S013,R002V1,41,6,42
S013,R002V2,41,6,42
S013,R003V1,41,24,42
S013,R004V1,41,12,42
S013,R004V2,41,12,42
S013,R004V3,41,12,42
S013,R005V3,41,12,42
S013,R010V2,41,24,42
S013,B002,42,24,43
S013,B005,42,12,43
S013,S001,42,24,43
S013,S010,42,6,43
S013,K005,42,6,43
S013,K009,42,6,43
S013,R004,42,12,43
S013,R009,42,12,43
S013,A001,42,6,43
S013,B004V1,42,12,43
S013,B007V2,42,24,43
S013,B008V1,42,24,43
S013,B009V2,42,6,43
S013,B009V3,42,6,43
S013,S002V1,42,24,43
S013,S005V1,42,12,43
S013,S009V2,42,6,43
S013,K001V1,42,12,43
S013,R001V1,42,12,43
S013,R004V2,42,12,43
S013,R006V1,42,6,43
S013,R006V3,42,6,43
S013,R008V2,42,24,43
S013,R009V3,42,12,43
S013,R010V2,42,24,43
S013,Y002V3,42,24,43
S013,S009,43,6,44
S013,S010,43,6,44
S013,K006,43,24,44
S013,R003,43,24,44
S013,R009,43,12,44
S013,Y006,43,6,44
S013,B005V1,43,12,44
S013,B005V3,43,12,44
S013,B006V1,43,24,44
S013,B006V2,43,24,44
S013,B009V1,43,6,44
S013,B009V3,43,6,44
S013,B010V1,43,6,44
S013,S002V2,43,24,44
S013,S004V1,43,12,44
S013,S005V1,43,12,44
S013,S009V2,43,6,44
S013,K001V1,43,12,44
S013,K003V3,43,6,44
S013,K004V3,43,6,44
S013,K008V3,43,6,44
S013,R002V1,43,6,44
S013,R002V2,43,6,44
S013,R003V1,43,24,44
S013,R004V2,43,12,44
S013,R005V3,43,12,44
S013,R007V3,43,6,44
S013,R008V3,43,24,44
S013,R009V1,43,12,44
S013,R010V3,43,24,44
S013,B001,44,24,45
S013,B002,44,24,45
S013,B009,44,6,45
S013,S005,44,12,45
S013,S007,44,12,45
S013,S008,44,6,45
S013,S009,44,6,45
S013,S010,44,6,45
S013,K003,44,6,45
S013,K005,44,6,45
S013,K006,44,24,45
S013,A001,44,6,45
S013,A002,44,24,45
S013,B001V1,44,24,45
S013,B002V3,44,24,45
S013,B004V2,44,12,45
S013,B005V2,44,12,45
S013,B005V3,44,12,45
S013,B006V1,44,24,45
S013,B009V3,44,6,45
S013,B010V3,44,6,45
S013,S001V3,44,24,45
S013,S002V1,44,24,45
S013,S003V2,44,24,45
S013,S004V1,44,12,45
S013,S004V3,44,12,45
S013,S005V1,44,12,45
S013,S006V3,44,6,45
S013,S009V2,44,6,45
S013,S010V2,44,6,45
S013,K003V3,44,6,45
S013,K004V3,44,6,45
S013,K006V1,44,24,45
S013,K008V2,44,6,45
S013,K009V2,44,6,45
S013,R001V1,44,12,45
S013,R002V2,44,6,45
S013,R003V3,44,24,45
S013,R006V3,44,6,45
S013,R007V3,44,6,45
S013,R009V3,44,12,45
S013,R010V2,44,24,45
S013,Y002V3,44,24,45
S013,B004,45,12,46
S013,B005,45,12,46
S013,B007,45,24,46
S013,S003,45,24,46
S013,S009,45,6,46
S013,K005,45,6,46
S013,K006,45,24,46
S013,R006,45,6,46
S013,R009,45,12,46
S013,B002V3,45,24,46
S013,B003V2,45,24,46
S013,B004V2,45,12,46
S013,S002V2,45,24,46
S013,S003V2,45,24,46
S013,S004V1,45,12,46
S013,S005V1,45,12,46
S013,S006V2,45,6,46
S013,S006V3,45,6,46
S013,S007V2,45,12,46
S013,K001V1,45,12,46
S013,K003V3,45,6,46
S013,K006V1,45,24,46
S013,K008V3,45,6,46
S013,K010V1,45,6,46
S013,R001V1,45,12,46
S013,R003V3,45,24,46
S013,R004V2,45,12,46
S013,R007V3,45,6,46
S013,R008V3,45,24,46
S013,R010V2,45,24,46
S013,S009,46,6,47
S013,K005,46,6,47
S013,K009,46,6,47
S013,R008,46,24,47
S013,R009,46,12,47
S013,A004,46,6,47
S013,A006,46,6,47
S013,B003V3,46,24,47
S013,B005V1,46,12,47
S013,B005V3,46,12,47
S013,B009V3,46,6,47
S013,B010V1,46,6,47
S013,S005V1,46,12,47
S013,S006V3,46,6,47
S013,K001V1,46,12,47
S013,K004V3,46,6,47
S013,K005V2,46,6,47
S013,K005V3,46,6,47
S013,K006V1,46,24,47
S013,K008V2,46,6,47
S013,R002V1,46,6,47
S013,R002V3,46,6,47
S013,R004V1,46,12,47
S013,R004V3,46,12,47
S013,R005V1,46,12,47
S013,R007V3,46,6,47
S013,B003,47,24,48
S013,B007,47,24,48
S013,S007,47,12,48
S013,S009,47,6,48
S013,S010,47,6,48
S013,K004,47,6,48
S013,R002,47,6,48
S013,B004V1,47,12,48
S013,B005V2,47,12,48
S013,B007V2,47,24,48
S013,B010V1,47,6,48
S013,S001V1,47,24,48
S013,S002V2,47,24,48
S013,S003V2,47,24,48
S013,S004V1,47,12,48
S013,S006V2,47,6,48
S013,S006V3,47,6,48
S013,K001V1,47,12,48
S013,K002V3,47,24,48
S013,K004V2,47,6,48
S013,K005V2,47,6,48
S013,K005V3,47,6,48
S013,K008V2,47,6,48
S013,K009V1,47,6,48
S013,K010V1,47,6,48
S013,R001V1,47,12,48
S013,R002V2,47,6,48
S013,R003V1,47,24,48
S013,R004V3,47,12,48
S013,R006V3,47,6,48
S013,R010V1,47,24,48
S013,Y002V2,47,24,48
S013,B004,48,12,49
S013,B005,48,12,49
S013,B007,48,24,49
S013,B009,48,6,49
S013,S001,48,24,49
S013,S007,48,12,49
S013,S010,48,6,49
S013,K002,48,24,49
S013,K004,48,6,49
S013,K005,48,6,49
S013,R003,48,24,49
S013,R008,48,24,49
S013,Y003,48,6,49
S013,Y004,48,6,49
S013,A003,48,24,49
S013,B002V2,48,24,49
S013,B002V3,48,24,49
S013,B004V2,48,12,49
S013,B005V2,48,12,49
S013,B007V1,48,24,49
S013,B007V2,48,24,49
S013,B009V2,48,6,49
S013,S001V1,48,24,49
S013,S002V1,48,24,49
S013,S005V1,48,12,49
S013,S007V2,48,12,49
S013,K001V1,48,12,49
S013,K003V1,48,6,49
S013,K004V3,48,6,49
S013,K005V3,48,6,49
S013,R001V1,48,12,49
S013,R002V1,48,6,49
S013,R008V3,48,24,49
S013,R009V3,48,12,49
S013,S005,49,12,50
S013,S009,49,6,50
S013,K004,49,6,50
S013,K005,49,6,50
S013,K008,49,6,50
S013,K010,49,6,50
S013,R002,49,6,50
S013,R008,49,24,50
S013,R009,49,12,50
S013,Y001,49,24,50
S013,A001,49,6,50
S013,B007V1,49,24,50
S013,B007V2,49,24,50
S013,B009V2,49,6,50
S013,B009V3,49,6,50
S013,B010V3,49,6,50
S013,S001V3,49,24,50
S013,S002V2,49,24,50
S013,S005V1,49,12,50
S013,S006V1,49,6,50
S013,S006V2,49,6,50
S013,S007V3,49,12,50
S013,S010V2,49,6,50
S013,K001V1,49,12,50
S013,K002V1,49,24,50
S013,K005V1,49,6,50
S013,K008V2,49,6,50
S013,K010V1,49,6,50
S013,K010V3,49,6,50
S013,R001V1,49,12,50
S013,R002V2,49,6,50
S013,R003V3,49,24,50
S013,R004V1,49,12,50
S013,R005V1,49,12,50
S013,R005V2,49,12,50
S013,R005V3,49,12,50
S013,R006V3,49,6,50
S013,R007V3,49,6,50
S013,R008V3,49,24,50
S013,R009V3,49,12,50
S013,Y001V3,49,24,50
S013,B002,50,24,51
S013,B003,50,24,51
S013,B005,50,12,51
S013,S005,50,12,51
S013,S007,50,12,51
S013,S009,50,6,51
S013,K002,50,24,51
S013,K003,50,6,51
S013,K006,50,24,51
S013,K009,50,6,51
S013,R003,50,24,51
S013,Y006,50,6,51
S013,A002,50,24,51
S013,B005V3,50,12,51
S013,B007V2,50,24,51
S013,B008V2,50,24,51
S013,B009V3,50,6,51
S013,B010V3,50,6,51
S013,S002V1,50,24,51
S013,S002V2,50,24,51
S013,S004V1,50,12,51
S013,S005V1,50,12,51
S013,S005V3,50,12,51
S013,S006V1,50,6,51
S013,S006V2,50,6,51
S013,K001V1,50,12,51
S013,K003V3,50,6,51
S013,K004V2,50,6,51
S013,K005V1,50,6,51
S013,K007V1,50,12,51
S013,K007V3,50,12,51
S013,K008V1,50,6,51
S013,K008V3,50,6,51
S013,K009V3,50,6,51
S013,R001V1,50,12,51
S013,R002V1,50,6,51
S013,R002V2,50,6,51
S013,R003V3,50,24,51
S013,R006V3,50,6,51
S013,R009V3,50,12,51
S013,Y002V2,50,24,51
S013,B002,51,24,52
S013,S005,51,12,52
S013,K003,51,6,52
S013,K005,51,6,52
S013,K008,51,6,52
S013,K009,51,6,52
S013,K010,51,6,52
S013,R002,51,6,52
S013,A002,51,24,52
S013,B004V1,51,12,52
S013,B006V2,51,24,52
S013,B007V2,51,24,52
S013,B008V1,51,24,52
S013,B009V1,51,6,52
S013,B009V2,51,6,52
S013,B009V3,51,6,52
S013,S004V1,51,12,52
S013,S005V1,51,12,52
S013,S006V2,51,6,52
S013,S007V1,51,12,52
S013,S007V2,51,12,52
S013,K001V1,51,12,52
S013,K002V1,51,24,52
S013,K004V3,51,6,52
S013,K005V3,51,6,52
S013,K006V1,51,24,52
S013,K007V1,51,12,52
S013,K008V2,51,6,52
S013,R001V1,51,12,52
S013,R002V1,51,6,52
S013,R002V3,51,6,52
S013,R003V1,51,24,52
S013,R003V3,51,24,52
S013,R004V1,51,12,52
S013,R009V3,51,12,52
S014,B003,1,24,2
S014,B005,1,12,2
S014,S001,1,24,2
S014,S002,1,24,2
S014,S003,1,24,2
S014,S008,1,6,2
S014,K001,1,12,2
S014,K002,1,24,2
S014,K004,1,6,2
S014,K005,1,24,2
S014,K008,1,6,2
S014,R001,1,12,2
S014,B001V3,1,24,2
S014,B002V1,1,24,2
S014,B007V2,1,24,2
S014,B009V2,1,6,2
S014,B009V3,1,36,2
S014,B010V1,1,6,2
S014,S001V3,1,24,2
S014,S003V2,1,24,2
S014,S004V1,1,12,2
S014,S005V1,1,24,2
S014,S008V2,1,6,2
S014,S009V1,1,6,2
S014,S009V2,1,6,2
S014,S010V2,1,6,2
S014,K001V1,1,36,2
S014,K002V1,1,24,2
S014,K002V3,1,24,2
S014,K004V3,1,24,2
S014,K008V2,1,6,2
S014,K009V1,1,6,2
S014,K009V2,1,6,2
S014,R001V1,1,48,2
S014,R003V3,1,24,2
S014,R004V3,1,12,2
S014,R005V2,1,12,2
S014,R007V3,1,6,2
S014,R009V2,1,12,2
S014,R009V3,1,12,2
S014,R010V2,1,24,2
S014,Y001V1,1,24,2
S014,B002,2,24,3
S014,B003,2,24,3
S014,B005,2,12,3
S014,S002,2,24,3
S014,S007,2,12,3
S014,K004,2,12,3
S014,K005,2,24,3
S014,K006,2,24,3
S014,K010,2,6,3
S014,R001,2,12,3
S014,R003,2,24,3
S014,R008,2,24,3
S014,R009,2,12,3
S014,R010,2,24,3
S014,Y001,2,24,3
S014,Y004,2,6,3
S014,A001,2,6,3
S014,B002V1,2,24,3
S014,B003V1,2,24,3
S014,B004V1,2,12,3
S014,B004V2,2,12,3
S014,B006V2,2,24,3
S014,B009V3,2,36,3
S014,S002V1,2,24,3
S014,S003V2,2,24,3
S014,S005V1,2,24,3
S014,S005V3,2,12,3
S014,S006V3,2,6,3
S014,S009V1,2,6,3
S014,S009V2,2,6,3
S014,S009V3,2,6,3
S014,K001V1,2,72,3
S014,K002V1,2,24,3
S014,K003V1,2,6,3
S014,K003V2,2,6,3
S014,K004V2,2,6,3
S014,K004V3,2,30,3
S014,K007V1,2,12,3
S014,K008V3,2,6,3
S014,K009V1,2,6,3
S014,K009V2,2,6,3
S014,K009V3,2,6,3
S014,K010V1,2,6,3
S014,R001V1,2,36,3
S014,R002V1,2,6,3
S014,R002V3,2,6,3
S014,R003V1,2,24,3
S014,R003V2,2,24,3
S014,R003V3,2,24,3
S014,R004V1,2,12,3
S014,R005V2,2,12,3
S014,R005V3,2,12,3
S014,R006V1,2,6,3
S014,R007V1,2,6,3
S014,Y002V2,2,24,3
S014,Y002V3,2,24,3
S014,B005,3,12,4
S014,B006,3,24,4
S014,S001,3,24,4
S014,S002,3,24,4
S014,K001,3,12,4
S014,K004,3,12,4
S014,K005,3,30,4
S014,K010,3,6,4
S014,R002,3,6,4
S014,R010,3,24,4
S014,A001,3,6,4
S014,A003,3,24,4
S014,B002V1,3,24,4
S014,B003V2,3,24,4
S014,B005V3,3,12,4
S014,B006V2,3,24,4
S014,B009V3,3,24,4
S014,S005V1,3,36,4
S014,S005V3,3,12,4
S014,S007V2,3,12,4
S014,S009V2,3,12,4
S014,K001V1,3,12,4
S014,K004V3,3,30,4
S014,K005V1,3,6,4
S014,K005V3,3,6,4
S014,K009V1,3,6,4
S014,K009V2,3,6,4
S014,R001V1,3,36,4
S014,R001V2,3,12,4
S014,R002V1,3,6,4
S014,R004V3,3,12,4
S014,R005V1,3,12,4
S014,R006V3,3,6,4
S014,R008V1,3,24,4
S014,R008V3,3,24,4
S014,R009V3,3,12,4
S014,R010V2,3,24,4
S014,Y002V2,3,24,4
S014,Y002V3,3,24,4
S014,B003,4,24,5
S014,B005,4,12,5
S014,S003,4,24,5
S014,S007,4,12,5
S014,K002,4,24,5
S014,K004,4,12,5
S014,K005,4,24,5
S014,K006,4,24,5
S014,K009,4,6,5
S014,K010,4,6,5
S014,R003,4,24,5
S014,R008,4,24,5
S014,R009,4,12,5
S014,Y004,4,6,5
S014,A006,4,6,5
S014,B004V1,4,12,5
S014,B004V2,4,12,5
S014,B005V3,4,12,5
S014,B007V2,4,24,5
S014,S001V3,4,24,5
S014,S002V1,4,24,5
S014,S005V1,4,24,5
S014,S009V2,4,12,5
S014,K001V1,4,12,5
S014,K002V1,4,24,5
S014,K002V3,4,24,5
S014,K003V3,4,6,5
S014,K004V2,4,6,5
S014,K004V3,4,30,5
S014,K005V1,4,6,5
S014,K007V1,4,12,5
S014,K008V2,4,6,5
S014,K009V1,4,6,5
S014,K009V2,4,6,5
S014,K009V3,4,6,5
S014,K010V1,4,6,5
S014,R001V1,4,24,5
S014,R001V2,4,12,5
S014,R002V3,4,6,5
S014,R003V1,4,24,5
S014,R004V1,4,12,5
S014,R004V2,4,12,5
S014,R005V2,4,12,5
S014,R005V3,4,12,5
S014,R007V3,4,6,5
S014,R009V3,4,12,5
S014,R010V2,4,24,5
S014,R010V3,4,24,5
S014,B002,5,24,6
S014,B006,5,24,6
S014,S002,5,24,6
S014,S007,5,12,6
S014,K001,5,12,6
S014,K004,5,12,6
S014,K005,5,48,6
S014,K009,5,6,6
S014,K010,5,6,6
S014,R008,5,24,6
S014,R009,5,12,6
S014,Y001,5,24,6
S014,Y004,5,6,6
S014,A002,5,24,6
S014,A007,5,6,6
S014,B001V3,5,24,6
S014,B006V2,5,24,6
S014,B007V2,5,24,6
S014,B009V3,5,6,6
S014,S001V3,5,24,6
S014,S005V1,5,12,6
S014,S005V3,5,12,6
S014,S006V2,5,6,6
S014,S009V2,5,12,6
S014,S009V3,5,6,6
S014,K001V1,5,12,6
S014,K001V2,5,12,6
S014,K003V1,5,6,6
S014,K007V1,5,12,6
S014,K008V3,5,6,6
S014,K009V2,5,6,6
S014,R001V1,5,48,6
S014,R001V2,5,12,6
S014,R002V1,5,6,6
S014,R002V3,5,6,6
S014,R004V2,5,12,6
S014,R006V3,5,6,6
S014,R007V3,5,6,6
S014,R008V1,5,24,6
S014,Y001V1,5,24,6
S014,Y001V2,5,24,6
S014,Y002V3,5,24,6
S014,B003,6,24,7
S014,S001,6,24,7
S014,S002,6,24,7
S014,S003,6,24,7
S014,S007,6,12,7
S014,K001,6,12,7
S014,K004,6,6,7
S014,K005,6,18,7
S014,K006,6,24,7
S014,R007,6,6,7
S014,A002,6,24,7
S014,A006,6,6,7
S014,B001V3,6,24,7
S014,B003V1,6,24,7
S014,B007V2,6,24,7
S014,B009V3,6,6,7
S014,B010V1,6,6,7
S014,S001V3,6,24,7
S014,S006V3,6,6,7
S014,S007V2,6,12,7
S014,S008V3,6,6,7
S014,S009V1,6,6,7
S014,S009V2,6,12,7
S014,K001V1,6,12,7
S014,K003V2,6,6,7
S014,K003V3,6,6,7
S014,K010V1,6,6,7
S014,R001V1,6,24,7
S014,R003V3,6,24,7
S014,R004V2,6,12,7
S014,R005V1,6,12,7
S014,R006V3,6,6,7
S014,R007V3,6,6,7
S014,R008V1,6,24,7
S014,R008V3,6,24,7
S014,Y002V2,6,24,7
S014,B002,7,24,8
S014,B005,7,12,8
S014,S001,7,24,8
S014,S002,7,24,8
S014,S003,7,24,8
S014,S005,7,12,8
S014,K004,7,12,8
S014,K005,7,24,8
S014,K009,7,6,8
S014,K010,7,6,8
S014,R002,7,6,8
S014,R006,7,6,8
S014,R009,7,12,8
S014,B001V3,7,24,8
S014,B004V1,7,12,8
S014,B005V3,7,12,8
S014,B006V2,7,24,8
S014,B007V2,7,24,8
S014,B008V3,7,24,8
S014,B009V3,7,6,8
S014,S002V1,7,24,8
S014,S005V1,7,12,8
S014,S005V2,7,12,8
S014,S007V2,7,12,8
S014,S008V2,7,6,8
S014,S009V1,7,6,8
S014,S009V2,7,6,8
S014,K001V1,7,12,8
S014,K003V1,7,6,8
S014,K004V3,7,6,8
S014,K005V1,7,6,8
S014,K008V3,7,6,8
S014,K009V2,7,6,8
S014,K010V1,7,6,8
S014,R001V1,7,36,8
S014,R002V1,7,6,8
S014,R003V2,7,24,8
S014,R004V1,7,12,8
S014,R007V3,7,6,8
S014,R009V1,7,12,8
S014,Y002V2,7,24,8
S014,Y002V3,7,24,8
S014,B003,8,24,9
S014,S001,8,24,9
S014,S002,8,24,9
S014,K004,8,12,9
S014,K005,8,36,9
S014,K010,8,6,9
S014,R001,8,12,9
S014,Y003,8,6,9
S014,A007,8,6,9
S014,B001V3,8,24,9
S014,B004V2,8,12,9
S014,B006V3,8,24,9
S014,B009V3,8,6,9
S014,B010V1,8,6,9
S014,S001V3,8,24,9
S014,S002V1,8,24,9
S014,S003V2,8,24,9
S014,S005V1,8,12,9
S014,S006V3,8,6,9
S014,S009V2,8,12,9
S014,S009V3,8,6,9
S014,K001V1,8,12,9
S014,K002V3,8,24,9
S014,K003V2,8,6,9
S014,K004V3,8,6,9
S014,K009V1,8,6,9
S014,K009V2,8,6,9
S014,R001V1,8,36,9
S014,R002V1,8,6,9
S014,R002V3,8,6,9
S014,R003V1,8,24,9
S014,R003V2,8,24,9
S014,R003V3,8,24,9
S014,R007V1,8,6,9
S014,R008V3,8,24,9
S014,R009V1,8,12,9
S014,Y001V1,8,24,9
S014,B002,9,24,10
S014,B003,9,24,10
S014,B006,9,24,10
S014,S002,9,24,10
S014,S004,9,12,10
S014,S007,9,12,10
S014,K004,9,6,10
S014,K005,9,24,10
S014,R001,9,12,10
S014,R002,9,6,10
S014,R003,9,24,10
S014,Y001,9,24,10
S014,A001,9,6,10
S014,A002,9,24,10
S014,B001V1,9,24,10
S014,B002V1,9,24,10
S014,B002V3,9,24,10
S014,B006V2,9,24,10
S014,B009V3,9,6,10
S014,S001V3,9,24,10
S014,S003V2,9,24,10
S014,S004V1,9,12,10
S014,S005V1,9,12,10
S014,S005V2,9,12,10
S014,S005V3,9,12,10
S014,S006V2,9,6,10
S014,S006V3,9,6,10
S014,S007V2,9,12,10
S014,S009V1,9,6,10
S014,S009V2,9,12,10
S014,K001V1,9,12,10
S014,K002V1,9,24,10
S014,K003V1,9,6,10
S014,K003V2,9,6,10
S014,K004V2,9,6,10
S014,K004V3,9,6,10
S014,K005V1,9,6,10
S014,K008V1,9,6,10
S014,K008V3,9,6,10
S014,K009V2,9,6,10
S014,K010V1,9,6,10
S014,R001V1,9,24,10
S014,R002V1,9,6,10
S014,R004V2,9,12,10
S014,R005V3,9,12,10
S014,R006V3,9,6,10
S014,R007V1,9,6,10
S014,R008V3,9,24,10
S014,R009V2,9,12,10
S014,Y001V1,9,24,10
S014,Y002V3,9,24,10
S014,B006,10,24,11
S014,S001,10,24,11
S014,S003,10,24,11
S014,S005,10,12,11
S014,K001,10,12,11
S014,K002,10,24,11
S014,K004,10,6,11
S014,K005,10,24,11
S014,K006,10,24,11
S014,R001,10,12,11
S014,R003,10,24,11
S014,R009,10,12,11
S014,B001V3,10,24,11
S014,B002V1,10,24,11
S014,B003V1,10,24,11
S014,B004V1,10,12,11
S014,B007V2,10,24,11
S014,B009V3,10,6,11
S014,S005V1,10,12,11
S014,S005V3,10,12,11
S014,S006V3,10,6,11
S014,S007V2,10,12,11
S014,S009V1,10,6,11
S014,S009V2,10,12,11
S014,K002V1,10,24,11
S014,K004V3,10,6,11
S014,K007V1,10,12,11
S014,K010V1,10,6,11
S014,R001V1,10,48,11
S014,R001V2,10,12,11
S014,R003V1,10,24,11
S014,R004V1,10,12,11
S014,R005V1,10,12,11
S014,R007V1,10,6,11
S014,R008V1,10,24,11
S014,R009V2,10,12,11
S014,B002,11,24,12
S014,B007,11,24,12
S014,B010,11,6,12
S014,S002,11,24,12
S014,K005,11,12,12
S014,R008,11,24,12
S014,R010,11,24,12
S014,A002,11,24,12
S014,A003,11,24,12
S014,B004V3,11,12,12
S014,B009V2,11,6,12
S014,B009V3,11,6,12
S014,B010V1,11,6,12
S014,S004V1,11,12,12
S014,S005V1,11,12,12
S014,S005V2,11,12,12
S014,S005V3,11,12,12
S014,S007V1,11,12,12
S014,S009V2,11,6,12
S014,S009V3,11,6,12
S014,K003V2,11,6,12
S014,K004V2,11,6,12
S014,K004V3,11,6,12
S014,K008V3,11,6,12
S014,K009V2,11,6,12
S014,R001V1,11,48,12
S014,R002V1,11,6,12
S014,R004V3,11,12,12
S014,R005V1,11,12,12
S014,R005V3,11,12,12
S014,R006V3,11,6,12
S014,R007V3,11,6,12
S014,R008V3,11,24,12
S014,Y002V2,11,24,12
S014,B003,12,24,13
S014,B005,12,12,13
S014,B006,12,24,13
S014,B007,12,24,13
S014,S001,12,24,13
S014,S002,12,24,13
S014,K001,12,12,13
S014,K004,12,6,13
S014,K005,12,30,13
S014,K009,12,6,13
S014,R003,12,24,13
S014,A006,12,6,13
S014,B002V1,12,24,13
S014,B004V2,12,12,13
S014,B005V3,12,12,13
S014,B006V1,12,24,13
S014,B009V2,12,6,13
S014,S002V1,12,24,13
S014,S005V1,12,12,13
S014,S006V3,12,6,13
S014,S009V1,12,6,13
S014,S009V2,12,6,13
S014,K001V1,12,12,13
S014,K003V1,12,6,13
S014,K003V2,12,6,13
S014,K003V3,12,6,13
S014,K009V2,12,6,13
S014,K010V1,12,6,13
S014,R001V1,12,24,13
S014,R002V1,12,6,13
S014,R003V1,12,24,13
S014,R003V2,12,24,13
S014,R003V3,12,24,13
S014,R004V1,12,12,13
S014,R004V2,12,12,13
S014,R006V2,12,6,13
S014,R006V3,12,6,13
S014,R007V1,12,6,13
S014,R009V1,12,12,13
S014,R010V2,12,24,13
S014,Y001V1,12,24,13
S014,B006,13,24,14
S014,B009,13,6,14
S014,S005,13,12,14
S014,K004,13,6,14
S014,K005,13,24,14
S014,R010,13,24,14
S014,A003,13,24,14
S014,A004,13,6,14
S014,B004V1,13,12,14
S014,B007V2,13,24,14
S014,B009V3,13,6,14
S014,S003V2,13,24,14
S014,S004V1,13,12,14
S014,S004V2,13,12,14
S014,S005V1,13,12,14
S014,S005V2,13,12,14
S014,S005V3,13,12,14
S014,S006V2,13,6,14
S014,S009V1,13,6,14
S014,S009V2,13,6,14
S014,K001V1,13,12,14
S014,K004V3,13,6,14
S014,K005V1,13,6,14
S014,K009V2,13,6,14
S014,K010V1,13,6,14
S014,R002V1,13,6,14
S014,R003V2,13,24,14
S014,R003V3,13,24,14
S014,R005V2,13,12,14
S014,R005V3,13,12,14
S014,R007V3,13,6,14
S014,R008V3,13,24,14
S014,B002,14,24,15
S014,S001,14,24,15
S014,S002,14,24,15
S014,K005,14,30,15
S014,K007,14,12,15
S014,K010,14,6,15
S014,R001,14,12,15
S014,R002,14,6,15
S014,R006,14,6,15
S014,R009,14,12,15
S014,R010,14,24,15
S014,Y004,14,6,15
S014,A001,14,6,15
S014,B001V3,14,24,15
S014,B002V1,14,24,15
S014,B003V1,14,24,15
S014,B009V2,14,6,15
S014,B009V3,14,6,15
S014,S002V1,14,24,15
S014,S003V2,14,24,15
S014,S004V1,14,12,15
S014,S005V1,14,12,15
S014,K001V1,14,12,15
S014,K003V2,14,6,15
S014,K007V1,14,12,15
S014,K008V1,14,6,15
S014,K008V3,14,6,15
S014,K009V2,14,6,15
S014,K010V1,14,6,15
S014,R001V1,14,12,15
S014,R002V1,14,6,15
S014,R004V3,14,12,15
S014,R005V1,14,12,15
S014,R006V3,14,6,15
S014,R008V1,14,24,15
S014,R010V2,14,24,15
S014,B002,15,24,16
S014,B007,15,24,16
S014,S001,15,24,16
S014,S002,15,24,16
S014,S007,15,12,16
S014,K001,15,12,16
S014,K004,15,6,16
S014,K005,15,36,16
S014,R010,15,24,16
S014,Y001,15,24,16
S014,Y005,15,12,16
S014,A001,15,6,16
S014,B001V2,15,24,16
S014,B002V3,15,24,16
S014,B004V1,15,12,16
S014,B004V2,15,12,16
S014,B006V1,15,24,16
S014,B009V2,15,6,16
S014,B009V3,15,6,16
S014,S002V1,15,24,16
S014,S002V2,15,24,16
S014,S004V1,15,12,16
S014,S004V2,15,12,16
S014,S005V1,15,12,16
S014,S006V2,15,6,16
S014,S006V3,15,6,16
S014,S007V3,15,12,16
S014,S009V1,15,6,16
S014,S009V3,15,6,16
S014,K001V1,15,12,16
S014,K002V3,15,24,16
S014,K005V1,15,6,16
S014,K006V2,15,24,16
S014,K007V1,15,12,16
S014,K009V2,15,6,16
S014,K010V1,15,6,16
S014,R001V1,15,12,16
S014,R003V1,15,24,16
S014,R004V1,15,12,16
S014,R004V3,15,12,16
S014,R005V2,15,12,16
S014,R006V3,15,6,16
S014,R007V1,15,6,16
S014,R007V3,15,6,16
S014,R008V3,15,24,16
S014,R009V1,15,12,16
S014,R010V2,15,24,16
S014,B003,16,24,17
S014,B010,16,6,17
S014,S003,16,24,17
S014,K001,16,12,17
S014,K004,16,6,17
S014,K005,16,30,17
S014,K006,16,24,17
S014,R001,16,12,17
S014,R008,16,24,17
S014,B003V1,16,24,17
S014,B006V1,16,24,17
S014,B009V3,16,6,17
S014,S002V2,16,24,17
S014,S005V1,16,12,17
S014,S005V2,16,12,17
S014,S005V3,16,12,17
S014,S006V3,16,6,17
S014,S009V3,16,6,17
S014,K001V1,16,12,17
S014,K001V2,16,12,17
S014,K003V2,16,6,17
S014,K004V2,16,6,17
S014,K004V3,16,6,17
S014,K009V2,16,6,17
S014,R001V1,16,12,17
S014,R001V2,16,12,17
S014,R002V1,16,6,17
S014,R003V2,16,24,17
S014,R007V1,16,6,17
S014,R008V1,16,24,17
S014,R008V3,16,24,17
S014,R010V3,16,24,17
S014,B002,17,24,18
S014,B009,17,6,18
S014,S001,17,24,18
S014,S004,17,12,18
S014,S005,17,12,18
S014,S007,17,12,18
S014,S009,17,6,18
S014,K002,17,24,18
S014,K005,17,36,18
S014,R003,17,24,18
S014,R006,17,6,18
S014,R008,17,24,18
S014,A002,17,24,18
S014,A008,17,12,18
S014,B002V2,17,24,18
S014,B002V3,17,24,18
S014,B003V1,17,24,18
S014,B003V2,17,24,18
S014,B003V3,17,24,18
S014,B006V2,17,24,18
S014,B008V3,17,24,18
S014,B009V3,17,6,18
S014,S002V1,17,24,18
S014,S004V2,17,12,18
S014,S005V1,17,12,18
S014,S005V3,17,12,18
S014,S006V2,17,6,18
S014,S007V2,17,12,18
S014,S009V2,17,6,18
S014,K001V1,17,12,18
S014,K001V3,17,12,18
S014,K002V1,17,24,18
S014,K002V2,17,24,18
S014,K002V3,17,24,18
S014,K003V1,17,6,18
S014,K004V2,17,6,18
S014,K004V3,17,6,18
S014,K005V1,17,6,18
S014,K007V1,17,12,18
S014,K008V3,17,6,18
S014,R003V1,17,24,18
S014,R003V3,17,24,18
S014,R004V1,17,12,18
S014,R004V2,17,12,18
S014,R006V1,17,6,18
S014,Y002V2,17,24,18
S014,Y002V3,17,24,18
S014,B002,18,24,19
S014,B007,18,24,19
S014,B009,18,6,19
S014,S004,18,12,19
S014,S005,18,12,19
S014,S007,18,12,19
S014,K004,18,6,19
S014,K005,18,18,19
S014,K006,18,24,19
S014,K007,18,12,19
S014,K009,18,6,19
S014,R001,18,12,19
S014,R003,18,24,19
S014,R006,18,6,19
S014,Y001,18,24,19
S014,B001V3,18,24,19
S014,B002V2,18,24,19
S014,B003V3,18,24,19
S014,B007V2,18,24,19
S014,B009V1,18,6,19
S014,B009V3,18,6,19
S014,S002V1,18,24,19
S014,S004V1,18,12,19
S014,S005V1,18,12,19
S014,S006V2,18,6,19
S014,S007V2,18,12,19
S014,S008V3,18,6,19
S014,K001V1,18,12,19
S014,K002V1,18,24,19
S014,K003V2,18,6,19
S014,K004V2,18,6,19
S014,K008V3,18,6,19
S014,K009V2,18,6,19
S014,R001V1,18,12,19
S014,R002V1,18,6,19
S014,R003V1,18,24,19
S014,R004V3,18,12,19
S014,R005V1,18,12,19
S014,R006V3,18,6,19
S014,R008V1,18,24,19
S014,B002,19,24,20
S014,B003,19,24,20
S014,B007,19,24,20
S014,S005,19,12,20
S014,S007,19,12,20
S014,K001,19,12,20
S014,K002,19,24,20
S014,K004,19,6,20
S014,K005,19,6,20
S014,K006,19,24,20
S014,K010,19,6,20
S014,R002,19,6,20
S014,R009,19,12,20
S014,R010,19,24,20
S014,A002,19,24,20
S014,B001V2,19,24,20
S014,B002V1,19,24,20
S014,B002V2,19,24,20
S014,B009V1,19,6,20
S014,B009V3,19,6,20
S014,S001V3,19,24,20
S014,S005V1,19,12,20
S014,S005V2,19,12,20
S014,S005V3,19,12,20
S014,S008V3,19,6,20
S014,S009V1,19,6,20
S014,K002V2,19,24,20
S014,K003V1,19,6,20
S014,K004V3,19,6,20
S014,R002V1,19,6,20
S014,R003V3,19,24,20
S014,R004V1,19,12,20
S014,R004V3,19,12,20
S014,R005V1,19,12,20
S014,R006V3,19,6,20
S014,R009V3,19,12,20
S014,R010V2,19,24,20
S014,R010V3,19,24,20
S014,B002,20,24,21
S014,B009,20,6,21
S014,S003,20,24,21
S014,S007,20,12,21
S014,K001,20,12,21
S014,K002,20,24,21
S014,K004,20,6,21
S014,K005,20,6,21
S014,K006,20,24,21
S014,R002,20,6,21
S014,R008,20,24,21
S014,A002,20,24,21
S014,B002V2,20,24,21
S014,B003V3,20,24,21
S014,B004V2,20,12,21
S014,B006V1,20,24,21
S014,B006V2,20,24,21
S014,B007V2,20,24,21
S014,B009V2,20,6,21
S014,B009V3,20,6,21
S014,S002V2,20,24,21
S014,S005V1,20,12,21
S014,S005V2,20,12,21
S014,S006V3,20,6,21
S014,S007V2,20,12,21
S014,S008V3,20,6,21
S014,K001V1,20,12,21
S014,K002V3,20,24,21
S014,K003V1,20,6,21
S014,K003V3,20,6,21
S014,K004V3,20,6,21
S014,K005V1,20,6,21
S014,K009V2,20,6,21
S014,R001V1,20,12,21
S014,R002V3,20,6,21
S014,R008V1,20,24,21
S014,R008V3,20,24,21
S014,R009V3,20,12,21
S014,Y001V2,20,24,21
S014,B002,21,24,22
S014,B003,21,24,22
S014,S002,21,24,22
S014,K001,21,12,22
S014,K005,21,6,22
S014,A005,21,6,22
S014,B001V3,21,24,22
S014,B002V1,21,24,22
S014,B002V3,21,24,22
S014,B004V2,21,12,22
S014,B006V1,21,24,22
S014,B008V3,21,24,22
S014,B009V3,21,6,22
S014,S001V3,21,24,22
S014,S002V2,21,24,22
S014,S005V1,21,12,22
S014,S005V2,21,12,22
S014,S007V2,21,12,22
S014,S008V3,21,6,22
S014,K002V3,21,24,22
S014,K003V1,21,6,22
S014,K003V2,21,6,22
S014,K003V3,21,6,22
S014,K004V3,21,6,22
S014,K005V1,21,6,22
S014,K005V2,21,6,22
S014,K008V3,21,6,22
S014,K009V2,21,6,22
S014,R001V1,21,12,22
S014,R001V2,21,12,22
S014,R002V3,21,6,22
S014,R003V1,21,24,22
S014,R003V3,21,24,22
S014,R005V2,21,12,22
S014,R006V3,21,6,22
S014,R007V1,21,6,22
S014,R008V1,21,24,22
S014,R009V1,21,12,22
S014,Y002V2,21,24,22
S014,B006,22,24,23
S014,B007,22,24,23
S014,K004,22,6,23
S014,K010,22,6,23
S014,R002,22,6,23
S014,R003,22,24,23
S014,R008,22,24,23
S014,R009,22,12,23
S014,Y004,22,6,23
S014,B001V3,22,24,23
S014,B002V1,22,24,23
S014,B003V3,22,24,23
S014,B004V1,22,12,23
S014,B005V1,22,12,23
S014,B006V1,22,24,23
S014,B008V2,22,24,23
S014,B009V3,22,6,23
S014,S001V3,22,24,23
S014,S002V1,22,24,23
S014,S004V2,22,12,23
S014,S005V1,22,12,23
S014,S005V3,22,12,23
S014,S006V3,22,6,23
S014,S009V1,22,6,23
S014,K001V1,22,12,23
S014,K001V3,22,12,23
S014,K002V1,22,24,23
S014,K005V1,22,6,23
S014,K009V2,22,6,23
S014,R001V2,22,12,23
S014,R002V1,22,6,23
S014,R004V1,22,12,23
S014,R004V2,22,12,23
S014,R005V1,22,12,23
S014,R007V1,22,6,23
S014,R007V3,22,6,23
S014,R008V1,22,24,23
S014,R009V3,22,12,23
S014,R010V2,22,24,23
S014,B003,23,24,24
S014,S003,23,24,24
S014,K004,23,6,24
S014,K005,23,6,24
S014,K006,23,24,24
S014,R002,23,6,24
S014,R008,23,24,24
S014,A004,23,6,24
S014,A006,23,6,24
S014,B001V3,23,24,24
S014,B002V1,23,24,24
S014,B002V3,23,24,24
S014,B006V1,23,24,24
S014,B009V2,23,6,24
S014,B010V3,23,6,24
S014,S002V2,23,24,24
S014,K001V1,23,12,24
S014,K002V3,23,24,24
S014,K003V2,23,6,24
S014,K003V3,23,6,24
S014,K004V3,23,6,24
S014,K005V1,23,6,24
S014,K007V1,23,12,24
S014,K009V2,23,6,24
S014,R001V1,23,12,24
S014,R003V1,23,24,24
S014,R003V2,23,24,24
S014,R003V3,23,24,24
S014,R004V3,23,12,24
S014,R005V1,23,12,24
S014,R006V3,23,6,24
S014,R008V1,23,24,24
S014,R010V3,23,24,24
S014,Y002V2,23,24,24
S014,B006,24,24,25
S014,B007,24,24,25
S014,B010,24,6,25
S014,S001,24,24,25
S014,S004,24,12,25
S014,S005,24,12,25
S014,S007,24,12,25
S014,K004,24,6,25
S014,K005,24,6,25
S014,K009,24,6,25
S014,R002,24,6,25
S014,R008,24,24,25
S014,Y003,24,6,25
S014,A002,24,24,25
S014,B006V2,24,24,25
S014,B007V2,24,24,25
S014,B008V3,24,24,25
S014,B009V3,24,6,25
S014,S001V3,24,24,25
S014,S002V1,24,24,25
S014,S004V2,24,12,25
S014,S005V1,24,12,25
S014,S005V3,24,12,25
S014,S007V2,24,12,25
S014,S009V1,24,6,25
S014,S009V2,24,6,25
S014,K001V1,24,12,25
S014,K002V1,24,24,25
S014,K002V3,24,24,25
S014,K003V1,24,6,25
S014,K003V2,24,6,25
S014,K003V3,24,6,25
S014,K004V2,24,6,25
S014,K004V3,24,6,25
S014,K005V1,24,6,25
S014,K007V1,24,12,25
S014,K009V2,24,6,25
S014,R001V1,24,12,25
S014,R001V3,24,12,25
S014,R002V3,24,6,25
S014,R004V1,24,12,25
S014,R004V2,24,12,25
S014,R004V3,24,12,25
S014,R005V3,24,12,25
S014,R006V3,24,6,25
S014,R008V1,24,24,25
S014,R008V3,24,24,25
S014,R009V1,24,12,25
S014,R009V3,24,12,25
S014,Y001V2,24,24,25
S014,B002,25,24,26
S014,B003,25,24,26
S014,B009,25,6,26
S014,B010,25,6,26
S014,S002,25,24,26
S014,S003,25,24,26
S014,S004,25,12,26
S014,S005,25,12,26
S014,K001,25,12,26
S014,K004,25,6,26
S014,K005,25,6,26
S014,R009,25,12,26
S014,R010,25,24,26
S014,Y001,25,24,26
S014,Y004,25,6,26
S014,A004,25,6,26
S014,A006,25,6,26
S014,B005V1,25,12,26
S014,B006V2,25,24,26
S014,B008V2,25,24,26
S014,B009V3,25,6,26
S014,S004V2,25,12,26
S014,S005V1,25,12,26
S014,S007V3,25,12,26
S014,S009V2,25,6,26
S014,K001V1,25,12,26
S014,K003V2,25,6,26
S014,K003V3,25,6,26
S014,K004V3,25,6,26
S014,K005V2,25,6,26
S014,K008V3,25,6,26
S014,R001V1,25,12,26
S014,R002V1,25,6,26
S014,R002V3,25,6,26
S014,R003V1,25,24,26
S014,R003V3,25,24,26
S014,R005V2,25,12,26
S014,R006V3,25,6,26
S014,R009V2,25,12,26
S014,R009V3,25,12,26
S014,R010V3,25,24,26
S014,B003,26,24,27
S014,B007,26,24,27
S014,B010,26,6,27
S014,S004,26,12,27
S014,S005,26,12,27
S014,K002,26,24,27
S014,Y001,26,24,27
S014,B001V3,26,24,27
S014,B002V3,26,24,27
S014,B004V2,26,12,27
S014,B006V2,26,24,27
S014,B009V2,26,6,27
S014,B009V3,26,6,27
S014,B010V3,26,6,27
S014,S001V3,26,24,27
S014,S002V1,26,24,27
S014,S002V2,26,24,27
S014,S004V2,26,12,27
S014,S005V3,26,12,27
S014,S009V2,26,6,27
S014,K001V1,26,12,27
S014,K002V1,26,24,27
S014,K003V2,26,6,27
S014,K003V3,26,6,27
S014,K004V2,26,6,27
S014,K004V3,26,6,27
S014,K005V1,26,6,27
S014,K009V2,26,6,27
S014,R001V1,26,12,27
S014,R001V3,26,12,27
S014,R002V1,26,6,27
S014,R004V2,26,12,27
S014,R005V2,26,12,27
S014,R005V3,26,12,27
S014,Y001V1,26,24,27
S014,Y002V3,26,24,27
S014,S005,27,12,28
S014,K002,27,24,28
S014,K004,27,6,28
S014,K005,27,6,28
S014,K006,27,24,28
S014,K009,27,6,28
S014,R010,27,24,28
S014,Y004,27,6,28
S014,A002,27,24,28
S014,B001V2,27,24,28
S014,B001V3,27,24,28
S014,B002V2,27,24,28
S014,B004V1,27,12,28
S014,B006V1,27,24,28
S014,B008V2,27,24,28
S014,B009V2,27,6,28
S014,B009V3,27,6,28
S014,S003V2,27,24,28
S014,S005V1,27,12,28
S014,S006V3,27,6,28
S014,S007V2,27,12,28
S014,S009V2,27,6,28
S014,K003V1,27,6,28
S014,K004V2,27,6,28
S014,K004V3,27,6,28
S014,K007V1,27,12,28
S014,K009V2,27,6,28
S014,R001V1,27,12,28
S014,R001V3,27,12,28
S014,R002V3,27,6,28
S014,R003V3,27,24,28
S014,R004V1,27,12,28
S014,R004V2,27,12,28
S014,R005V2,27,12,28
S014,R005V3,27,12,28
S014,R010V3,27,24,28
S014,Y002V3,27,24,28
S014,B006,28,24,29
S014,B007,28,24,29
S014,S003,28,24,29
S014,K001,28,12,29
S014,K004,28,6,29
S014,K007,28,12,29
S014,R010,28,24,29
S014,Y002,28,24,29
S014,Y005,28,12,29
S014,A005,28,6,29
S014,A008,28,12,29
S014,B001V2,28,24,29
S014,B004V2,28,12,29
S014,B007V2,28,24,29
S014,B009V2,28,6,29
S014,B010V3,28,6,29
S014,S004V1,28,12,29
S014,S005V1,28,12,29
S014,S007V2,28,12,29
S014,S009V2,28,6,29
S014,K001V1,28,12,29
S014,K004V1,28,6,29
S014,K004V3,28,6,29
S014,K005V1,28,6,29
S014,K007V1,28,12,29
S014,K008V3,28,6,29
S014,K009V2,28,6,29
S014,R001V1,28,12,29
S014,R001V2,28,12,29
S014,R001V3,28,12,29
S014,R003V1,28,24,29
S014,R005V1,28,12,29
S014,R006V3,28,6,29
S014,R007V3,28,6,29
S014,R009V3,28,12,29
S014,Y002V3,28,24,29
S014,B003,29,24,30
S014,B006,29,24,30
S014,B007,29,24,30
S014,B009,29,6,30
S014,S002,29,24,30
S014,S007,29,12,30
S014,K002,29,24,30
S014,K005,29,6,30
S014,K007,29,12,30
S014,Y001,29,24,30
S014,Y003,29,6,30
S014,B001V3,29,24,30
S014,B005V1,29,12,30
S014,B006V1,29,24,30
S014,B007V2,29,24,30
S014,B009V2,29,6,30
S014,B009V3,29,6,30
S014,S001V3,29,24,30
S014,S004V1,29,12,30
S014,S005V1,29,12,30
S014,S007V2,29,12,30
S014,S008V1,29,6,30
S014,S008V2,29,6,30
S014,S009V2,29,6,30
S014,K001V1,29,12,30
S014,K002V1,29,24,30
S014,K004V3,29,6,30
S014,K007V1,29,12,30
S014,K009V2,29,6,30
S014,R001V1,29,12,30
S014,R002V1,29,6,30
S014,R003V3,29,24,30
S014,R004V1,29,12,30
S014,R004V3,29,12,30
S014,R005V1,29,12,30
S014,R007V1,29,6,30
S014,R009V3,29,12,30
S014,Y001V1,29,24,30
S014,B003,30,24,31
S014,S002,30,24,31
S014,K004,30,6,31
S014,K009,30,6,31
S014,R008,30,24,31
S014,R010,30,24,31
S014,Y005,30,12,31
S014,A005,30,6,31
S014,A008,30,12,31
S014,B001V1,30,24,31
S014,B001V3,30,24,31
S014,B002V2,30,24,31
S014,B007V2,30,24,31
S014,B008V1,30,24,31
S014,B009V2,30,6,31
S014,B009V3,30,6,31
S014,S004V1,30,12,31
S014,S005V1,30,12,31
S014,S005V3,30,12,31
S014,S008V2,30,6,31
S014,S009V2,30,6,31
S014,S009V3,30,6,31
S014,K002V3,30,24,31
S014,K003V1,30,6,31
S014,K003V2,30,6,31
S014,K004V3,30,6,31
S014,K005V2,30,6,31
S014,K007V1,30,12,31
S014,K008V2,30,6,31
S014,K009V2,30,6,31
S014,R001V1,30,12,31
S014,R003V1,30,24,31
S014,R004V1,30,12,31
S014,R007V1,30,6,31
S014,B003,31,24,32
S014,S001,31,24,32
S014,S002,31,24,32
S014,S003,31,24,32
S014,S004,31,12,32
S014,S005,31,12,32
S014,K001,31,12,32
S014,K004,31,6,32
S014,K005,31,6,32
S014,K008,31,6,32
S014,K009,31,6,32
S014,R009,31,12,32
S014,Y004,31,6,32
S014,B001V3,31,24,32
S014,B003V3,31,24,32
S014,B006V1,31,24,32
S014,B006V2,31,24,32
S014,B008V2,31,24,32
S014,S001V3,31,24,32
S014,S002V2,31,24,32
S014,S004V1,31,12,32
S014,S005V1,31,12,32
S014,S005V3,31,12,32
S014,S009V2,31,6,32
S014,S009V3,31,6,32
S014,K001V1,31,12,32
S014,K003V1,31,6,32
S014,K004V3,31,6,32
S014,K005V1,31,6,32
S014,K008V2,31,6,32
S014,K008V3,31,6,32
S014,K009V2,31,6,32
S014,K010V2,31,6,32
S014,K010V3,31,6,32
S014,R001V1,31,12,32
S014,R002V1,31,6,32
S014,R002V3,31,6,32
S014,R003V3,31,24,32
S014,R004V1,31,12,32
S014,R004V3,31,12,32
S014,R005V3,31,12,32
S014,R006V2,31,6,32
S014,B009,32,6,33
S014,B010,32,6,33
S014,S005,32,12,33
S014,K004,32,6,33
S014,K006,32,24,33
S014,R002,32,6,33
S014,R003,32,24,33
S014,R008,32,24,33
S014,R010,32,24,33
S014,A001,32,6,33
S014,A002,32,24,33
S014,B002V2,32,24,33
S014,B003V3,32,24,33
S014,B007V2,32,24,33
S014,B008V1,32,24,33
S014,S001V3,32,24,33
S014,S008V2,32,6,33
S014,S009V1,32,6,33
S014,S009V2,32,6,33
S014,S009V3,32,6,33
S014,K001V1,32,12,33
S014,K002V1,32,24,33
S014,K002V2,32,24,33
S014,K002V3,32,24,33
S014,K003V2,32,6,33
S014,K005V1,32,6,33
S014,K005V2,32,6,33
S014,K009V2,32,6,33
S014,K010V2,32,6,33
S014,R001V1,32,12,33
S014,R002V3,32,6,33
S014,R003V3,32,24,33
S014,R004V1,32,12,33
S014,R005V2,32,12,33
S014,R006V3,32,6,33
S014,R008V1,32,24,33
S014,B002,33,24,34
S014,B007,33,24,34
S014,B010,33,6,34
S014,S003,33,24,34
S014,K004,33,6,34
S014,K005,33,6,34
S014,K007,33,12,34
S014,K009,33,6,34
S014,K010,33,6,34
S014,R002,33,6,34
S014,R010,33,24,34
S014,Y001,33,24,34
S014,A007,33,6,34
S014,B001V3,33,24,34
S014,B004V1,33,12,34
S014,B006V1,33,24,34
S014,B006V2,33,24,34
S014,B009V2,33,6,34
S014,B009V3,33,6,34
S014,B010V3,33,6,34
S014,S002V1,33,24,34
S014,S005V1,33,12,34
S014,S006V3,33,6,34
S014,S009V2,33,6,34
S014,S009V3,33,6,34
S014,K001V1,33,12,34
S014,K002V1,33,24,34
S014,K003V1,33,6,34
S014,K004V1,33,6,34
S014,K004V3,33,6,34
S014,K008V2,33,6,34
S014,R001V1,33,12,34
S014,R001V3,33,12,34
S014,R002V3,33,6,34
S014,R003V3,33,24,34
S014,R005V2,33,12,34
S014,R005V3,33,12,34
S014,R006V1,33,6,34
S014,R007V1,33,6,34
S014,R008V3,33,24,34
S014,Y001V2,33,24,34
S014,Y001V3,33,24,34
S014,Y002V2,33,24,34
S014,B010,34,6,35
S014,S002,34,24,35
S014,S005,34,12,35
S014,K001,34,12,35
S014,K002,34,24,35
S014,K004,34,6,35
S014,K005,34,6,35
S014,R003,34,24,35
S014,A005,34,6,35
S014,A007,34,6,35
S014,B003V2,34,24,35
S014,B003V3,34,24,35
S014,B004V1,34,12,35
S014,B004V2,34,12,35
S014,B005V1,34,12,35
S014,B007V2,34,24,35
S014,B009V2,34,6,35
S014,S002V1,34,24,35
S014,S005V1,34,12,35
S014,S009V1,34,6,35
S014,S009V2,34,6,35
S014,K001V1,34,12,35
S014,K001V3,34,12,35
S014,K002V1,34,24,35
S014,K003V1,34,6,35
S014,K003V3,34,6,35
S014,K004V2,34,6,35
S014,K006V2,34,24,35
S014,K007V1,34,12,35
S014,K009V2,34,6,35
S014,K010V2,34,6,35
S014,R001V3,34,12,35
S014,R002V1,34,6,35
S014,R002V3,34,6,35
S014,R003V1,34,24,35
S014,R004V1,34,12,35
S014,R005V3,34,12,35
S014,R007V1,34,6,35
S014,S002,35,24,36
S014,S005,35,12,36
S014,S007,35,12,36
S014,K004,35,6,36
S014,K005,35,6,36
S014,K008,35,6,36
S014,R001,35,12,36
S014,R002,35,6,36
S014,R008,35,24,36
S014,Y001,35,24,36
S014,A006,35,6,36
S014,B003V2,35,24,36
S014,B003V3,35,24,36
S014,B004V2,35,12,36
S014,B005V1,35,12,36
S014,B006V1,35,24,36
S014,B006V2,35,24,36
S014,B008V1,35,24,36
S014,B008V2,35,24,36
S014,B009V2,35,6,36
S014,S002V2,35,24,36
S014,S003V2,35,24,36
S014,S009V1,35,6,36
S014,S009V3,35,6,36
S014,S010V2,35,6,36
S014,K001V1,35,12,36
S014,K002V1,35,24,36
S014,K003V1,35,6,36
S014,K003V3,35,6,36
S014,K004V2,35,6,36
S014,K004V3,35,6,36
S014,K005V2,35,6,36
S014,K009V2,35,6,36
S014,R001V1,35,12,36
S014,R002V3,35,6,36
S014,R003V3,35,24,36
S014,R004V2,35,12,36
S014,R005V2,35,12,36
S014,R007V1,35,6,36
S014,R008V1,35,24,36
S014,R009V1,35,12,36
S014,Y002V3,35,24,36
S014,B006,36,24,37
S014,S005,36,12,37
S014,S007,36,12,37
S014,K001,36,12,37
S014,K004,36,6,37
S014,K005,36,6,37
S014,K007,36,12,37
S014,K009,36,6,37
S014,R003,36,24,37
S014,R006,36,6,37
S014,R008,36,24,37
S014,R010,36,24,37
S014,Y001,36,24,37
S014,Y003,36,6,37
S014,A007,36,6,37
S014,B002V2,36,24,37
S014,B002V3,36,24,37
S014,B004V2,36,12,37
S014,B005V1,36,12,37
S014,B006V1,36,24,37
S014,B007V2,36,24,37
S014,B009V3,36,6,37
S014,S002V2,36,24,37
S014,S004V1,36,12,37
S014,S005V1,36,12,37
S014,S009V1,36,6,37
S014,S009V3,36,6,37
S014,K001V1,36,12,37
S014,K002V3,36,24,37
S014,K003V2,36,6,37
S014,K004V2,36,6,37
S014,K004V3,36,6,37
S014,K005V1,36,6,37
S014,K008V2,36,6,37
S014,K010V1,36,6,37
S014,K010V2,36,6,37
S014,R001V1,36,12,37
S014,R002V1,36,6,37
S014,R002V3,36,6,37
S014,R003V1,36,24,37
S014,R004V1,36,12,37
S014,R004V3,36,12,37
S014,R006V1,36,6,37
S014,R009V3,36,12,37
S014,R010V2,36,24,37
S014,Y001V2,36,24,37
S014,B003,37,24,38
S014,K004,37,6,38
S014,K005,37,6,38
S014,K009,37,6,38
S014,R001,37,12,38
S014,R009,37,12,38
S014,Y001,37,24,38
S014,Y003,37,6,38
S014,A001,37,6,38
S014,A004,37,6,38
S014,B003V1,37,24,38
S014,B005V1,37,12,38
S014,B006V2,37,24,38
S014,B007V2,37,24,38
S014,B010V3,37,6,38
S014,S002V1,37,24,38
S014,S003V1,37,24,38
S014,S005V2,37,12,38
S014,S005V3,37,12,38
S014,S006V3,37,6,38
S014,S007V1,37,12,38
S014,S009V2,37,6,38
S014,S009V3,37,6,38
S014,K001V1,37,12,38
S014,K001V3,37,12,38
S014,K003V2,37,6,38
S014,K004V3,37,6,38
S014,K005V1,37,6,38
S014,K008V2,37,6,38
S014,K009V2,37,6,38
S014,K010V1,37,6,38
S014,R001V1,37,12,38
S014,R001V2,37,12,38
S014,R002V1,37,6,38
S014,R002V3,37,6,38
S014,R003V2,37,24,38
S014,R004V3,37,12,38
S014,R005V2,37,12,38
S014,R005V3,37,12,38
S014,R006V3,37,6,38
S014,R007V3,37,6,38
S014,R008V3,37,24,38
S014,R009V1,37,12,38
S014,R009V2,37,12,38
S014,R010V2,37,24,38
S014,Y001V3,37,24,38
S014,Y002V3,37,24,38
S014,B003,38,24,39
S014,S007,38,12,39
S014,K001,38,12,39
S014,K004,38,6,39
S014,R003,38,24,39
S014,R008,38,24,39
S014,B003V3,38,24,39
S014,B004V2,38,12,39
S014,B005V1,38,12,39
S014,B009V1,38,6,39
S014,B009V2,38,6,39
S014,B009V3,38,6,39
S014,B010V3,38,6,39
S014,S001V3,38,24,39
S014,S003V2,38,24,39
S014,S004V1,38,12,39
S014,S005V1,38,12,39
S014,S005V2,38,12,39
S014,S005V3,38,12,39
S014,S006V2,38,6,39
S014,S007V3,38,12,39
S014,S009V2,38,6,39
S014,K001V1,38,12,39
S014,K002V1,38,24,39
S014,K002V3,38,24,39
S014,K003V2,38,6,39
S014,K004V2,38,6,39
S014,K005V1,38,6,39
S014,K008V2,38,6,39
S014,K009V2,38,6,39
S014,R001V2,38,12,39
S014,R002V1,38,6,39
S014,R003V1,38,24,39
S014,R003V3,38,24,39
S014,R004V1,38,12,39
S014,R004V3,38,12,39
S014,R005V1,38,12,39
S014,R009V3,38,12,39
S014,Y002V2,38,24,39
S014,B002,39,24,40
S014,S001,39,24,40
S014,S007,39,12,40
S014,K007,39,12,40
S014,R002,39,6,40
S014,R006,39,6,40
S014,R009,39,12,40
S014,R010,39,24,40
S014,Y004,39,6,40
S014,Y005,39,12,40
S014,A002,39,24,40
S014,B001V2,39,24,40
S014,B008V1,39,24,40
S014,B008V2,39,24,40
S014,B009V2,39,6,40
S014,B009V3,39,6,40
S014,B010V3,39,6,40
S014,S001V3,39,24,40
S014,S002V2,39,24,40
S014,S003V1,39,24,40
S014,S003V2,39,24,40
S014,S005V1,39,12,40
S014,S007V2,39,12,40
S014,S009V2,39,6,40
S014,S009V3,39,6,40
S014,K001V1,39,12,40
S014,K002V3,39,24,40
S014,K004V2,39,6,40
S014,K004V3,39,6,40
S014,K008V2,39,6,40
S014,K009V2,39,6,40
S014,R001V1,39,12,40
S014,R002V1,39,6,40
S014,R002V3,39,6,40
S014,R003V1,39,24,40
S014,R003V2,39,24,40
S014,R005V1,39,12,40
S014,R005V3,39,12,40
S014,R007V1,39,6,40
S014,R008V1,39,24,40
S014,R010V3,39,24,40
S014,Y002V2,39,24,40
S014,Y002V3,39,24,40
S014,B002,40,24,41
S014,B006,40,24,41
S014,B010,40,6,41
S014,S003,40,24,41
S014,K002,40,24,41
S014,K006,40,24,41
S014,K008,40,6,41
S014,K009,40,6,41
S014,R008,40,24,41
S014,A001,40,6,41
S014,A002,40,24,41
S014,A007,40,6,41
S014,A008,40,12,41
S014,B001V2,40,24,41
S014,B002V3,40,24,41
S014,B004V3,40,12,41
S014,B008V2,40,24,41
S014,B009V3,40,6,41
S014,B010V3,40,6,41
S014,S002V2,40,24,41
S014,S009V1,40,6,41
S014,S009V2,40,6,41
S014,K001V1,40,12,41
S014,K004V3,40,6,41
S014,K008V2,40,6,41
S014,K009V2,40,6,41
S014,R001V2,40,12,41
S014,R003V1,40,24,41
S014,R003V3,40,24,41
S014,R004V3,40,12,41
S014,R005V3,40,12,41
S014,R006V3,40,6,41
S014,R007V3,40,6,41
S014,R008V1,40,24,41
S014,R009V2,40,12,41
S014,R010V2,40,24,41
S014,Y001V2,40,24,41
S014,Y002V2,40,24,41
S014,S005,41,12,42
S014,K001,41,12,42
S014,K002,41,24,42
S014,K003,41,6,42
S014,K005,41,6,42
S014,R006,41,6,42
S014,R008,41,24,42
S014,B001V2,41,24,42
S014,B003V1,41,24,42
S014,B004V2,41,12,42
S014,B005V1,41,12,42
S014,B006V1,41,24,42
S014,B008V3,41,24,42
S014,B009V3,41,6,42
S014,B010V2,41,6,42
S014,B010V3,41,6,42
S014,S001V3,41,24,42
S014,S002V1,41,24,42
S014,S003V2,41,24,42
S014,S005V1,41,12,42
S014,S005V2,41,12,42
S014,S005V3,41,12,42
S014,S007V2,41,12,42
S014,S007V3,41,12,42
S014,S009V1,41,6,42
S014,S009V2,41,6,42
S014,S009V3,41,6,42
S014,K001V1,41,12,42
S014,K001V2,41,12,42
S014,K004V3,41,6,42
S014,K005V1,41,6,42
S014,K008V3,41,6,42
S014,K009V2,41,6,42
S014,K010V3,41,6,42
S014,R001V1,41,12,42
S014,R001V2,41,12,42
S014,R002V1,41,6,42
S014,R002V3,41,6,42
S014,R004V2,41,12,42
S014,R005V1,41,12,42
S014,R005V2,41,12,42
S014,R007V1,41,6,42
S014,R007V3,41,6,42
S014,R008V1,41,24,42
S014,R008V3,41,24,42
S014,B003,42,24,43
S014,S001,42,24,43
S014,S003,42,24,43
S014,S004,42,12,43
S014,K001,42,12,43
S014,K003,42,6,43
S014,K004,42,6,43
S014,K007,42,12,43
S014,R003,42,24,43
S014,R010,42,24,43
S014,Y004,42,6,43
S014,B002V1,42,24,43
S014,B002V3,42,24,43
S014,B004V1,42,12,43
S014,B004V2,42,12,43
S014,B006V1,42,24,43
S014,B009V3,42,6,43
S014,B010V3,42,6,43
S014,S002V2,42,24,43
S014,S003V1,42,24,43
S014,S004V1,42,12,43
S014,S005V1,42,12,43
S014,S005V2,42,12,43
S014,S009V2,42,6,43
S014,K001V1,42,12,43
S014,K002V1,42,24,43
S014,K002V3,42,24,43
S014,K004V3,42,6,43
S014,K009V2,42,6,43
S014,R003V1,42,24,43
S014,R003V3,42,24,43
S014,R004V2,42,12,43
S014,R004V3,42,12,43
S014,R005V1,42,12,43
S014,R006V3,42,6,43
S014,R007V3,42,6,43
S014,Y001V3,42,24,43
S014,Y002V3,42,24,43
S014,B002,43,24,44
S014,B003,43,24,44
S014,B006,43,24,44
S014,B010,43,6,44
S014,K003,43,6,44
S014,K009,43,6,44
S014,A002,43,24,44
S014,A003,43,24,44
S014,A006,43,6,44
S014,B001V2,43,24,44
S014,B002V2,43,24,44
S014,B004V2,43,12,44
S014,B007V3,43,24,44
S014,S002V1,43,24,44
S014,S004V1,43,12,44
S014,S005V2,43,12,44
S014,S009V1,43,6,44
S014,S009V2,43,6,44
S014,K001V1,43,12,44
S014,K002V1,43,24,44
S014,K002V3,43,24,44
S014,K009V2,43,6,44
S014,R002V3,43,6,44
S014,R003V2,43,24,44
S014,R004V1,43,12,44
S014,R005V3,43,12,44
S014,R006V3,43,6,44
S014,R007V1,43,6,44
S014,R008V3,43,24,44
S014,Y001V2,43,24,44
S014,Y002V3,43,24,44
S014,S002,44,24,45
S014,S003,44,24,45
S014,S004,44,12,45
S014,K001,44,12,45
S014,K004,44,6,45
S014,K005,44,6,45
S014,R003,44,24,45
S014,R008,44,24,45
S014,Y002,44,24,45
S014,B001V2,44,24,45
S014,B004V1,44,12,45
S014,B005V1,44,12,45
S014,B006V1,44,24,45
S014,B007V2,44,24,45
S014,B008V1,44,24,45
S014,B009V3,44,6,45
S014,B010V3,44,6,45
S014,S001V3,44,24,45
S014,S002V1,44,24,45
S014,S002V2,44,24,45
S014,S003V1,44,24,45
S014,S005V1,44,12,45
S014,S005V2,44,12,45
S014,S006V3,44,6,45
S014,S007V2,44,12,45
S014,K001V1,44,12,45
S014,K001V2,44,12,45
S014,K003V3,44,6,45
S014,K004V2,44,6,45
S014,K004V3,44,6,45
S014,K007V1,44,12,45
S014,K008V2,44,6,45
S014,K010V3,44,6,45
S014,R001V1,44,12,45
S014,R002V1,44,6,45
S014,R002V3,44,6,45
S014,R003V3,44,24,45
S014,R004V3,44,12,45
S014,R005V1,44,12,45
S014,R006V1,44,6,45
S014,R006V3,44,6,45
S014,B005,45,12,46
S014,S003,45,24,46
S014,S004,45,12,46
S014,S007,45,12,46
S014,K004,45,6,46
S014,K005,45,6,46
S014,R010,45,24,46
S014,Y004,45,6,46
S014,A002,45,24,46
S014,A007,45,6,46
S014,B004V1,45,12,46
S014,B004V2,45,12,46
S014,B005V1,45,12,46
S014,B005V3,45,12,46
S014,B006V1,45,24,46
S014,B006V2,45,24,46
S014,B010V3,45,6,46
S014,S001V3,45,24,46
S014,S003V2,45,24,46
S014,S005V2,45,12,46
S014,S007V3,45,12,46
S014,S009V1,45,6,46
S014,S009V2,45,6,46
S014,K001V1,45,12,46
S014,K003V2,45,6,46
S014,K004V3,45,6,46
S014,K005V2,45,6,46
S014,K007V1,45,12,46
S014,K009V2,45,6,46
S014,R004V2,45,12,46
S014,R005V3,45,12,46
S014,R007V3,45,6,46
S014,R009V3,45,12,46
S014,B005,46,12,47
S014,B006,46,24,47
S014,S002,46,24,47
S014,K004,46,6,47
S014,K005,46,6,47
S014,K006,46,24,47
S014,A002,46,24,47
S014,A008,46,12,47
S014,B001V3,46,24,47
S014,B005V1,46,12,47
S014,B007V2,46,24,47
S014,B007V3,46,24,47
S014,B009V3,46,6,47
S014,S001V3,46,24,47
S014,S002V2,46,24,47
S014,S005V1,46,12,47
S014,S005V3,46,12,47
S014,S007V3,46,12,47
S014,S008V3,46,6,47
S014,K001V1,46,12,47
S014,K002V1,46,24,47
S014,K004V1,46,6,47
S014,K004V2,46,6,47
S014,K004V3,46,6,47
S014,K005V2,46,6,47
S014,K008V1,46,6,47
S014,K008V2,46,6,47
S014,K008V3,46,6,47
S014,K009V2,46,6,47
S014,R002V1,46,6,47
S014,R003V3,46,24,47
S014,R005V2,46,12,47
S014,R005V3,46,12,47
S014,R006V3,46,6,47
S014,Y001V1,46,24,47
S014,K004,47,6,48
S014,K005,47,6,48
S014,R001,47,12,48
S014,R002,47,6,48
S014,R006,47,6,48
S014,A002,47,24,48
S014,B001V3,47,24,48
S014,B004V1,47,12,48
S014,B004V2,47,12,48
S014,B005V3,47,12,48
S014,B008V1,47,24,48
S014,B008V2,47,24,48
S014,B009V2,47,6,48
S014,S001V3,47,24,48
S014,S002V1,47,24,48
S014,S002V2,47,24,48
S014,S005V1,47,12,48
S014,S005V2,47,12,48
S014,S007V3,47,12,48
S014,S008V3,47,6,48
S014,S009V2,47,6,48
S014,K001V1,47,12,48
S014,K003V3,47,6,48
S014,K005V1,47,6,48
S014,K008V2,47,6,48
S014,K009V2,47,6,48
S014,R001V1,47,12,48
S014,R001V2,47,12,48
S014,R003V1,47,24,48
S014,R005V2,47,12,48
S014,R006V3,47,6,48
S014,R007V1,47,6,48
S014,R007V3,47,6,48
S014,R008V3,47,24,48
S014,R009V3,47,12,48
S014,R010V1,47,24,48
S014,Y002V3,47,24,48
S014,B002,48,24,49
S014,B006,48,24,49
S014,S001,48,24,49
S014,S007,48,12,49
S014,K004,48,6,49
S014,K006,48,24,49
S014,K010,48,6,49
S014,R008,48,24,49
S014,Y002,48,24,49
S014,Y003,48,6,49
S014,Y004,48,6,49
S014,B002V2,48,24,49
S014,B004V1,48,12,49
S014,B005V1,48,12,49
S014,B009V2,48,6,49
S014,B009V3,48,6,49
S014,B010V3,48,6,49
S014,S001V3,48,24,49
S014,S002V2,48,24,49
S014,S004V1,48,12,49
S014,S005V1,48,12,49
S014,S005V2,48,12,49
S014,S007V2,48,12,49
S014,S008V3,48,6,49
S014,S009V3,48,6,49
S014,K001V1,48,12,49
S014,K003V3,48,6,49
S014,K005V2,48,6,49
S014,K008V1,48,6,49
S014,K009V2,48,6,49
S014,K010V2,48,6,49
S014,R001V1,48,12,49
S014,R003V3,48,24,49
S014,R004V1,48,12,49
S014,R006V3,48,6,49
S014,R007V3,48,6,49
S014,R010V3,48,24,49
S014,Y001V2,48,24,49
S014,Y002V3,48,24,49
S014,B002,49,24,50
S014,B006,49,24,50
S014,S001,49,24,50
S014,S002,49,24,50
S014,S004,49,12,50
S014,K004,49,6,50
S014,K009,49,6,50
S014,K010,49,6,50
S014,R001,49,12,50
S014,R003,49,24,50
S014,R006,49,6,50
S014,R009,49,12,50
S014,A002,49,24,50
S014,A003,49,24,50
S014,B002V2,49,24,50
S014,B004V2,49,12,50
S014,B006V1,49,24,50
S014,B006V3,49,24,50
S014,B009V3,49,6,50
S014,B010V3,49,6,50
S014,S003V2,49,24,50
S014,S004V1,49,12,50
S014,S005V1,49,12,50
S014,S005V2,49,12,50
S014,S007V2,49,12,50
S014,S008V3,49,6,50
S014,S009V1,49,6,50
S014,S009V2,49,6,50
S014,S009V3,49,6,50
S014,K004V3,49,6,50
S014,K005V1,49,6,50
S014,K008V1,49,6,50
S014,K009V2,49,6,50
S014,R001V1,49,12,50
S014,R002V1,49,6,50
S014,R003V1,49,24,50
S014,R004V1,49,12,50
S014,R004V2,49,12,50
S014,R004V3,49,12,50
S014,R005V3,49,12,50
S014,R006V1,49,6,50
S014,R006V3,49,6,50
S014,R009V3,49,12,50
S014,Y001V1,49,24,50
S014,Y002V3,49,24,50
S014,S001,50,24,51
S014,S005,50,12,51
S014,K005,50,6,51
S014,R003,50,24,51
S014,Y001,50,24,51
S014,Y003,50,6,51
S014,A002,50,24,51
S014,A006,50,6,51
S014,B004V2,50,12,51
S014,B005V3,50,12,51
S014,B007V2,50,24,51
S014,B009V2,50,6,51
S014,B009V3,50,6,51
S014,S005V1,50,12,51
S014,S005V3,50,12,51
S014,S007V2,50,12,51
S014,S008V3,50,6,51
S014,S009V2,50,6,51
S014,S009V3,50,6,51
S014,K001V1,50,12,51
S014,K002V1,50,24,51
S014,K003V2,50,6,51
S014,K003V3,50,6,51
S014,K004V3,50,6,51
S014,K005V2,50,6,51
S014,K007V1,50,12,51
S014,K008V2,50,6,51
S014,K009V2,50,6,51
S014,R001V1,50,12,51
S014,R002V1,50,6,51
S014,R003V1,50,24,51
S014,R003V2,50,24,51
S014,R003V3,50,24,51
S014,R004V3,50,12,51
S014,R005V1,50,12,51
S014,R005V3,50,12,51
S014,R006V1,50,6,51
S014,R006V2,50,6,51
S014,R006V3,50,6,51
S014,R007V1,50,6,51
S014,R009V3,50,12,51
S014,R010V2,50,24,51
S014,Y002V2,50,24,51
S014,B002,51,24,52
S014,S001,51,24,52
S014,K002,51,24,52
S014,K005,51,6,52
S014,R003,51,24,52
S014,R009,51,12,52
S014,Y001,51,24,52
S014,B001V3,51,24,52
S014,B004V1,51,12,52
S014,B004V2,51,12,52
S014,B005V3,51,12,52
S014,B009V3,51,6,52
S014,S002V1,51,24,52
S014,S002V2,51,24,52
S014,S003V1,51,24,52
S014,S003V2,51,24,52
S014,S005V1,51,12,52
S014,S005V2,51,12,52
S014,S007V2,51,12,52
S014,S009V1,51,6,52
S014,K001V1,51,12,52
S014,K002V1,51,24,52
S014,K002V3,51,24,52
S014,K003V1,51,6,52
S014,K003V3,51,6,52
S014,K004V1,51,6,52
S014,K004V3,51,6,52
S014,K005V2,51,6,52
S014,K007V1,51,12,52
S014,K008V2,51,6,52
S014,K009V2,51,6,52
S014,R001V1,51,12,52
S014,R003V1,51,24,52
S014,R003V2,51,24,52
S014,R004V3,51,12,52
S014,R005V1,51,12,52
S014,R005V3,51,12,52
S014,R008V3,51,24,52
S014,R010V2,51,24,52
S015,B005,1,12,2
S015,B007,1,24,2
S015,S001,1,24,2
S015,K004,1,12,2
S015,K005,1,12,2
S015,K006,1,24,2
S015,K007,1,12,2
S015,K010,1,6,2
S015,R001,1,12,2
S015,R002,1,6,2
S015,R005,1,12,2
S015,Y004,1,6,2
S015,A006,1,6,2
S015,B002V3,1,24,2
S015,B003V1,1,24,2
S015,B003V3,1,24,2
S015,B004V2,1,12,2
S015,B007V1,1,24,2
S015,B009V1,1,6,2
S015,B009V3,1,12,2
S015,S001V1,1,24,2
S015,S002V1,1,24,2
S015,S002V3,1,24,2
S015,S003V1,1,24,2
S015,S003V2,1,24,2
S015,S004V2,1,12,2
S015,S004V3,1,12,2
S015,S005V3,1,12,2
S015,S006V2,1,6,2
S015,S007V3,1,12,2
S015,S008V2,1,6,2
S015,S008V3,1,6,2
S015,S009V2,1,12,2
S015,S009V3,1,6,2
S015,K001V1,1,48,2
S015,K004V3,1,12,2
S015,K005V2,1,6,2
S015,K008V1,1,6,2
S015,K008V2,1,6,2
S015,K009V1,1,6,2
S015,K009V2,1,6,2
S015,K009V3,1,6,2
S015,K010V2,1,6,2
S015,R001V1,1,24,2
S015,R001V2,1,12,2
S015,R002V2,1,6,2
S015,R003V1,1,24,2
S015,R003V2,1,24,2
S015,R004V1,1,12,2
S015,R004V3,1,12,2
S015,R005V3,1,12,2
S015,R007V2,1,6,2
S015,R007V3,1,6,2
S015,R008V1,1,24,2
S015,R009V3,1,12,2
S015,Y001V2,1,24,2
S015,Y002V2,1,24,2
S015,Y002V3,1,24,2
S015,B006,2,24,3
S015,B007,2,24,3
S015,S002,2,24,3
S015,S004,2,12,3
S015,S005,2,12,3
S015,S010,2,6,3
S015,K004,2,18,3
S015,K005,2,24,3
S015,K009,2,6,3
S015,K010,2,6,3
S015,R001,2,12,3
S015,Y001,2,24,3
S015,Y006,2,6,3
S015,B003V1,2,24,3
S015,B006V1,2,24,3
S015,B006V2,2,24,3
S015,B007V1,2,24,3
S015,B009V3,2,12,3
S015,B010V3,2,6,3
S015,S002V1,2,24,3
S015,S002V2,2,24,3
S015,S002V3,2,24,3
S015,S004V1,2,12,3
S015,S005V3,2,12,3
S015,S006V1,2,6,3
S015,S007V3,2,12,3
S015,S008V2,2,6,3
S015,S010V1,2,6,3
S015,K001V1,2,36,3
S015,K002V1,2,24,3
S015,K002V3,2,24,3
S015,K004V3,2,18,3
S015,K005V3,2,6,3
S015,K006V1,2,24,3
S015,K007V2,2,12,3
S015,K008V2,2,6,3
S015,K009V1,2,6,3
S015,K009V2,2,12,3
S015,R001V1,2,24,3
S015,R002V1,2,6,3
S015,R002V2,2,6,3
S015,R002V3,2,6,3
S015,R003V1,2,24,3
S015,R003V3,2,24,3
S015,R004V2,2,12,3
S015,R004V3,2,12,3
S015,R008V1,2,24,3
S015,R009V3,2,12,3
S015,B003,3,24,4
S015,B007,3,24,4
S015,S001,3,24,4
S015,K005,3,24,4
S015,K007,3,12,4
S015,K010,3,6,4
S015,R001,3,12,4
S015,R002,3,6,4
S015,R008,3,24,4
S015,Y001,3,24,4
S015,A002,3,24,4
S015,B003V2,3,24,4
S015,B006V1,3,24,4
S015,B007V2,3,24,4
S015,B009V3,3,18,4
S015,S002V1,3,24,4
S015,S002V2,3,24,4
S015,S002V3,3,24,4
S015,S003V3,3,24,4
S015,S004V2,3,12,4
S015,S007V3,3,12,4
S015,S008V3,3,6,4
S015,S009V1,3,6,4
S015,S009V3,3,6,4
S015,K001V1,3,48,4
S015,K004V3,3,36,4
S015,K005V1,3,6,4
S015,K007V2,3,12,4
S015,K007V3,3,12,4
S015,K009V2,3,12,4
S015,R001V1,3,24,4
S015,R003V1,3,24,4
S015,R004V3,3,12,4
S015,R006V3,3,6,4
S015,R008V1,3,24,4
S015,R009V3,3,12,4
S015,Y002V2,3,24,4
S015,B007,4,24,5
S015,S006,4,6,5
S015,K004,4,18,5
S015,K005,4,6,5
S015,K009,4,6,5
S015,K010,4,6,5
S015,R005,4,12,5
S015,R008,4,24,5
S015,Y001,4,24,5
S015,Y005,4,12,5
S015,A001,4,6,5
S015,B003V2,4,24,5
S015,B004V3,4,12,5
S015,B008V2,4,24,5
S015,B008V3,4,24,5
S015,B009V3,4,48,5
S015,B010V1,4,6,5
S015,B010V3,4,6,5
S015,S001V3,4,24,5
S015,S003V2,4,24,5
S015,S004V1,4,12,5
S015,S005V3,4,12,5
S015,S007V3,4,12,5
S015,S008V3,4,6,5
S015,S009V2,4,6,5
S015,K001V1,4,48,5
S015,K002V1,4,24,5
S015,K002V3,4,24,5
S015,K004V3,4,30,5
S015,K005V2,4,6,5
S015,K007V2,4,12,5
S015,K008V2,4,6,5
S015,K009V1,4,6,5
S015,K009V2,4,12,5
S015,R001V1,4,12,5
S015,R002V1,4,6,5
S015,R002V3,4,6,5
S015,R004V1,4,12,5
S015,R004V3,4,12,5
S015,R005V1,4,12,5
S015,R005V2,4,12,5
S015,R006V3,4,6,5
S015,R007V1,4,6,5
S015,R010V1,4,24,5
S015,Y001V1,4,24,5
S015,Y002V3,4,24,5
S015,B006,5,24,6
S015,B007,5,24,6
S015,S001,5,24,6
S015,S010,5,6,6
S015,K004,5,6,6
S015,K005,5,6,6
S015,R008,5,24,6
S015,A002,5,24,6
S015,A007,5,6,6
S015,B003V1,5,24,6
S015,B004V2,5,12,6
S015,B005V2,5,12,6
S015,B006V1,5,24,6
S015,B007V2,5,24,6
S015,B008V2,5,24,6
S015,B009V3,5,18,6
S015,B010V1,5,6,6
S015,S003V1,5,24,6
S015,S003V2,5,24,6
S015,S004V1,5,12,6
S015,S008V3,5,6,6
S015,S009V2,5,6,6
S015,K001V1,5,60,6
S015,K004V3,5,18,6
S015,K005V2,5,6,6
S015,K005V3,5,6,6
S015,K006V1,5,24,6
S015,K009V1,5,6,6
S015,K009V2,5,12,6
S015,R001V1,5,12,6
S015,R002V1,5,6,6
S015,R002V2,5,6,6
S015,R003V1,5,24,6
S015,R003V3,5,24,6
S015,R004V1,5,12,6
S015,R006V3,5,6,6
S015,R007V3,5,6,6
S015,R009V1,5,12,6
S015,R009V3,5,12,6
S015,Y001V2,5,24,6
S015,Y002V2,5,24,6
S015,Y002V3,5,24,6
S015,B007,6,24,7
S015,S004,6,12,7
S015,K004,6,6,7
S015,K005,6,6,7
S015,R002,6,6,7
S015,R004,6,12,7
S015,R008,6,24,7
S015,R010,6,24,7
S015,Y003,6,6,7
S015,B001V1,6,24,7
S015,B001V3,6,24,7
S015,B003V1,6,24,7
S015,B004V1,6,12,7
S015,B005V2,6,12,7
S015,B006V1,6,24,7
S015,B007V2,6,24,7
S015,B009V3,6,18,7
S015,S001V1,6,24,7
S015,S002V3,6,24,7
S015,S004V2,6,12,7
S015,S009V2,6,6,7
S015,K001V1,6,36,7
S015,K002V1,6,24,7
S015,K004V3,6,24,7
S015,K005V3,6,6,7
S015,K006V3,6,24,7
S015,K008V2,6,6,7
S015,K009V2,6,6,7
S015,R002V2,6,6,7
S015,R003V2,6,24,7
S015,R004V1,6,12,7
S015,R004V3,6,12,7
S015,R005V1,6,12,7
S015,R006V3,6,6,7
S015,R008V1,6,24,7
S015,R008V3,6,24,7
S015,B006,7,24,8
S015,B007,7,24,8
S015,S001,7,24,8
S015,S005,7,12,8
S015,K004,7,6,8
S015,K005,7,6,8
S015,K006,7,24,8
S015,K007,7,12,8
S015,R001,7,12,8
S015,R002,7,6,8
S015,R003,7,24,8
S015,R010,7,24,8
S015,Y001,7,24,8
S015,A002,7,24,8
S015,A006,7,6,8
S015,B001V3,7,24,8
S015,B004V1,7,12,8
S015,B004V3,7,12,8
S015,B008V3,7,24,8
S015,B009V3,7,30,8
S015,B010V2,7,6,8
S015,S001V1,7,24,8
S015,S001V2,7,24,8
S015,S002V2,7,24,8
S015,S003V1,7,24,8
S015,S009V2,7,6,8
S015,K001V1,7,36,8
S015,K004V3,7,30,8
S015,K006V2,7,24,8
S015,K009V2,7,12,8
S015,R001V1,7,12,8
S015,R001V2,7,12,8
S015,R001V3,7,12,8
S015,R002V1,7,6,8
S015,R002V2,7,6,8
S015,R003V1,7,24,8
S015,R004V1,7,12,8
S015,R004V3,7,12,8
S015,R008V1,7,24,8
S015,R008V2,7,24,8
S015,Y002V3,7,24,8
S015,S001,8,24,9
S015,S010,8,6,9
S015,K004,8,6,9
S015,K005,8,6,9
S015,K007,8,12,9
S015,Y006,8,6,9
S015,B001V1,8,24,9
S015,B001V3,8,24,9
S015,B002V3,8,24,9
S015,B003V3,8,24,9
S015,B005V2,8,12,9
S015,B009V1,8,6,9
S015,B009V3,8,48,9
S015,S002V1,8,24,9
S015,S002V2,8,24,9
S015,S005V3,8,12,9
S015,S008V3,8,6,9
S015,S009V2,8,6,9
S015,S009V3,8,6,9
S015,K001V1,8,36,9
S015,K002V3,8,24,9
S015,K004V3,8,24,9
S015,K008V2,8,6,9
S015,K009V2,8,6,9
S015,R001V1,8,12,9
S015,R001V2,8,12,9
S015,R002V2,8,6,9
S015,R002V3,8,6,9
S015,R003V3,8,24,9
S015,R004V1,8,12,9
S015,R004V2,8,12,9
S015,R004V3,8,12,9
S015,R006V3,8,6,9
S015,B007,9,24,10
S015,B009,9,6,10
S015,S002,9,24,10
S015,S004,9,12,10
S015,A002,9,24,10
S015,A007,9,6,10
S015,B003V3,9,24,10
S015,B004V1,9,12,10
S015,B005V2,9,12,10
S015,B007V1,9,24,10
S015,B008V2,9,24,10
S015,B009V3,9,6,10
S015,B010V1,9,6,10
S015,B010V3,9,6,10
S015,S001V3,9,24,10
S015,S004V1,9,12,10
S015,S004V2,9,12,10
S015,S004V3,9,12,10
S015,S005V3,9,12,10
S015,S009V3,9,6,10
S015,K001V1,9,24,10
S015,K002V1,9,24,10
S015,K002V3,9,24,10
S015,K004V3,9,12,10
S015,K007V2,9,12,10
S015,K008V2,9,6,10
S015,K009V1,9,6,10
S015,K009V2,9,6,10
S015,K009V3,9,6,10
S015,R001V1,9,12,10
S015,R002V3,9,6,10
S015,R004V1,9,12,10
S015,R005V1,9,12,10
S015,R006V2,9,6,10
S015,R008V3,9,24,10
S015,Y001V3,9,24,10
S015,Y002V2,9,24,10
S015,B009,10,6,11
S015,S005,10,12,11
S015,K009,10,6,11
S015,R003,10,24,11
S015,R005,10,12,11
S015,R006,10,6,11
S015,B003V3,10,24,11
S015,B004V1,10,12,11
S015,B006V1,10,24,11
S015,B008V2,10,24,11
S015,B009V3,10,6,11
S015,S001V1,10,24,11
S015,S001V3,10,24,11
S015,S002V2,10,24,11
S015,S003V1,10,24,11
S015,S003V2,10,24,11
S015,S004V2,10,12,11
S015,S005V3,10,12,11
S015,S008V1,10,6,11
S015,S009V3,10,6,11
S015,K001V1,10,24,11
S015,K002V1,10,24,11
S015,K004V3,10,24,11
S015,K005V2,10,6,11
S015,K008V2,10,6,11
S015,K009V2,10,12,11
S015,R001V1,10,12,11
S015,R002V1,10,6,11
S015,R003V2,10,24,11
S015,R006V3,10,6,11
S015,Y002V3,10,24,11
S015,B003,11,24,12
S015,S004,11,12,12
S015,S005,11,12,12
S015,S010,11,6,12
S015,K007,11,12,12
S015,K010,11,6,12
S015,R001,11,12,12
S015,R003,11,24,12
S015,B002V3,11,24,12
S015,B003V1,11,24,12
S015,B004V2,11,12,12
S015,B005V2,11,12,12
S015,B006V1,11,24,12
S015,B006V2,11,24,12
S015,B007V1,11,24,12
S015,B008V2,11,24,12
S015,B009V1,11,6,12
S015,B009V3,11,6,12
S015,S001V2,11,24,12
S015,S003V1,11,24,12
S015,S004V2,11,12,12
S015,K001V1,11,24,12
S015,K002V1,11,24,12
S015,K004V3,11,24,12
S015,K005V3,11,6,12
S015,K006V1,11,24,12
S015,K009V2,11,6,12
S015,R001V1,11,12,12
S015,R002V2,11,6,12
S015,R003V1,11,24,12
S015,R003V3,11,24,12
S015,R004V1,11,12,12
S015,R005V1,11,12,12
S015,Y002V3,11,24,12
S015,B006,12,24,13
S015,S002,12,24,13
S015,S007,12,12,13
S015,S010,12,6,13
S015,K005,12,6,13
S015,K009,12,6,13
S015,R008,12,24,13
S015,R010,12,24,13
S015,Y001,12,24,13
S015,A007,12,6,13
S015,B004V2,12,12,13
S015,B004V3,12,12,13
S015,B005V2,12,12,13
S015,B009V3,12,6,13
S015,S002V2,12,24,13
S015,S003V1,12,24,13
S015,K001V1,12,48,13
S015,K002V3,12,24,13
S015,K004V3,12,18,13
S015,K005V3,12,6,13
S015,K007V2,12,12,13
S015,R002V2,12,6,13
S015,R003V1,12,24,13
S015,R004V1,12,12,13
S015,R005V2,12,12,13
S015,R008V1,12,24,13
S015,Y001V1,12,24,13
S015,B006,13,24,14
S015,B007,13,24,14
S015,S005,13,12,14
S015,S007,13,12,14
S015,S010,13,6,14
S015,K005,13,6,14
S015,K009,13,6,14
S015,R003,13,24,14
S015,R008,13,24,14
S015,A002,13,24,14
S015,B004V2,13,12,14
S015,B007V2,13,24,14
S015,B007V3,13,24,14
S015,B009V3,13,6,14
S015,S001V1,13,24,14
S015,S002V1,13,24,14
S015,S002V3,13,24,14
S015,S004V3,13,12,14
S015,K001V1,13,36,14
S015,K002V2,13,24,14
S015,K004V1,13,6,14
S015,K004V3,13,24,14
S015,K006V1,13,24,14
S015,K007V2,13,12,14
S015,K007V3,13,12,14
S015,R001V1,13,12,14
S015,R001V2,13,12,14
S015,R002V2,13,6,14
S015,R006V3,13,6,14
S015,R007V1,13,6,14
S015,R008V1,13,24,14
S015,R008V2,13,24,14
S015,R009V3,13,12,14
S015,Y001V2,13,24,14
S015,Y002V2,13,24,14
S015,Y002V3,13,24,14
S015,B006,14,24,15
S015,B007,14,24,15
S015,B008,14,24,15
S015,S002,14,24,15
S015,S003,14,24,15
S015,S004,14,12,15
S015,S010,14,6,15
S015,K005,14,6,15
S015,Y003,14,6,15
S015,B001V3,14,24,15
S015,B003V1,14,24,15
S015,B007V1,14,24,15
S015,B008V3,14,24,15
S015,B010V1,14,6,15
S015,S001V2,14,24,15
S015,S002V1,14,24,15
S015,S002V3,14,24,15
S015,S004V1,14,12,15
S015,S006V3,14,6,15
S015,S007V3,14,12,15
S015,S008V3,14,6,15
S015,S009V3,14,6,15
S015,K001V1,14,36,15
S015,K002V1,14,24,15
S015,K004V3,14,24,15
S015,K005V3,14,6,15
S015,K006V3,14,24,15
S015,K007V3,14,12,15
S015,K009V2,14,6,15
S015,R001V1,14,12,15
S015,R001V3,14,12,15
S015,R002V2,14,6,15
S015,R002V3,14,6,15
S015,R003V1,14,24,15
S015,R003V3,14,24,15
S015,R004V3,14,12,15
S015,R009V2,14,12,15
S015,Y002V2,14,24,15
S015,B009,15,6,16
S015,S007,15,12,16
S015,K005,15,6,16
S015,K009,15,6,16
S015,R001,15,12,16
S015,Y001,15,24,16
S015,A002,15,24,16
S015,B001V3,15,24,16
S015,B004V1,15,12,16
S015,B009V3,15,6,16
S015,S001V1,15,24,16
S015,S002V1,15,24,16
S015,S003V1,15,24,16
S015,S004V2,15,12,16
S015,S006V1,15,6,16
S015,S006V3,15,6,16
S015,S007V2,15,12,16
S015,S008V3,15,6,16
S015,S009V1,15,6,16
S015,K001V1,15,36,16
S015,K004V3,15,24,16
S015,K005V1,15,6,16
S015,K005V2,15,6,16
S015,K006V1,15,24,16
S015,K009V2,15,6,16
S015,R001V1,15,12,16
S015,R002V2,15,6,16
S015,R002V3,15,6,16
S015,R009V3,15,12,16
S015,R010V3,15,24,16
S015,B007,16,24,17
S015,S003,16,24,17
S015,Y004,16,6,17
S015,Y006,16,6,17
S015,A006,16,6,17
S015,A007,16,6,17
S015,B003V1,16,24,17
S015,B003V3,16,24,17
S015,B004V1,16,12,17
S015,B004V2,16,12,17
S015,B007V1,16,24,17
S015,B009V3,16,6,17
S015,S001V1,16,24,17
S015,S001V2,16,24,17
S015,S002V2,16,24,17
S015,S002V3,16,24,17
S015,S003V2,16,24,17
S015,S004V3,16,12,17
S015,S007V3,16,12,17
S015,S009V1,16,6,17
S015,S009V3,16,6,17
S015,K001V1,16,12,17
S015,K004V3,16,6,17
S015,K005V2,16,6,17
S015,K005V3,16,6,17
S015,K006V1,16,24,17
S015,K008V2,16,6,17
S015,K009V2,16,6,17
S015,R002V1,16,6,17
S015,R002V3,16,6,17
S015,R003V3,16,24,17
S015,R004V1,16,12,17
S015,R006V3,16,6,17
S015,R007V1,16,6,17
S015,R008V3,16,24,17
S015,R009V2,16,12,17
S015,R009V3,16,12,17
S015,Y001V1,16,24,17
S015,Y001V2,16,24,17
S015,Y002V3,16,24,17
S015,B003,17,24,18
S015,S004,17,12,18
S015,K001,17,12,18
S015,K005,17,6,18
S015,K010,17,6,18
S015,R001,17,12,18
S015,R002,17,6,18
S015,R003,17,24,18
S015,R006,17,6,18
S015,R010,17,24,18
S015,Y001,17,24,18
S015,Y003,17,6,18
S015,Y004,17,6,18
S015,B003V1,17,24,18
S015,B004V3,17,12,18
S015,B006V2,17,24,18
S015,B009V3,17,6,18
S015,S004V1,17,12,18
S015,K001V1,17,12,18
S015,K005V1,17,6,18
S015,K006V1,17,24,18
S015,K007V3,17,12,18
S015,K008V2,17,6,18
S015,K009V2,17,6,18
S015,R001V1,17,12,18
S015,R002V1,17,6,18
S015,R002V3,17,6,18
S015,R003V3,17,24,18
S015,R005V1,17,12,18
S015,R008V1,17,24,18
S015,R008V3,17,24,18
S015,Y002V2,17,24,18
S015,B003,18,24,19
S015,B007,18,24,19
S015,B009,18,6,19
S015,S001,18,24,19
S015,S003,18,24,19
S015,S007,18,12,19
S015,S010,18,6,19
S015,K010,18,6,19
S015,R004,18,12,19
S015,R006,18,6,19
S015,R008,18,24,19
S015,R010,18,24,19
S015,Y003,18,6,19
S015,Y006,18,6,19
S015,A001,18,6,19
S015,B003V3,18,24,19
S015,B004V1,18,12,19
S015,B006V1,18,24,19
S015,B007V1,18,24,19
S015,B007V2,18,24,19
S015,B009V3,18,6,19
S015,S003V1,18,24,19
S015,S004V2,18,12,19
S015,S007V3,18,12,19
S015,S008V3,18,6,19
S015,K001V1,18,12,19
S015,K002V1,18,24,19
S015,K005V2,18,6,19
S015,K009V2,18,6,19
S015,R002V1,18,6,19
S015,R002V3,18,6,19
S015,R005V2,18,12,19
S015,R006V3,18,6,19
S015,R007V1,18,6,19
S015,Y002V2,18,24,19
S015,Y002V3,18,24,19
S015,S004,19,12,20
S015,S005,19,12,20
S015,S009,19,6,20
S015,S010,19,6,20
S015,K005,19,6,20
S015,K009,19,6,20
S015,K010,19,6,20
S015,R001,19,12,20
S015,R005,19,12,20
S015,A007,19,6,20
S015,B001V3,19,24,20
S015,B003V3,19,24,20
S015,B004V2,19,12,20
S015,B010V1,19,6,20
S015,S001V2,19,24,20
S015,S001V3,19,24,20
S015,S002V2,19,24,20
S015,S003V1,19,24,20
S015,S004V3,19,12,20
S015,S005V3,19,12,20
S015,S007V3,19,12,20
S015,S009V1,19,6,20
S015,S009V3,19,6,20
S015,K001V1,19,12,20
S015,K005V3,19,6,20
S015,K006V1,19,24,20
S015,K007V2,19,12,20
S015,K008V2,19,6,20
S015,K009V1,19,6,20
S015,K009V2,19,6,20
S015,R001V1,19,12,20
S015,R001V2,19,12,20
S015,R002V1,19,6,20
S015,R002V2,19,6,20
S015,R003V2,19,24,20
S015,R003V3,19,24,20
S015,R004V1,19,12,20
S015,R005V3,19,12,20
S015,R006V2,19,6,20
S015,R007V3,19,6,20
S015,R008V2,19,24,20
S015,R009V3,19,12,20
S015,B009,20,6,21
S015,S003,20,24,21
S015,S007,20,12,21
S015,K004,20,6,21
S015,K005,20,6,21
S015,K010,20,6,21
S015,R001,20,12,21
S015,A005,20,6,21
S015,B001V3,20,24,21
S015,B003V1,20,24,21
S015,B003V3,20,24,21
S015,B005V2,20,12,21
S015,B006V1,20,24,21
S015,B006V2,20,24,21
S015,B007V1,20,24,21
S015,B007V2,20,24,21
S015,B009V3,20,6,21
S015,B010V1,20,6,21
S015,S001V1,20,24,21
S015,S001V2,20,24,21
S015,S002V1,20,24,21
S015,S002V2,20,24,21
S015,S004V2,20,12,21
S015,S004V3,20,12,21
S015,S005V3,20,12,21
S015,S007V2,20,12,21
S015,S009V1,20,6,21
S015,K001V1,20,12,21
S015,K002V1,20,24,21
S015,K004V3,20,6,21
S015,K006V2,20,24,21
S015,K007V1,20,12,21
S015,K007V2,20,12,21
S015,K009V2,20,6,21
S015,R001V1,20,12,21
S015,R001V2,20,12,21
S015,R003V1,20,24,21
S015,R004V1,20,12,21
S015,R006V3,20,6,21
S015,R008V1,20,24,21
S015,R009V3,20,12,21
S015,B003,21,24,22
S015,B009,21,6,22
S015,S001,21,24,22
S015,S004,21,12,22
S015,S005,21,12,22
S015,K005,21,6,22
S015,R002,21,6,22
S015,R008,21,24,22
S015,B002V3,21,24,22
S015,B003V1,21,24,22
S015,B004V3,21,12,22
S015,B005V2,21,12,22
S015,B006V2,21,24,22
S015,B007V2,21,24,22
S015,B009V3,21,6,22
S015,B010V1,21,6,22
S015,S003V1,21,24,22
S015,S003V2,21,24,22
S015,S004V1,21,12,22
S015,S004V2,21,12,22
S015,S004V3,21,12,22
S015,S007V2,21,12,22
S015,K001V1,21,12,22
S015,K004V3,21,6,22
S015,K006V3,21,24,22
S015,K007V3,21,12,22
S015,K009V2,21,6,22
S015,R001V1,21,12,22
S015,R002V1,21,6,22
S015,R002V2,21,6,22
S015,R003V1,21,24,22
S015,R005V1,21,12,22
S015,R006V3,21,6,22
S015,R010V1,21,24,22
S015,B006,22,24,23
S015,B007,22,24,23
S015,B009,22,6,23
S015,S001,22,24,23
S015,S002,22,24,23
S015,S007,22,12,23
S015,K004,22,6,23
S015,K005,22,6,23
S015,K010,22,6,23
S015,R001,22,12,23
S015,R003,22,24,23
S015,Y006,22,6,23
S015,B002V3,22,24,23
S015,B003V2,22,24,23
S015,B003V3,22,24,23
S015,B004V2,22,12,23
S015,B006V1,22,24,23
S015,B006V3,22,24,23
S015,B007V1,22,24,23
S015,B007V2,22,24,23
S015,B009V3,22,6,23
S015,B010V1,22,6,23
S015,S001V1,22,24,23
S015,S001V2,22,24,23
S015,S002V1,22,24,23
S015,S004V1,22,12,23
S015,S004V2,22,12,23
S015,S006V3,22,6,23
S015,S008V3,22,6,23
S015,S009V3,22,6,23
S015,K002V1,22,24,23
S015,K004V3,22,6,23
S015,K005V1,22,6,23
S015,K006V1,22,24,23
S015,K007V3,22,12,23
S015,K008V2,22,6,23
S015,R001V1,22,12,23
S015,R003V3,22,24,23
S015,R005V2,22,12,23
S015,R006V3,22,6,23
S015,R008V1,22,24,23
S015,R009V3,22,12,23
S015,Y001V1,22,24,23
S015,B009,23,6,24
S015,S003,23,24,24
S015,S009,23,6,24
S015,K001,23,12,24
S015,K005,23,6,24
S015,K009,23,6,24
S015,R004,23,12,24
S015,R008,23,24,24
S015,A002,23,24,24
S015,B002V2,23,24,24
S015,B006V1,23,24,24
S015,B008V2,23,24,24
S015,B010V1,23,6,24
S015,S002V2,23,24,24
S015,S004V3,23,12,24
S015,S005V3,23,12,24
S015,S009V1,23,6,24
S015,K005V2,23,6,24
S015,K007V1,23,12,24
S015,K007V2,23,12,24
S015,R001V1,23,12,24
S015,R002V1,23,6,24
S015,R003V3,23,24,24
S015,R004V1,23,12,24
S015,R004V3,23,12,24
S015,R005V1,23,12,24
S015,R007V1,23,6,24
S015,R009V3,23,12,24
S015,Y002V3,23,24,24
S015,B003,24,24,25
S015,B005,24,12,25
S015,S005,24,12,25
S015,K009,24,6,25
S015,R001,24,12,25
S015,R003,24,24,25
S015,R005,24,12,25
S015,A001,24,6,25
S015,B001V3,24,24,25
S015,B004V1,24,12,25
S015,B006V1,24,24,25
S015,B009V3,24,6,25
S015,B010V3,24,6,25
S015,S001V1,24,24,25
S015,S001V2,24,24,25
S015,S002V1,24,24,25
S015,S002V3,24,24,25
S015,S003V1,24,24,25
S015,S003V2,24,24,25
S015,S006V3,24,6,25
S015,K002V1,24,24,25
S015,K004V3,24,6,25
S015,K006V1,24,24,25
S015,K006V3,24,24,25
S015,K007V1,24,12,25
S015,K007V2,24,12,25
S015,R001V1,24,12,25
S015,R002V1,24,6,25
S015,R002V2,24,6,25
S015,R004V1,24,12,25
S015,R005V2,24,12,25
S015,R007V1,24,6,25
S015,R007V3,24,6,25
S015,R008V2,24,24,25
S015,R008V3,24,24,25
S015,R009V3,24,12,25
S015,Y001V1,24,24,25
S015,B003,25,24,26
S015,B005,25,12,26
S015,B006,25,24,26
S015,S002,25,24,26
S015,S007,25,12,26
S015,K003,25,6,26
S015,K005,25,6,26
S015,K007,25,12,26
S015,R001,25,12,26
S015,R005,25,12,26
S015,B001V3,25,24,26
S015,B006V1,25,24,26
S015,B009V3,25,6,26
S015,B010V3,25,6,26
S015,S001V2,25,24,26
S015,S003V2,25,24,26
S015,S004V2,25,12,26
S015,S007V2,25,12,26
S015,S009V1,25,6,26
S015,S009V3,25,6,26
S015,K001V1,25,12,26
S015,K002V1,25,24,26
S015,K002V3,25,24,26
S015,K004V3,25,6,26
S015,K006V1,25,24,26
S015,K009V2,25,6,26
S015,R001V1,25,12,26
S015,R002V1,25,6,26
S015,R002V2,25,6,26
S015,R005V2,25,12,26
S015,R006V3,25,6,26
S015,R007V1,25,6,26
S015,R009V3,25,12,26
S015,R010V1,25,24,26
S015,Y001V1,25,24,26
S015,Y001V2,25,24,26
S015,B003,26,24,27
S015,B005,26,12,27
S015,B009,26,6,27
S015,S002,26,24,27
S015,S004,26,12,27
S015,S005,26,12,27
S015,S007,26,12,27
S015,S009,26,6,27
S015,S010,26,6,27
S015,K001,26,12,27
S015,K003,26,6,27
S015,K005,26,6,27
S015,K007,26,12,27
S015,K009,26,6,27
S015,Y001,26,24,27
S015,Y003,26,6,27
S015,A001,26,6,27
S015,A002,26,24,27
S015,B002V2,26,24,27
S015,B003V3,26,24,27
S015,B004V1,26,12,27
S015,B005V2,26,12,27
S015,B007V1,26,24,27
S015,B009V3,26,6,27
S015,S001V1,26,24,27
S015,S001V3,26,24,27
S015,S003V2,26,24,27
S015,S004V1,26,12,27
S015,S004V2,26,12,27
S015,S006V1,26,6,27
S015,S007V2,26,12,27
S015,K001V1,26,12,27
S015,K004V3,26,6,27
S015,K005V2,26,6,27
S015,K006V1,26,24,27
S015,K007V1,26,12,27
S015,K009V2,26,6,27
S015,R001V1,26,12,27
S015,R003V1,26,24,27
S015,R003V3,26,24,27
S015,R004V1,26,12,27
S015,R007V1,26,6,27
S015,R007V3,26,6,27
S015,R009V1,26,12,27
S015,R009V2,26,12,27
S015,R009V3,26,12,27
S015,Y001V1,26,24,27
S015,Y002V2,26,24,27
S015,Y002V3,26,24,27
S015,B003,27,24,28
S015,B009,27,6,28
S015,S007,27,12,28
S015,R004,27,12,28
S015,R005,27,12,28
S015,A002,27,24,28
S015,B001V3,27,24,28
S015,B004V2,27,12,28
S015,B005V2,27,12,28
S015,B006V1,27,24,28
S015,B009V3,27,6,28
S015,B010V1,27,6,28
S015,B010V3,27,6,28
S015,S002V3,27,24,28
S015,S004V3,27,12,28
S015,S008V3,27,6,28
S015,K001V1,27,12,28
S015,K003V3,27,6,28
S015,K004V3,27,6,28
S015,K005V2,27,6,28
S015,K007V2,27,12,28
S015,K008V2,27,6,28
S015,K009V1,27,6,28
S015,K009V2,27,6,28
S015,K010V3,27,6,28
S015,R001V1,27,12,28
S015,R001V2,27,12,28
S015,R002V1,27,6,28
S015,R002V2,27,6,28
S015,R003V2,27,24,28
S015,R003V3,27,24,28
S015,R006V3,27,6,28
S015,R007V3,27,6,28
S015,R008V3,27,24,28
S015,Y001V1,27,24,28
S015,Y002V2,27,24,28
S015,B009,28,6,29
S015,S010,28,6,29
S015,K003,28,6,29
S015,K007,28,12,29
S015,R002,28,6,29
S015,R003,28,24,29
S015,A001,28,6,29
S015,B002V2,28,24,29
S015,B002V3,28,24,29
S015,B005V2,28,12,29
S015,B006V2,28,24,29
S015,B008V1,28,24,29
S015,B009V1,28,6,29
S015,B009V3,28,6,29
S015,B010V1,28,6,29
S015,S001V1,28,24,29
S015,S001V2,28,24,29
S015,S002V1,28,24,29
S015,S003V2,28,24,29
S015,S004V2,28,12,29
S015,S005V3,28,12,29
S015,S007V3,28,12,29
S015,S008V3,28,6,29
S015,K001V1,28,12,29
S015,K003V3,28,6,29
S015,K004V3,28,6,29
S015,K006V3,28,24,29
S015,K007V2,28,12,29
S015,K009V1,28,6,29
S015,K009V2,28,6,29
S015,R001V1,28,12,29
S015,R001V2,28,12,29
S015,R002V2,28,6,29
S015,R002V3,28,6,29
S015,R003V2,28,24,29
S015,R006V3,28,6,29
S015,R008V3,28,24,29
S015,B003,29,24,30
S015,B005,29,12,30
S015,B006,29,24,30
S015,S004,29,12,30
S015,S005,29,12,30
S015,S009,29,6,30
S015,K003,29,6,30
S015,K005,29,6,30
S015,K006,29,24,30
S015,R007,29,6,30
S015,R008,29,24,30
S015,B001V1,29,24,30
S015,B004V2,29,12,30
S015,B007V1,29,24,30
S015,B007V2,29,24,30
S015,B008V3,29,24,30
S015,B010V2,29,6,30
S015,S001V1,29,24,30
S015,S001V2,29,24,30
S015,S001V3,29,24,30
S015,S002V2,29,24,30
S015,S003V1,29,24,30
S015,S003V2,29,24,30
S015,S009V1,29,6,30
S015,S009V3,29,6,30
S015,K002V3,29,24,30
S015,K003V1,29,6,30
S015,K005V2,29,6,30
S015,K007V2,29,12,30
S015,R001V1,29,12,30
S015,R001V3,29,12,30
S015,R002V3,29,6,30
S015,R003V1,29,24,30
S015,R005V2,29,12,30
S015,R006V3,29,6,30
S015,Y001V2,29,24,30
S015,Y001V3,29,24,30
S015,B003,30,24,31
S015,S001,30,24,31
S015,S003,30,24,31
S015,S005,30,12,31
S015,S009,30,6,31
S015,S010,30,6,31
S015,K001,30,12,31
S015,K007,30,12,31
S015,K010,30,6,31
S015,R003,30,24,31
S015,R005,30,12,31
S015,R010,30,24,31
S015,Y004,30,6,31
S015,Y005,30,12,31
S015,B001V3,30,24,31
S015,B003V1,30,24,31
S015,B005V2,30,12,31
S015,B006V2,30,24,31
S015,S003V1,30,24,31
S015,S003V2,30,24,31
S015,S006V1,30,6,31
S015,S007V2,30,12,31
S015,S008V3,30,6,31
S015,S009V1,30,6,31
S015,S009V2,30,6,31
S015,K001V1,30,12,31
S015,K002V1,30,24,31
S015,K003V1,30,6,31
S015,K003V2,30,6,31
S015,K003V3,30,6,31
S015,K009V1,30,6,31
S015,R001V2,30,12,31
S015,R002V1,30,6,31
S015,R002V2,30,6,31
S015,R004V3,30,12,31
S015,R007V1,30,6,31
S015,R009V2,30,12,31
S015,B003,31,24,32
S015,B006,31,24,32
S015,B007,31,24,32
S015,S001,31,24,32
S015,S003,31,24,32
S015,S005,31,12,32
S015,S010,31,6,32
S015,K003,31,6,32
S015,R001,31,12,32
S015,R005,31,12,32
S015,R008,31,24,32
S015,Y006,31,6,32
S015,A001,31,6,32
S015,B001V3,31,24,32
S015,B002V3,31,24,32
S015,B003V1,31,24,32
S015,B007V1,31,24,32
S015,B008V1,31,24,32
S015,B009V3,31,6,32
S015,S001V1,31,24,32
S015,S002V1,31,24,32
S015,S002V2,31,24,32
S015,S002V3,31,24,32
S015,S006V3,31,6,32
S015,S007V3,31,12,32
S015,K001V1,31,12,32
S015,K002V1,31,24,32
S015,K004V3,31,6,32
S015,K005V3,31,6,32
S015,K006V3,31,24,32
S015,K007V1,31,12,32
S015,K010V3,31,6,32
S015,R001V1,31,12,32
S015,R002V2,31,6,32
S015,R002V3,31,6,32
S015,R003V2,31,24,32
S015,R003V3,31,24,32
S015,R004V1,31,12,32
S015,R005V1,31,12,32
S015,R006V2,31,6,32
S015,R007V1,31,6,32
S015,Y001V2,31,24,32
S015,Y002V2,31,24,32
S015,Y002V3,31,24,32
S015,B003,32,24,33
S015,B006,32,24,33
S015,S003,32,24,33
S015,S004,32,12,33
S015,S005,32,12,33
S015,S010,32,6,33
S015,K001,32,12,33
S015,K006,32,24,33
S015,K009,32,6,33
S015,R002,32,6,33
S015,R008,32,24,33
S015,B001V3,32,24,33
S015,B003V1,32,24,33
S015,B005V2,32,12,33
S015,B006V1,32,24,33
S015,B006V2,32,24,33
S015,B009V1,32,6,33
S015,B009V3,32,6,33
S015,B010V1,32,6,33
S015,B010V2,32,6,33
S015,S001V3,32,24,33
S015,S002V1,32,24,33
S015,S002V2,32,24,33
S015,S005V3,32,12,33
S015,S009V2,32,6,33
S015,S009V3,32,6,33
S015,K001V1,32,12,33
S015,K002V1,32,24,33
S015,K002V3,32,24,33
S015,K003V1,32,6,33
S015,K005V2,32,6,33
S015,K005V3,32,6,33
S015,R001V1,32,12,33
S015,R002V3,32,6,33
S015,R003V1,32,24,33
S015,R004V1,32,12,33
S015,R004V2,32,12,33
S015,R004V3,32,12,33
S015,R005V1,32,12,33
S015,R006V3,32,6,33
S015,R007V1,32,6,33
S015,R007V3,32,6,33
S015,R009V3,32,12,33
S015,Y002V3,32,24,33
S015,S002,33,24,34
S015,S003,33,24,34
S015,S010,33,6,34
S015,K006,33,24,34
S015,R001,33,12,34
S015,R010,33,24,34
S015,A002,33,24,34
S015,A005,33,6,34
S015,B002V3,33,24,34
S015,B003V3,33,24,34
S015,B006V2,33,24,34
S015,B007V1,33,24,34
S015,B010V1,33,6,34
S015,S002V1,33,24,34
S015,S002V3,33,24,34
S015,S004V2,33,12,34
S015,S004V3,33,12,34
S015,S006V3,33,6,34
S015,S007V1,33,12,34
S015,S007V3,33,12,34
S015,S009V1,33,6,34
S015,S010V1,33,6,34
S015,K001V1,33,12,34
S015,K002V3,33,24,34
S015,K003V1,33,6,34
S015,K005V2,33,6,34
S015,K005V3,33,6,34
S015,K006V1,33,24,34
S015,R001V1,33,12,34
S015,R001V2,33,12,34
S015,R002V1,33,6,34
S015,R002V3,33,6,34
S015,R003V2,33,24,34
S015,R003V3,33,24,34
S015,R005V2,33,12,34
S015,B007,34,24,35
S015,S001,34,24,35
S015,S009,34,6,35
S015,K003,34,6,35
S015,K005,34,6,35
S015,K009,34,6,35
S015,R002,34,6,35
S015,A001,34,6,35
S015,A004,34,6,35
S015,B002V2,34,24,35
S015,B003V3,34,24,35
S015,B004V1,34,12,35
S015,B004V2,34,12,35
S015,B006V2,34,24,35
S015,B006V3,34,24,35
S015,B007V1,34,24,35
S015,B008V1,34,24,35
S015,B008V2,34,24,35
S015,B009V1,34,6,35
S015,B009V3,34,6,35
S015,B010V3,34,6,35
S015,S002V1,34,24,35
S015,S002V2,34,24,35
S015,S003V1,34,24,35
S015,S007V2,34,12,35
S015,S009V3,34,6,35
S015,S010V1,34,6,35
S015,K003V1,34,6,35
S015,K004V3,34,6,35
S015,K007V1,34,12,35
S015,K007V2,34,12,35
S015,K007V3,34,12,35
S015,K009V1,34,6,35
S015,R001V1,34,12,35
S015,R003V1,34,24,35
S015,R004V1,34,12,35
S015,R006V3,34,6,35
S015,R007V3,34,6,35
S015,R009V1,34,12,35
S015,Y001V1,34,24,35
S015,Y002V1,34,24,35
S015,Y002V3,34,24,35
S015,B007,35,24,36
S015,S001,35,24,36
S015,S002,35,24,36
S015,S004,35,12,36
S015,S005,35,12,36
S015,K001,35,12,36
S015,K003,35,6,36
S015,K005,35,6,36
S015,K010,35,6,36
S015,R002,35,6,36
S015,R008,35,24,36
S015,R010,35,24,36
S015,A006,35,6,36
S015,A007,35,6,36
S015,A008,35,12,36
S015,B002V2,35,24,36
S015,B009V3,35,6,36
S015,S001V3,35,24,36
S015,S006V3,35,6,36
S015,S007V3,35,12,36
S015,S008V3,35,6,36
S015,K001V1,35,12,36
S015,K002V1,35,24,36
S015,K003V2,35,6,36
S015,K003V3,35,6,36
S015,K005V3,35,6,36
S015,K006V1,35,24,36
S015,K007V1,35,12,36
S015,K009V1,35,6,36
S015,K009V3,35,6,36
S015,R002V1,35,6,36
S015,R003V1,35,24,36
S015,R003V2,35,24,36
S015,R003V3,35,24,36
S015,R004V1,35,12,36
S015,R005V3,35,12,36
S015,R006V1,35,6,36
S015,R007V3,35,6,36
S015,R008V1,35,24,36
S015,R008V2,35,24,36
S015,R009V3,35,12,36
S015,R010V3,35,24,36
S015,B003,36,24,37
S015,S005,36,12,37
S015,S009,36,6,37
S015,K007,36,12,37
S015,K009,36,6,37
S015,R008,36,24,37
S015,Y004,36,6,37
S015,B001V3,36,24,37
S015,B003V3,36,24,37
S015,B004V2,36,12,37
S015,B005V2,36,12,37
S015,B008V2,36,24,37
S015,B009V3,36,6,37
S015,B010V1,36,6,37
S015,S001V1,36,24,37
S015,S003V2,36,24,37
S015,S005V3,36,12,37
S015,S007V2,36,12,37
S015,K001V1,36,12,37
S015,K003V2,36,6,37
S015,K009V1,36,6,37
S015,R001V1,36,12,37
S015,R001V3,36,12,37
S015,R002V1,36,6,37
S015,R002V2,36,6,37
S015,R004V2,36,12,37
S015,R005V1,36,12,37
S015,R005V3,36,12,37
S015,R009V2,36,12,37
S015,R009V3,36,12,37
S015,Y002V2,36,24,37
S015,Y002V3,36,24,37
S015,B007,37,24,38
S015,B009,37,6,38
S015,S003,37,24,38
S015,S005,37,12,38
S015,S007,37,12,38
S015,S010,37,6,38
S015,K005,37,6,38
S015,R001,37,12,38
S015,R005,37,12,38
S015,Y004,37,6,38
S015,A001,37,6,38
S015,B002V2,37,24,38
S015,B003V1,37,24,38
S015,B004V1,37,12,38
S015,B004V2,37,12,38
S015,B005V2,37,12,38
S015,B007V1,37,24,38
S015,B009V3,37,6,38
S015,B010V3,37,6,38
S015,S002V1,37,24,38
S015,S002V3,37,24,38
S015,S003V1,37,24,38
S015,S004V1,37,12,38
S015,S004V3,37,12,38
S015,S005V3,37,12,38
S015,K001V1,37,12,38
S015,K002V3,37,24,38
S015,K004V3,37,6,38
S015,K005V3,37,6,38
S015,K006V1,37,24,38
S015,K009V1,37,6,38
S015,R001V1,37,12,38
S015,R003V3,37,24,38
S015,R004V3,37,12,38
S015,R006V3,37,6,38
S015,Y001V2,37,24,38
S015,Y001V3,37,24,38
S015,Y002V1,37,24,38
S015,S001,38,24,39
S015,S004,38,12,39
S015,S005,38,12,39
S015,K001,38,12,39
S015,K003,38,6,39
S015,K005,38,6,39
S015,K007,38,12,39
S015,B004V1,38,12,39
S015,B005V2,38,12,39
S015,B006V1,38,24,39
S015,B006V2,38,24,39
S015,B009V3,38,6,39
S015,B010V1,38,6,39
S015,S001V1,38,24,39
S015,S001V2,38,24,39
S015,S002V1,38,24,39
S015,S004V2,38,12,39
S015,S005V3,38,12,39
S015,S007V2,38,12,39
S015,K001V1,38,12,39
S015,K004V3,38,6,39
S015,K005V3,38,6,39
S015,K007V3,38,12,39
S015,K009V1,38,6,39
S015,R001V1,38,12,39
S015,R002V1,38,6,39
S015,R002V2,38,6,39
S015,R003V1,38,24,39
S015,R006V3,38,6,39
S015,R007V1,38,6,39
S015,R008V1,38,24,39
S015,R008V2,38,24,39
S015,R008V3,38,24,39
S015,Y001V2,38,24,39
S015,Y002V2,38,24,39
S015,B006,39,24,40
S015,B007,39,24,40
S015,B009,39,6,40
S015,S004,39,12,40
S015,S009,39,6,40
S015,S010,39,6,40
S015,K003,39,6,40
S015,K006,39,24,40
S015,K010,39,6,40
S015,R001,39,12,40
S015,R003,39,24,40
S015,Y001,39,24,40
S015,A008,39,12,40
S015,B002V2,39,24,40
S015,B003V1,39,24,40
S015,B007V2,39,24,40
S015,B008V2,39,24,40
S015,B009V3,39,6,40
S015,S001V3,39,24,40
S015,S002V2,39,24,40
S015,S004V1,39,12,40
S015,S004V3,39,12,40
S015,S005V2,39,12,40
S015,S005V3,39,12,40
S015,S007V2,39,12,40
S015,S009V1,39,6,40
S015,S009V3,39,6,40
S015,S010V2,39,6,40
S015,K001V1,39,12,40
S015,K006V2,39,24,40
S015,K006V3,39,24,40
S015,K007V2,39,12,40
S015,K010V1,39,6,40
S015,K010V3,39,6,40
S015,R001V1,39,12,40
S015,R001V3,39,12,40
S015,R002V2,39,6,40
S015,R003V1,39,24,40
S015,R004V1,39,12,40
S015,R004V3,39,12,40
S015,R008V1,39,24,40
S015,R009V3,39,12,40
S015,B003,40,24,41
S015,S002,40,24,41
S015,S003,40,24,41
S015,K003,40,6,41
S015,K007,40,12,41
S015,K009,40,6,41
S015,R001,40,12,41
S015,R005,40,12,41
S015,Y002,40,24,41
S015,A006,40,6,41
S015,B007V1,40,24,41
S015,B007V2,40,24,41
S015,B008V1,40,24,41
S015,B009V3,40,6,41
S015,B010V3,40,6,41
S015,S002V2,40,24,41
S015,S002V3,40,24,41
S015,S005V3,40,12,41
S015,S006V1,40,6,41
S015,S006V3,40,6,41
S015,S007V3,40,12,41
S015,S009V2,40,6,41
S015,K002V1,40,24,41
S015,K003V1,40,6,41
S015,K004V3,40,6,41
S015,K006V3,40,24,41
S015,K008V1,40,6,41
S015,K008V3,40,6,41
S015,K009V1,40,6,41
S015,K010V1,40,6,41
S015,R001V1,40,12,41
S015,R002V1,40,6,41
S015,R002V3,40,6,41
S015,R003V1,40,24,41
S015,R003V3,40,24,41
S015,R004V2,40,12,41
S015,R006V3,40,6,41
S015,R008V3,40,24,41
S015,R009V3,40,12,41
S015,Y001V2,40,24,41
S015,Y002V3,40,24,41
S015,S003,41,24,42
S015,S010,41,6,42
S015,K001,41,12,42
S015,K003,41,6,42
S015,K005,41,6,42
S015,K006,41,24,42
S015,K009,41,6,42
S015,R010,41,24,42
S015,Y001,41,24,42
S015,Y006,41,6,42
S015,B004V1,41,12,42
S015,B007V1,41,24,42
S015,B007V2,41,24,42
S015,B009V3,41,6,42
S015,B010V1,41,6,42
S015,S001V1,41,24,42
S015,S004V3,41,12,42
S015,S006V1,41,6,42
S015,S007V3,41,12,42
S015,S008V3,41,6,42
S015,S009V1,41,6,42
S015,S009V2,41,6,42
S015,S009V3,41,6,42
S015,K001V1,41,12,42
S015,K002V1,41,24,42
S015,K003V3,41,6,42
S015,K004V3,41,6,42
S015,K006V2,41,24,42
S015,K009V3,41,6,42
S015,K010V1,41,6,42
S015,R001V1,41,12,42
S015,R001V2,41,12,42
S015,R002V1,41,6,42
S015,R002V3,41,6,42
S015,R004V2,41,12,42
S015,R004V3,41,12,42
S015,R005V1,41,12,42
S015,R005V2,41,12,42
S015,R007V1,41,6,42
S015,R008V3,41,24,42
S015,Y001V2,41,24,42
S015,S005,42,12,43
S015,S010,42,6,43
S015,K001,42,12,43
S015,K003,42,6,43
S015,K005,42,6,43
S015,K006,42,24,43
S015,K009,42,6,43
S015,R002,42,6,43
S015,R005,42,12,43
S015,R008,42,24,43
S015,Y004,42,6,43
S015,Y006,42,6,43
S015,B002V1,42,24,43
S015,B003V1,42,24,43
S015,B004V3,42,12,43
S015,B005V2,42,12,43
S015,B006V1,42,24,43
S015,B010V1,42,6,43
S015,S003V1,42,24,43
S015,S005V3,42,12,43
S015,S006V3,42,6,43
S015,S007V2,42,12,43
S015,S009V1,42,6,43
S015,K001V1,42,12,43
S015,K002V1,42,24,43
S015,K002V3,42,24,43
S015,K004V3,42,6,43
S015,K005V1,42,6,43
S015,K006V3,42,24,43
S015,K007V1,42,12,43
S015,K007V2,42,12,43
S015,R001V1,42,12,43
S015,R001V2,42,12,43
S015,R002V2,42,6,43
S015,R003V1,42,24,43
S015,R003V3,42,24,43
S015,R005V1,42,12,43
S015,R006V3,42,6,43
S015,R009V2,42,12,43
S015,R009V3,42,12,43
S015,B007,43,24,44
S015,S003,43,24,44
S015,S005,43,12,44
S015,S007,43,12,44
S015,S010,43,6,44
S015,K009,43,6,44
S015,K010,43,6,44
S015,R003,43,24,44
S015,A006,43,6,44
S015,B002V3,43,24,44
S015,B005V2,43,12,44
S015,B007V1,43,24,44
S015,B008V1,43,24,44
S015,B008V3,43,24,44
S015,B009V3,43,6,44
S015,B010V1,43,6,44
S015,B010V3,43,6,44
S015,S001V1,43,24,44
S015,S003V1,43,24,44
S015,S003V2,43,24,44
S015,S004V1,43,12,44
S015,S004V3,43,12,44
S015,S006V3,43,6,44
S015,S008V3,43,6,44
S015,S009V2,43,6,44
S015,K004V1,43,6,44
S015,K004V3,43,6,44
S015,K005V3,43,6,44
S015,K006V2,43,24,44
S015,K007V1,43,12,44
S015,K007V2,43,12,44
S015,K010V1,43,6,44
S015,R001V1,43,12,44
S015,R004V3,43,12,44
S015,R005V1,43,12,44
S015,R005V2,43,12,44
S015,R007V1,43,6,44
S015,R009V3,43,12,44
S015,B006,44,24,45
S015,B009,44,6,45
S015,S001,44,24,45
S015,S004,44,12,45
S015,K003,44,6,45
S015,K005,44,6,45
S015,K010,44,6,45
S015,R001,44,12,45
S015,R005,44,12,45
S015,A003,44,24,45
S015,B002V2,44,24,45
S015,B006V1,44,24,45
S015,B006V2,44,24,45
S015,B007V1,44,24,45
S015,B008V3,44,24,45
S015,B009V3,44,6,45
S015,S001V1,44,24,45
S015,S001V3,44,24,45
S015,S007V3,44,12,45
S015,S009V2,44,6,45
S015,S009V3,44,6,45
S015,K001V1,44,12,45
S015,K002V3,44,24,45
S015,K004V3,44,6,45
S015,R002V2,44,6,45
S015,R002V3,44,6,45
S015,R005V1,44,12,45
S015,R006V3,44,6,45
S015,B005,45,12,46
S015,B007,45,24,46
S015,S001,45,24,46
S015,S005,45,12,46
S015,S009,45,6,46
S015,K001,45,12,46
S015,K005,45,6,46
S015,R003,45,24,46
S015,R004,45,12,46
S015,R010,45,24,46
S015,B003V1,45,24,46
S015,B005V2,45,12,46
S015,B007V1,45,24,46
S015,B007V2,45,24,46
S015,B007V3,45,24,46
S015,B008V1,45,24,46
S015,B009V3,45,6,46
S015,B010V1,45,6,46
S015,S001V3,45,24,46
S015,S002V1,45,24,46
S015,S002V3,45,24,46
S015,S004V2,45,12,46
S015,S005V2,45,12,46
S015,S006V3,45,6,46
S015,S007V3,45,12,46
S015,S008V3,45,6,46
S015,S009V1,45,6,46
S015,K001V1,45,12,46
S015,K002V1,45,24,46
S015,K003V2,45,6,46
S015,K004V3,45,6,46
S015,R002V1,45,6,46
S015,R002V3,45,6,46
S015,R003V1,45,24,46
S015,R003V3,45,24,46
S015,R004V2,45,12,46
S015,Y002V3,45,24,46
S015,B007,46,24,47
S015,B009,46,6,47
S015,S001,46,24,47
S015,S002,46,24,47
S015,S003,46,24,47
S015,K009,46,6,47
S015,K010,46,6,47
S015,R002,46,6,47
S015,R003,46,24,47
S015,R008,46,24,47
S015,A006,46,6,47
S015,A008,46,12,47
S015,B002V3,46,24,47
S015,B004V2,46,12,47
S015,B005V2,46,12,47
S015,B008V1,46,24,47
S015,B009V3,46,6,47
S015,S001V2,46,24,47
S015,S002V2,46,24,47
S015,S008V3,46,6,47
S015,K001V1,46,12,47
S015,K004V3,46,6,47
S015,K005V2,46,6,47
S015,K005V3,46,6,47
S015,K006V3,46,24,47
S015,K009V1,46,6,47
S015,R001V2,46,12,47
S015,R002V1,46,6,47
S015,R002V2,46,6,47
S015,R003V2,46,24,47
S015,R005V1,46,12,47
S015,R005V3,46,12,47
S015,R006V3,46,6,47
S015,R008V1,46,24,47
S015,R008V3,46,24,47
S015,Y002V2,46,24,47
S015,Y002V3,46,24,47
S015,B006,47,24,48
S015,S001,47,24,48
S015,S004,47,12,48
S015,S009,47,6,48
S015,S010,47,6,48
S015,K010,47,6,48
S015,R008,47,24,48
S015,B001V3,47,24,48
S015,B002V2,47,24,48
S015,B003V1,47,24,48
S015,B004V1,47,12,48
S015,B006V2,47,24,48
S015,B007V1,47,24,48
S015,B009V3,47,6,48
S015,B010V1,47,6,48
S015,B010V3,47,6,48
S015,S001V1,47,24,48
S015,S001V2,47,24,48
S015,S002V1,47,24,48
S015,S004V2,47,12,48
S015,S008V2,47,6,48
S015,S009V3,47,6,48
S015,K002V1,47,24,48
S015,K003V2,47,6,48
S015,K004V3,47,6,48
S015,K006V3,47,24,48
S015,R001V1,47,12,48
S015,R001V2,47,12,48
S015,R002V2,47,6,48
S015,R002V3,47,6,48
S015,R003V2,47,24,48
S015,R003V3,47,24,48
S015,Y002V2,47,24,48
S015,Y002V3,47,24,48
S015,B006,48,24,49
S015,B007,48,24,49
S015,S005,48,12,49
S015,K001,48,12,49
S015,K003,48,6,49
S015,A002,48,24,49
S015,B001V3,48,24,49
S015,B003V1,48,24,49
S015,B004V2,48,12,49
S015,B005V2,48,12,49
S015,B006V1,48,24,49
S015,B007V2,48,24,49
S015,B008V1,48,24,49
S015,B010V1,48,6,49
S015,S001V1,48,24,49
S015,S001V2,48,24,49
S015,S002V1,48,24,49
S015,S004V1,48,12,49
S015,S004V3,48,12,49
S015,S006V3,48,6,49
S015,S007V1,48,12,49
S015,S008V3,48,6,49
S015,S009V3,48,6,49
S015,K001V1,48,12,49
S015,K002V1,48,24,49
S015,K004V3,48,6,49
S015,K005V3,48,6,49
S015,K006V1,48,24,49
S015,R001V1,48,12,49
S015,R002V1,48,6,49
S015,R003V2,48,24,49
S015,R003V3,48,24,49
S015,R004V1,48,12,49
S015,R006V3,48,6,49
S015,R008V1,48,24,49
S015,R008V3,48,24,49
S015,R009V3,48,12,49
S015,Y001V2,48,24,49
S015,B003,49,24,50
S015,S004,49,12,50
S015,S006,49,6,50
S015,S010,49,6,50
S015,K005,49,6,50
S015,R003,49,24,50
S015,R005,49,12,50
S015,Y001,49,24,50
S015,Y004,49,6,50
S015,B002V2,49,24,50
S015,B003V1,49,24,50
S015,B003V3,49,24,50
S015,B007V1,49,24,50
S015,B008V1,49,24,50
S015,S001V3,49,24,50
S015,S002V2,49,24,50
S015,S004V3,49,12,50
S015,S009V3,49,6,50
S015,K001V1,49,12,50
S015,K004V3,49,6,50
S015,K005V3,49,6,50
S015,K007V2,49,12,50
S015,K008V3,49,6,50
S015,K009V1,49,6,50
S015,R001V1,49,12,50
S015,R002V2,49,6,50
S015,R003V2,49,24,50
S015,R004V2,49,12,50
S015,R005V3,49,12,50
S015,R008V1,49,24,50
S015,Y002V2,49,24,50
S015,S003,50,24,51
S015,S004,50,12,51
S015,K005,50,6,51
S015,K010,50,6,51
S015,R001,50,12,51
S015,R003,50,24,51
S015,R004,50,12,51
S015,R008,50,24,51
S015,A005,50,6,51
S015,B001V1,50,24,51
S015,B008V1,50,24,51
S015,B009V3,50,6,51
S015,B010V3,50,6,51
S015,S001V1,50,24,51
S015,S001V2,50,24,51
S015,S001V3,50,24,51
S015,S002V1,50,24,51
S015,S003V2,50,24,51
S015,S003V3,50,24,51
S015,S004V2,50,12,51
S015,S004V3,50,12,51
S015,S005V3,50,12,51
S015,S006V3,50,6,51
S015,S007V1,50,12,51
S015,S007V3,50,12,51
S015,S009V3,50,6,51
S015,K001V1,50,12,51
S015,K002V1,50,24,51
S015,K003V3,50,6,51
S015,K005V1,50,6,51
S015,K010V1,50,6,51
S015,R001V2,50,12,51
S015,R002V1,50,6,51
S015,R002V2,50,6,51
S015,R002V3,50,6,51
S015,R003V1,50,24,51
S015,R003V3,50,24,51
S015,R004V1,50,12,51
S015,R004V3,50,12,51
S015,R005V2,50,12,51
S015,R006V3,50,6,51
S015,R007V1,50,6,51
S015,R010V3,50,24,51
S015,Y002V3,50,24,51
S015,S009,51,6,52
S015,K002,51,24,52
S015,K003,51,6,52
S015,K005,51,6,52
S015,K006,51,24,52
S015,R007,51,6,52
S015,A006,51,6,52
S015,B003V1,51,24,52
S015,B004V1,51,12,52
S015,B008V1,51,24,52
S015,B009V3,51,6,52
S015,S003V1,51,24,52
S015,S004V2,51,12,52
S015,S005V3,51,12,52
S015,S006V3,51,6,52
S015,S007V2,51,12,52
S015,S009V3,51,6,52
S015,K001V1,51,12,52
S015,K003V1,51,6,52
S015,K004V3,51,6,52
S015,K005V2,51,6,52
S015,K006V3,51,24,52
S015,K009V1,51,6,52
S015,R001V1,51,12,52
S015,R002V2,51,6,52
S015,R003V3,51,24,52
S015,R004V3,51,12,52
S015,R005V1,51,12,52
S015,R007V1,51,6,52
S015,R008V3,51,24,52
S015,R010V3,51,24,52
S016,B002,1,24,2
S016,S001,1,24,2
S016,S008,1,6,2
S016,K003,1,6,2
S016,K004,1,6,2
S016,K005,1,18,2
S016,K010,1,6,2
S016,R004,1,12,2
S016,R005,1,12,2
S016,R007,1,6,2
S016,R008,1,24,2
S016,Y003,1,6,2
S016,Y005,1,12,2
S016,A001,1,6,2
S016,A005,1,6,2
S016,B002V2,1,24,2
S016,B008V1,1,24,2
S016,B009V3,1,24,2
S016,B010V3,1,6,2
S016,S001V1,1,24,2
S016,S002V1,1,24,2
S016,S002V3,1,24,2
S016,S004V3,1,12,2
S016,S005V3,1,12,2
S016,S009V2,1,6,2
S016,S009V3,1,6,2
S016,K001V1,1,36,2
S016,K002V1,1,24,2
S016,K002V2,1,24,2
S016,K002V3,1,24,2
S016,K003V1,1,6,2
S016,K004V3,1,18,2
S016,K006V1,1,24,2
S016,K006V3,1,24,2
S016,K007V2,1,12,2
S016,K009V2,1,6,2
S016,K010V2,1,6,2
S016,R001V1,1,48,2
S016,R002V2,1,6,2
S016,R003V2,1,24,2
S016,R004V1,1,12,2
S016,Y001V1,1,24,2
S016,Y002V2,1,24,2
S016,B002,2,24,3
S016,B004,2,12,3
S016,B006,2,24,3
S016,B009,2,6,3
S016,B010,2,6,3
S016,K002,2,24,3
S016,K004,2,6,3
S016,K005,2,36,3
S016,R002,2,6,3
S016,R003,2,24,3
S016,R009,2,12,3
S016,R010,2,24,3
S016,Y001,2,24,3
S016,B002V1,2,24,3
S016,B002V2,2,24,3
S016,B004V1,2,12,3
S016,B005V2,2,12,3
S016,B006V2,2,24,3
S016,B008V1,2,24,3
S016,B009V1,2,6,3
S016,B009V3,2,30,3
S016,B010V3,2,6,3
S016,S001V3,2,24,3
S016,S002V3,2,24,3
S016,S004V1,2,12,3
S016,S006V1,2,6,3
S016,S006V2,2,6,3
S016,S009V1,2,6,3
S016,S009V2,2,12,3
S016,S009V3,2,6,3
S016,K001V1,2,12,3
S016,K001V2,2,12,3
S016,K004V2,2,6,3
S016,K004V3,2,36,3
S016,K006V1,2,24,3
S016,K007V1,2,12,3
S016,K007V3,2,12,3
S016,K009V2,2,12,3
S016,R001V1,2,24,3
S016,R002V1,2,6,3
S016,R003V1,2,24,3
S016,R003V3,2,24,3
S016,R004V1,2,12,3
S016,R004V2,2,12,3
S016,R004V3,2,12,3
S016,R005V2,2,12,3
S016,R006V3,2,6,3
S016,R007V1,2,6,3
S016,R007V3,2,6,3
S016,R008V1,2,24,3
S016,R008V3,2,24,3
S016,R009V2,2,12,3
S016,R009V3,2,12,3
S016,R010V2,2,24,3
S016,R010V3,2,24,3
S016,Y001V2,2,24,3
S016,B005,3,12,4
S016,S010,3,6,4
S016,K004,3,6,4
S016,K005,3,18,4
S016,R002,3,6,4
S016,R004,3,12,4
S016,R008,3,24,4
S016,Y001,3,24,4
S016,A002,3,24,4
S016,A004,3,6,4
S016,A006,3,6,4
S016,B003V1,3,24,4
S016,B005V2,3,12,4
S016,B009V3,3,18,4
S016,B010V1,3,6,4
S016,S002V1,3,24,4
S016,S002V3,3,24,4
S016,S004V1,3,12,4
S016,S006V2,3,6,4
S016,S009V2,3,6,4
S016,S009V3,3,6,4
S016,K001V1,3,12,4
S016,K003V1,3,6,4
S016,K004V3,3,24,4
S016,K006V1,3,24,4
S016,K007V1,3,12,4
S016,K009V2,3,6,4
S016,K009V3,3,6,4
S016,K010V2,3,6,4
S016,R001V1,3,24,4
S016,R002V2,3,6,4
S016,R003V1,3,24,4
S016,R003V3,3,24,4
S016,R004V1,3,12,4
S016,R004V3,3,12,4
S016,R005V1,3,12,4
S016,R006V3,3,6,4
S016,Y002V1,3,24,4
S016,Y002V3,3,24,4
S016,B003,4,24,5
S016,B004,4,12,5
S016,B009,4,6,5
S016,S010,4,6,5
S016,K002,4,24,5
S016,K004,4,6,5
S016,K005,4,24,5
S016,R002,4,6,5
S016,R004,4,12,5
S016,Y001,4,24,5
S016,Y004,4,6,5
S016,A001,4,6,5
S016,A002,4,24,5
S016,B002V2,4,24,5
S016,B009V3,4,36,5
S016,S001V1,4,24,5
S016,S004V1,4,12,5
S016,S004V3,4,12,5
S016,S009V2,4,12,5
S016,S009V3,4,6,5
S016,K001V1,4,12,5
S016,K002V1,4,24,5
S016,K002V3,4,24,5
S016,K003V1,4,6,5
S016,K004V3,4,24,5
S016,K006V3,4,24,5
S016,K007V2,4,12,5
S016,K009V2,4,6,5
S016,K010V3,4,6,5
S016,R001V1,4,24,5
S016,R002V1,4,6,5
S016,R003V1,4,24,5
S016,R004V2,4,12,5
S016,R004V3,4,12,5
S016,R005V1,4,12,5
S016,R006V3,4,6,5
S016,R008V1,4,24,5
S016,R009V2,4,12,5
S016,R009V3,4,12,5
S016,B006,5,24,6
S016,B009,5,6,6
S016,S002,5,24,6
S016,K005,5,6,6
S016,R002,5,6,6
S016,R003,5,24,6
S016,R004,5,12,6
S016,R005,5,12,6
S016,R009,5,12,6
S016,Y001,5,24,6
S016,A003,5,24,6
S016,B002V2,5,24,6
S016,B003V1,5,24,6
S016,B005V2,5,12,6
S016,B008V1,5,24,6
S016,B009V3,5,30,6
S016,S001V1,5,24,6
S016,S001V2,5,24,6
S016,S002V3,5,24,6
S016,S006V2,5,6,6
S016,S009V2,5,6,6
S016,S010V2,5,6,6
S016,K001V1,5,12,6
S016,K002V1,5,24,6
S016,K004V2,5,6,6
S016,K004V3,5,24,6
S016,K005V2,5,6,6
S016,K006V1,5,24,6
S016,K006V3,5,24,6
S016,K009V2,5,6,6
S016,R001V1,5,24,6
S016,R001V2,5,12,6
S016,R003V2,5,24,6
S016,R004V1,5,12,6
S016,R005V2,5,12,6
S016,R006V3,5,6,6
S016,R008V1,5,24,6
S016,Y002V3,5,24,6
S016,B001,6,24,7
S016,B002,6,24,7
S016,B004,6,12,7
S016,B005,6,12,7
S016,B008,6,24,7
S016,K005,6,6,7
S016,R002,6,6,7
S016,R008,6,24,7
S016,R009,6,12,7
S016,Y001,6,24,7
S016,A001,6,6,7
S016,A002,6,24,7
S016,B001V1,6,24,7
S016,B001V2,6,24,7
S016,B009V3,6,24,7
S016,S001V2,6,24,7
S016,S004V1,6,12,7
S016,S009V2,6,6,7
S016,S009V3,6,6,7
S016,K001V1,6,12,7
S016,K002V1,6,24,7
S016,K002V2,6,24,7
S016,K002V3,6,24,7
S016,K003V1,6,6,7
S016,K004V3,6,18,7
S016,K005V3,6,6,7
S016,R001V1,6,24,7
S016,R001V2,6,12,7
S016,R003V1,6,24,7
S016,R003V3,6,24,7
S016,R004V1,6,12,7
S016,R004V3,6,12,7
S016,R006V3,6,6,7
S016,R007V1,6,6,7
S016,R008V1,6,24,7
S016,R009V2,6,12,7
S016,R009V3,6,12,7
S016,Y002V3,6,24,7
S016,B002,7,24,8
S016,B009,7,6,8
S016,K008,7,6,8
S016,R005,7,12,8
S016,A006,7,6,8
S016,B003V1,7,24,8
S016,B003V3,7,24,8
S016,B008V1,7,24,8
S016,B009V3,7,36,8
S016,S001V3,7,24,8
S016,S004V1,7,12,8
S016,S006V2,7,6,8
S016,S009V2,7,6,8
S016,S009V3,7,6,8
S016,S010V2,7,6,8
S016,K001V1,7,12,8
S016,K004V3,7,36,8
S016,K005V3,7,6,8
S016,K007V3,7,12,8
S016,K010V2,7,6,8
S016,R001V1,7,36,8
S016,R002V1,7,6,8
S016,R002V2,7,6,8
S016,R003V2,7,24,8
S016,R004V3,7,12,8
S016,R007V1,7,6,8
S016,R007V3,7,6,8
S016,R009V3,7,12,8
S016,R010V3,7,24,8
S016,Y001V2,7,24,8
S016,Y002V1,7,24,8
S016,Y002V2,7,24,8
S016,B002,8,24,9
S016,S009,8,6,9
S016,S010,8,6,9
S016,K005,8,6,9
S016,R003,8,24,9
S016,R005,8,12,9
S016,R007,8,6,9
S016,R008,8,24,9
S016,Y004,8,6,9
S016,B001V2,8,24,9
S016,B009V3,8,48,9
S016,B010V1,8,6,9
S016,S001V1,8,24,9
S016,S002V1,8,24,9
S016,S004V1,8,12,9
S016,S005V3,8,12,9
S016,S009V2,8,6,9
S016,K001V1,8,12,9
S016,K004V3,8,18,9
S016,K006V3,8,24,9
S016,K010V2,8,6,9
S016,R001V1,8,36,9
S016,R002V2,8,6,9
S016,R003V1,8,24,9
S016,R005V2,8,12,9
S016,R007V1,8,6,9
S016,R008V1,8,24,9
S016,S001,9,24,10
S016,S010,9,6,10
S016,K005,9,6,10
S016,R008,9,24,10
S016,R009,9,12,10
S016,Y006,9,6,10
S016,A002,9,24,10
S016,B001V1,9,24,10
S016,B002V2,9,24,10
S016,B003V1,9,24,10
S016,B005V3,9,12,10
S016,B009V3,9,48,10
S016,B010V1,9,6,10
S016,B010V3,9,6,10
S016,S001V1,9,24,10
S016,S001V2,9,24,10
S016,S001V3,9,24,10
S016,S002V3,9,24,10
S016,S006V2,9,6,10
S016,S009V2,9,6,10
S016,S009V3,9,6,10
S016,K001V1,9,12,10
S016,K002V1,9,24,10
S016,K004V3,9,18,10
S016,K006V1,9,24,10
S016,K006V2,9,24,10
S016,K006V3,9,24,10
S016,R001V1,9,24,10
S016,R002V1,9,6,10
S016,R003V1,9,24,10
S016,R003V3,9,24,10
S016,R004V1,9,12,10
S016,R004V3,9,12,10
S016,R006V3,9,6,10
S016,R008V1,9,24,10
S016,R010V2,9,24,10
S016,Y002V3,9,24,10
S016,B001,10,24,11
S016,B003,10,24,11
S016,B006,10,24,11
S016,S002,10,24,11
S016,S009,10,6,11
S016,K003,10,6,11
S016,R005,10,12,11
S016,R010,10,24,11
S016,B001V1,10,24,11
S016,B002V2,10,24,11
S016,B003V3,10,24,11
S016,B004V1,10,12,11
S016,B005V2,10,12,11
S016,B009V3,10,54,11
S016,S001V3,10,24,11
S016,S002V2,10,24,11
S016,S002V3,10,24,11
S016,S005V2,10,12,11
S016,S005V3,10,12,11
S016,S007V3,10,12,11
S016,S009V3,10,6,11
S016,K001V1,10,12,11
S016,K003V1,10,6,11
S016,K003V2,10,6,11
S016,K004V3,10,12,11
S016,K007V2,10,12,11
S016,K007V3,10,12,11
S016,R001V1,10,24,11
S016,R002V1,10,6,11
S016,R002V2,10,6,11
S016,R003V1,10,24,11
S016,R004V3,10,12,11
S016,R006V3,10,6,11
S016,R007V1,10,6,11
S016,R007V3,10,6,11
S016,R010V3,10,24,11
S016,B004,11,12,12
S016,B009,11,6,12
S016,S003,11,24,12
S016,S009,11,6,12
S016,S010,11,6,12
S016,K002,11,24,12
S016,K005,11,6,12
S016,K006,11,24,12
S016,R009,11,12,12
S016,R010,11,24,12
S016,Y002,11,24,12
S016,A001,11,6,12
S016,B004V1,11,12,12
S016,B004V2,11,12,12
S016,B004V3,11,12,12
S016,B005V2,11,12,12
S016,B005V3,11,12,12
S016,B008V1,11,24,12
S016,B009V3,11,6,12
S016,B010V3,11,6,12
S016,S001V2,11,24,12
S016,S001V3,11,24,12
S016,S002V2,11,24,12
S016,S004V1,11,12,12
S016,S006V2,11,6,12
S016,S009V3,11,6,12
S016,K004V3,11,18,12
S016,K006V3,11,24,12
S016,R001V1,11,36,12
S016,R002V2,11,6,12
S016,R003V2,11,24,12
S016,R003V3,11,24,12
S016,R004V1,11,12,12
S016,R005V1,11,12,12
S016,R008V3,11,24,12
S016,B004,12,12,13
S016,S001,12,24,13
S016,S002,12,24,13
S016,S010,12,6,13
S016,K003,12,6,13
S016,K005,12,6,13
S016,K006,12,24,13
S016,K007,12,12,13
S016,K010,12,6,13
S016,R002,12,6,13
S016,R003,12,24,13
S016,R008,12,24,13
S016,Y001,12,24,13
S016,Y003,12,6,13
S016,B008V1,12,24,13
S016,B009V3,12,6,13
S016,S001V1,12,24,13
S016,S001V3,12,24,13
S016,S002V2,12,24,13
S016,S002V3,12,24,13
S016,S004V1,12,12,13
S016,S005V2,12,12,13
S016,K001V1,12,12,13
S016,K003V1,12,6,13
S016,K004V3,12,6,13
S016,K005V3,12,6,13
S016,K006V3,12,24,13
S016,R001V1,12,24,13
S016,R002V1,12,6,13
S016,R003V2,12,24,13
S016,R003V3,12,24,13
S016,R004V1,12,12,13
S016,R006V3,12,6,13
S016,R008V3,12,24,13
S016,R009V3,12,12,13
S016,R010V3,12,24,13
S016,B004,13,12,14
S016,S002,13,24,14
S016,S003,13,24,14
S016,S009,13,6,14
S016,S010,13,6,14
S016,K006,13,24,14
S016,R002,13,6,14
S016,R006,13,6,14
S016,R009,13,12,14
S016,Y001,13,24,14
S016,A002,13,24,14
S016,B001V1,13,24,14
S016,B002V3,13,24,14
S016,B003V1,13,24,14
S016,B004V1,13,12,14
S016,B004V2,13,12,14
S016,B005V3,13,12,14
S016,B008V3,13,24,14
S016,B009V3,13,6,14
S016,B010V3,13,6,14
S016,S001V1,13,24,14
S016,S002V1,13,24,14
S016,S005V2,13,12,14
S016,K001V1,13,12,14
S016,K004V3,13,6,14
S016,K005V2,13,6,14
S016,K006V3,13,24,14
S016,R001V1,13,24,14
S016,R003V2,13,24,14
S016,R003V3,13,24,14
S016,R004V1,13,12,14
S016,R004V2,13,12,14
S016,R006V3,13,6,14
S016,Y002V1,13,24,14
S016,B002,14,24,15
S016,B004,14,12,15
S016,K006,14,24,15
S016,R002,14,6,15
S016,R005,14,12,15
S016,R010,14,24,15
S016,Y001,14,24,15
S016,A001,14,6,15
S016,A007,14,6,15
S016,B005V3,14,12,15
S016,B010V3,14,6,15
S016,S001V2,14,24,15
S016,S001V3,14,24,15
S016,S004V3,14,12,15
S016,S005V2,14,12,15
S016,S007V3,14,12,15
S016,S008V2,14,6,15
S016,K003V1,14,6,15
S016,K004V3,14,6,15
S016,K007V2,14,12,15
S016,K007V3,14,12,15
S016,R001V1,14,24,15
S016,R002V1,14,6,15
S016,R002V2,14,6,15
S016,R004V1,14,12,15
S016,R005V2,14,12,15
S016,R009V2,14,12,15
S016,R010V2,14,24,15
S016,Y002V2,14,24,15
S016,B003,15,24,16
S016,B006,15,24,16
S016,B008,15,24,16
S016,S001,15,24,16
S016,S010,15,6,16
S016,K001,15,12,16
S016,K005,15,6,16
S016,K006,15,24,16
S016,K007,15,12,16
S016,B008V1,15,24,16
S016,B009V1,15,6,16
S016,B009V3,15,6,16
S016,B010V3,15,6,16
S016,S002V2,15,24,16
S016,S004V3,15,12,16
S016,S006V3,15,6,16
S016,K001V1,15,12,16
S016,K002V1,15,24,16
S016,K004V3,15,6,16
S016,K006V3,15,24,16
S016,R001V1,15,24,16
S016,R002V1,15,6,16
S016,R003V1,15,24,16
S016,R003V3,15,24,16
S016,R004V1,15,12,16
S016,R004V3,15,12,16
S016,R005V1,15,12,16
S016,R006V3,15,6,16
S016,R007V1,15,6,16
S016,R007V3,15,6,16
S016,R008V3,15,24,16
S016,R009V3,15,12,16
S016,R010V2,15,24,16
S016,Y002V2,15,24,16
S016,Y002V3,15,24,16
S016,B001,16,24,17
S016,B002,16,24,17
S016,S009,16,6,17
S016,S010,16,6,17
S016,K002,16,24,17
S016,K005,16,6,17
S016,R005,16,12,17
S016,R008,16,24,17
S016,R009,16,12,17
S016,B006V2,16,24,17
S016,B006V3,16,24,17
S016,B007V1,16,24,17
S016,B008V1,16,24,17
S016,B009V3,16,6,17
S016,S001V1,16,24,17
S016,S001V2,16,24,17
S016,S002V1,16,24,17
S016,S002V2,16,24,17
S016,S002V3,16,24,17
S016,S006V2,16,6,17
S016,S006V3,16,6,17
S016,S009V2,16,6,17
S016,K001V1,16,12,17
S016,K005V2,16,6,17
S016,K005V3,16,6,17
S016,K006V3,16,24,17
S016,K007V3,16,12,17
S016,R002V2,16,6,17
S016,R003V3,16,24,17
S016,R004V1,16,12,17
S016,R009V3,16,12,17
S016,Y001V2,16,24,17
S016,Y002V3,16,24,17
S016,B006,17,24,18
S016,B008,17,24,18
S016,S001,17,24,18
S016,S002,17,24,18
S016,S005,17,12,18
S016,K003,17,6,18
S016,K005,17,6,18
S016,K006,17,24,18
S016,R010,17,24,18
S016,Y004,17,6,18
S016,Y006,17,6,18
S016,B002V3,17,24,18
S016,B003V1,17,24,18
S016,B004V1,17,12,18
S016,B005V2,17,12,18
S016,B005V3,17,12,18
S016,B007V1,17,24,18
S016,B009V1,17,6,18
S016,B009V3,17,6,18
S016,B010V3,17,6,18
S016,S001V1,17,24,18
S016,S001V2,17,24,18
S016,S002V2,17,24,18
S016,S002V3,17,24,18
S016,S005V3,17,12,18
S016,S006V2,17,6,18
S016,K005V2,17,6,18
S016,K007V2,17,12,18
S016,K010V2,17,6,18
S016,R002V1,17,6,18
S016,R005V1,17,12,18
S016,R007V1,17,6,18
S016,R007V3,17,6,18
S016,Y002V2,17,24,18
S016,Y002V3,17,24,18
S016,B004,18,12,19
S016,B006,18,24,19
S016,S001,18,24,19
S016,S002,18,24,19
S016,S003,18,24,19
S016,S005,18,12,19
S016,K001,18,12,19
S016,K005,18,6,19
S016,R003,18,24,19
S016,Y001,18,24,19
S016,Y006,18,6,19
S016,B002V2,18,24,19
S016,B005V3,18,12,19
S016,B008V1,18,24,19
S016,B009V3,18,6,19
S016,B010V1,18,6,19
S016,S001V2,18,24,19
S016,S001V3,18,24,19
S016,S002V1,18,24,19
S016,S002V3,18,24,19
S016,S005V2,18,12,19
S016,S005V3,18,12,19
S016,S007V3,18,12,19
S016,K001V1,18,12,19
S016,K003V1,18,6,19
S016,K004V3,18,6,19
S016,K008V2,18,6,19
S016,R001V1,18,12,19
S016,R001V2,18,12,19
S016,R001V3,18,12,19
S016,R002V2,18,6,19
S016,R003V1,18,24,19
S016,R003V2,18,24,19
S016,R004V1,18,12,19
S016,R005V2,18,12,19
S016,R007V1,18,6,19
S016,R008V1,18,24,19
S016,R010V2,18,24,19
S016,Y001V2,18,24,19
S016,B002,19,24,20
S016,B003,19,24,20
S016,S001,19,24,20
S016,S009,19,6,20
S016,K001,19,12,20
S016,K003,19,6,20
S016,K005,19,6,20
S016,R003,19,24,20
S016,R010,19,24,20
S016,Y002,19,24,20
S016,Y004,19,6,20
S016,A007,19,6,20
S016,B003V1,19,24,20
S016,B003V3,19,24,20
S016,B004V1,19,12,20
S016,B009V1,19,6,20
S016,B009V3,19,6,20
S016,B010V1,19,6,20
S016,B010V3,19,6,20
S016,S001V3,19,24,20
S016,S002V3,19,24,20
S016,S004V3,19,12,20
S016,S005V2,19,12,20
S016,S007V3,19,12,20
S016,K004V3,19,6,20
S016,K007V3,19,12,20
S016,K008V1,19,6,20
S016,K009V3,19,6,20
S016,R002V1,19,6,20
S016,R003V3,19,24,20
S016,R004V3,19,12,20
S016,R006V3,19,6,20
S016,Y001V1,19,24,20
S016,Y002V3,19,24,20
S016,B001,20,24,21
S016,B002,20,24,21
S016,B003,20,24,21
S016,B004,20,12,21
S016,S003,20,24,21
S016,S005,20,12,21
S016,S010,20,6,21
S016,K001,20,12,21
S016,K004,20,6,21
S016,K005,20,6,21
S016,R002,20,6,21
S016,R003,20,24,21
S016,R006,20,6,21
S016,B002V1,20,24,21
S016,B002V3,20,24,21
S016,B004V3,20,12,21
S016,B005V2,20,12,21
S016,B008V1,20,24,21
S016,B009V1,20,6,21
S016,B009V3,20,6,21
S016,B010V3,20,6,21
S016,S001V2,20,24,21
S016,S004V1,20,12,21
S016,S007V2,20,12,21
S016,S009V2,20,6,21
S016,S009V3,20,6,21
S016,K001V1,20,12,21
S016,K003V1,20,6,21
S016,K004V3,20,6,21
S016,K005V2,20,6,21
S016,K005V3,20,6,21
S016,K007V2,20,12,21
S016,R001V1,20,12,21
S016,R002V2,20,6,21
S016,R003V3,20,24,21
S016,R004V1,20,12,21
S016,R004V2,20,12,21
S016,R007V3,20,6,21
S016,Y002V2,20,24,21
S016,B002,21,24,22
S016,B004,21,12,22
S016,B006,21,24,22
S016,B009,21,6,22
S016,S001,21,24,22
S016,S002,21,24,22
S016,S003,21,24,22
S016,K001,21,12,22
S016,K004,21,6,22
S016,K005,21,6,22
S016,R004,21,12,22
S016,R009,21,12,22
S016,A001,21,6,22
S016,A002,21,24,22
S016,A004,21,6,22
S016,A007,21,6,22
S016,B002V1,21,24,22
S016,B003V1,21,24,22
S016,B004V1,21,12,22
S016,B009V3,21,6,22
S016,B010V1,21,6,22
S016,B010V3,21,6,22
S016,S001V2,21,24,22
S016,S002V1,21,24,22
S016,S002V2,21,24,22
S016,S004V1,21,12,22
S016,S004V3,21,12,22
S016,S005V3,21,12,22
S016,S009V3,21,6,22
S016,K001V1,21,12,22
S016,K004V3,21,6,22
S016,K005V2,21,6,22
S016,K005V3,21,6,22
S016,K007V2,21,12,22
S016,R002V1,21,6,22
S016,R003V1,21,24,22
S016,R003V3,21,24,22
S016,R004V2,21,12,22
S016,R004V3,21,12,22
S016,R005V2,21,12,22
S016,R009V3,21,12,22
S016,B008,22,24,23
S016,B009,22,6,23
S016,S001,22,24,23
S016,S002,22,24,23
S016,S005,22,12,23
S016,S009,22,6,23
S016,K001,22,12,23
S016,K004,22,6,23
S016,K006,22,24,23
S016,R004,22,12,23
S016,R010,22,24,23
S016,Y004,22,6,23
S016,A002,22,24,23
S016,B002V1,22,24,23
S016,B004V1,22,12,23
S016,B006V2,22,24,23
S016,B008V1,22,24,23
S016,S001V2,22,24,23
S016,S002V2,22,24,23
S016,S006V2,22,6,23
S016,K001V1,22,12,23
S016,K002V3,22,24,23
S016,K004V3,22,6,23
S016,K005V2,22,6,23
S016,K005V3,22,6,23
S016,K006V1,22,24,23
S016,K008V1,22,6,23
S016,R001V2,22,12,23
S016,R002V2,22,6,23
S016,R003V2,22,24,23
S016,R003V3,22,24,23
S016,R004V2,22,12,23
S016,R005V1,22,12,23
S016,R006V3,22,6,23
S016,R007V2,22,6,23
S016,B003,23,24,24
S016,B008,23,24,24
S016,S003,23,24,24
S016,S009,23,6,24
S016,K003,23,6,24
S016,K005,23,6,24
S016,K009,23,6,24
S016,R002,23,6,24
S016,R004,23,12,24
S016,R008,23,24,24
S016,R010,23,24,24
S016,A001,23,6,24
S016,A002,23,24,24
S016,B002V3,23,24,24
S016,B003V3,23,24,24
S016,B004V2,23,12,24
S016,B007V1,23,24,24
S016,B009V1,23,6,24
S016,B010V1,23,6,24
S016,S002V1,23,24,24
S016,S005V3,23,12,24
S016,S007V2,23,12,24
S016,S009V3,23,6,24
S016,K010V1,23,6,24
S016,R001V1,23,12,24
S016,R002V1,23,6,24
S016,R004V1,23,12,24
S016,R008V1,23,24,24
S016,R008V3,23,24,24
S016,R010V3,23,24,24
S016,B005,24,12,25
S016,B010,24,6,25
S016,S001,24,24,25
S016,S002,24,24,25
S016,S003,24,24,25
S016,S005,24,12,25
S016,K005,24,6,25
S016,R009,24,12,25
S016,R010,24,24,25
S016,A002,24,24,25
S016,A007,24,6,25
S016,B002V1,24,24,25
S016,B003V1,24,24,25
S016,B005V3,24,12,25
S016,B008V1,24,24,25
S016,B009V3,24,6,25
S016,B010V3,24,6,25
S016,S001V2,24,24,25
S016,S002V2,24,24,25
S016,S002V3,24,24,25
S016,S006V3,24,6,25
S016,S007V3,24,12,25
S016,K002V3,24,24,25
S016,K004V2,24,6,25
S016,K004V3,24,6,25
S016,K005V2,24,6,25
S016,K005V3,24,6,25
S016,K007V2,24,12,25
S016,K007V3,24,12,25
S016,K010V1,24,6,25
S016,R001V1,24,12,25
S016,R001V2,24,12,25
S016,R002V1,24,6,25
S016,R002V2,24,6,25
S016,R003V2,24,24,25
S016,R004V2,24,12,25
S016,R006V3,24,6,25
S016,R007V3,24,6,25
S016,R008V3,24,24,25
S016,R009V3,24,12,25
S016,Y002V2,24,24,25
S016,B002,25,24,26
S016,S005,25,12,26
S016,S008,25,6,26
S016,K001,25,12,26
S016,K002,25,24,26
S016,K003,25,6,26
S016,K004,25,6,26
S016,K005,25,6,26
S016,K009,25,6,26
S016,R004,25,12,26
S016,R010,25,24,26
S016,Y004,25,6,26
S016,A002,25,24,26
S016,A007,25,6,26
S016,B002V3,25,24,26
S016,B003V3,25,24,26
S016,B004V2,25,12,26
S016,B005V2,25,12,26
S016,B005V3,25,12,26
S016,B006V3,25,24,26
S016,B007V1,25,24,26
S016,B008V1,25,24,26
S016,B009V1,25,6,26
S016,B010V1,25,6,26
S016,S001V3,25,24,26
S016,S005V3,25,12,26
S016,S007V2,25,12,26
S016,S007V3,25,12,26
S016,K001V1,25,12,26
S016,K002V3,25,24,26
S016,K004V2,25,6,26
S016,K004V3,25,6,26
S016,K005V2,25,6,26
S016,K006V3,25,24,26
S016,K007V2,25,12,26
S016,K010V1,25,6,26
S016,R001V1,25,12,26
S016,R001V2,25,12,26
S016,R002V1,25,6,26
S016,R002V2,25,6,26
S016,R003V3,25,24,26
S016,R004V2,25,12,26
S016,R006V3,25,6,26
S016,R010V3,25,24,26
S016,Y001V1,25,24,26
S016,Y001V2,25,24,26
S016,Y002V3,25,24,26
S016,B004,26,12,27
S016,S002,26,24,27
S016,S006,26,6,27
S016,K001,26,12,27
S016,K002,26,24,27
S016,K003,26,6,27
S016,K004,26,6,27
S016,K005,26,6,27
S016,K006,26,24,27
S016,K007,26,12,27
S016,K009,26,6,27
S016,R004,26,12,27
S016,R005,26,12,27
S016,R006,26,6,27
S016,R010,26,24,27
S016,A004,26,6,27
S016,A005,26,6,27
S016,B002V1,26,24,27
S016,B003V2,26,24,27
S016,B005V2,26,12,27
S016,B008V1,26,24,27
S016,B009V3,26,6,27
S016,B010V3,26,6,27
S016,S001V3,26,24,27
S016,S002V3,26,24,27
S016,S006V2,26,6,27
S016,K001V1,26,12,27
S016,K002V1,26,24,27
S016,K003V1,26,6,27
S016,K004V2,26,6,27
S016,K004V3,26,6,27
S016,K006V1,26,24,27
S016,K010V1,26,6,27
S016,R001V1,26,12,27
S016,R001V2,26,12,27
S016,R004V2,26,12,27
S016,R005V2,26,12,27
S016,R006V3,26,6,27
S016,R007V1,26,6,27
S016,R007V3,26,6,27
S016,R008V3,26,24,27
S016,R009V2,26,12,27
S016,Y001V1,26,24,27
S016,Y001V2,26,24,27
S016,Y002V2,26,24,27
S016,B001,27,24,28
S016,B004,27,12,28
S016,S002,27,24,28
S016,S005,27,12,28
S016,S009,27,6,28
S016,K004,27,6,28
S016,K005,27,6,28
S016,K006,27,24,28
S016,R008,27,24,28
S016,A002,27,24,28
S016,B005V3,27,12,28
S016,B008V1,27,24,28
S016,B009V3,27,6,28
S016,S001V2,27,24,28
S016,S001V3,27,24,28
S016,S002V2,27,24,28
S016,S002V3,27,24,28
S016,S004V3,27,12,28
S016,S005V3,27,12,28
S016,K001V1,27,12,28
S016,K002V3,27,24,28
S016,K005V2,27,6,28
S016,R001V1,27,12,28
S016,R002V1,27,6,28
S016,R002V2,27,6,28
S016,R003V1,27,24,28
S016,R003V2,27,24,28
S016,R004V3,27,12,28
S016,R007V1,27,6,28
S016,R008V1,27,24,28
S016,Y001V3,27,24,28
S016,B003,28,24,29
S016,S003,28,24,29
S016,S006,28,6,29
S016,K001,28,12,29
S016,K002,28,24,29
S016,K004,28,6,29
S016,K005,28,6,29
S016,K008,28,6,29
S016,K009,28,6,29
S016,R002,28,6,29
S016,R005,28,12,29
S016,R010,28,24,29
S016,B002V1,28,24,29
S016,B003V1,28,24,29
S016,B004V2,28,12,29
S016,B005V2,28,12,29
S016,B007V1,28,24,29
S016,B008V1,28,24,29
S016,B009V3,28,6,29
S016,S001V2,28,24,29
S016,S002V3,28,24,29
S016,S006V2,28,6,29
S016,S007V3,28,12,29
S016,K001V1,28,12,29
S016,K002V1,28,24,29
S016,K002V3,28,24,29
S016,K003V1,28,6,29
S016,K004V3,28,6,29
S016,K006V1,28,24,29
S016,K006V3,28,24,29
S016,K007V1,28,12,29
S016,K007V2,28,12,29
S016,K007V3,28,12,29
S016,K010V2,28,6,29
S016,R001V1,28,12,29
S016,R002V1,28,6,29
S016,R002V2,28,6,29
S016,R003V2,28,24,29
S016,R004V2,28,12,29
S016,R004V3,28,12,29
S016,Y001V2,28,24,29
S016,Y002V2,28,24,29
S016,S003,29,24,30
S016,S010,29,6,30
S016,K001,29,12,30
S016,K004,29,6,30
S016,K005,29,6,30
S016,K007,29,12,30
S016,R003,29,24,30
S016,R009,29,12,30
S016,B003V1,29,24,30
S016,B005V2,29,12,30
S016,B008V1,29,24,30
S016,B008V3,29,24,30
S016,B010V3,29,6,30
S016,S001V1,29,24,30
S016,S001V2,29,24,30
S016,S001V3,29,24,30
S016,K001V1,29,12,30
S016,K002V3,29,24,30
S016,K004V2,29,6,30
S016,K004V3,29,6,30
S016,K005V1,29,6,30
S016,K006V3,29,24,30
S016,K007V1,29,12,30
S016,K007V2,29,12,30
S016,R001V1,29,12,30
S016,R002V1,29,6,30
S016,R003V1,29,24,30
S016,R005V1,29,12,30
S016,R006V1,29,6,30
S016,R006V3,29,6,30
S016,R007V1,29,6,30
S016,R008V1,29,24,30
S016,R009V3,29,12,30
S016,R010V3,29,24,30
S016,Y001V1,29,24,30
S016,Y002V2,29,24,30
S016,K001,30,12,31
S016,K004,30,6,31
S016,K005,30,6,31
S016,K006,30,24,31
S016,R004,30,12,31
S016,A002,30,24,31
S016,A003,30,24,31
S016,B003V1,30,24,31
S016,B004V2,30,12,31
S016,B007V1,30,24,31
S016,B009V3,30,6,31
S016,S001V1,30,24,31
S016,S001V3,30,24,31
S016,S005V3,30,12,31
S016,S007V3,30,12,31
S016,K002V1,30,24,31
S016,K004V3,30,6,31
S016,K007V2,30,12,31
S016,K007V3,30,12,31
S016,R001V1,30,12,31
S016,R001V2,30,12,31
S016,R002V1,30,6,31
S016,R004V2,30,12,31
S016,R005V1,30,12,31
S016,R007V3,30,6,31
S016,R008V1,30,24,31
S016,R009V3,30,12,31
S016,B002,31,24,32
S016,B006,31,24,32
S016,B008,31,24,32
S016,B010,31,6,32
S016,S001,31,24,32
S016,S010,31,6,32
S016,K001,31,12,32
S016,K003,31,6,32
S016,K004,31,6,32
S016,K005,31,6,32
S016,K006,31,24,32
S016,R002,31,6,32
S016,R005,31,12,32
S016,R008,31,24,32
S016,R009,31,12,32
S016,B002V1,31,24,32
S016,B002V3,31,24,32
S016,B004V1,31,12,32
S016,B004V3,31,12,32
S016,B005V3,31,12,32
S016,B007V1,31,24,32
S016,B009V3,31,6,32
S016,B010V3,31,6,32
S016,S001V1,31,24,32
S016,S002V1,31,24,32
S016,S002V2,31,24,32
S016,S005V3,31,12,32
S016,K001V1,31,12,32
S016,K002V1,31,24,32
S016,K002V3,31,24,32
S016,K004V3,31,6,32
S016,K007V3,31,12,32
S016,R002V2,31,6,32
S016,R003V3,31,24,32
S016,R004V2,31,12,32
S016,R006V3,31,6,32
S016,R008V3,31,24,32
S016,R010V3,31,24,32
S016,Y002V3,31,24,32
S016,B002,32,24,33
S016,B004,32,12,33
S016,B006,32,24,33
S016,S003,32,24,33
S016,S005,32,12,33
S016,K002,32,24,33
S016,R002,32,6,33
S016,A001,32,6,33
S016,B002V1,32,24,33
S016,B003V1,32,24,33
S016,B004V1,32,12,33
S016,B005V2,32,12,33
S016,B010V1,32,6,33
S016,B010V3,32,6,33
S016,S001V1,32,24,33
S016,S001V3,32,24,33
S016,S004V1,32,12,33
S016,S007V2,32,12,33
S016,S007V3,32,12,33
S016,K001V1,32,12,33
S016,K002V1,32,24,33
S016,K002V3,32,24,33
S016,K004V3,32,6,33
S016,K005V1,32,6,33
S016,K006V1,32,24,33
S016,K007V1,32,12,33
S016,K007V2,32,12,33
S016,R001V1,32,12,33
S016,R002V2,32,6,33
S016,R003V1,32,24,33
S016,R003V2,32,24,33
S016,R004V1,32,12,33
S016,R004V2,32,12,33
S016,R004V3,32,12,33
S016,R008V1,32,24,33
S016,B002,33,24,34
S016,B003,33,24,34
S016,B004,33,12,34
S016,B006,33,24,34
S016,S001,33,24,34
S016,S002,33,24,34
S016,R005,33,12,34
S016,R007,33,6,34
S016,R009,33,12,34
S016,B001V1,33,24,34
S016,B004V1,33,12,34
S016,B005V3,33,12,34
S016,B006V2,33,24,34
S016,B008V1,33,24,34
S016,B009V1,33,6,34
S016,B010V3,33,6,34
S016,S001V1,33,24,34
S016,S002V1,33,24,34
S016,S002V2,33,24,34
S016,S002V3,33,24,34
S016,S009V1,33,6,34
S016,S009V3,33,6,34
S016,S010V3,33,6,34
S016,K001V1,33,12,34
S016,K002V1,33,24,34
S016,K004V2,33,6,34
S016,K004V3,33,6,34
S016,K006V1,33,24,34
S016,K007V3,33,12,34
S016,R002V1,33,6,34
S016,R003V1,33,24,34
S016,R003V3,33,24,34
S016,R004V1,33,12,34
S016,R006V3,33,6,34
S016,R007V1,33,6,34
S016,R008V3,33,24,34
S016,R009V3,33,12,34
S016,Y002V3,33,24,34
S016,B006,34,24,35
S016,S003,34,24,35
S016,K003,34,6,35
S016,K005,34,6,35
S016,K006,34,24,35
S016,K008,34,6,35
S016,R002,34,6,35
S016,R005,34,12,35
S016,R009,34,12,35
S016,Y001,34,24,35
S016,B002V1,34,24,35
S016,B005V3,34,12,35
S016,B006V2,34,24,35
S016,B007V1,34,24,35
S016,B008V1,34,24,35
S016,B010V1,34,6,35
S016,S001V1,34,24,35
S016,S001V3,34,24,35
S016,S002V2,34,24,35
S016,S005V3,34,12,35
S016,S006V2,34,6,35
S016,S007V3,34,12,35
S016,S009V3,34,6,35
S016,K001V1,34,12,35
S016,K002V1,34,24,35
S016,K005V3,34,6,35
S016,K006V3,34,24,35
S016,K007V3,34,12,35
S016,R001V1,34,12,35
S016,R002V2,34,6,35
S016,R003V1,34,24,35
S016,R003V2,34,24,35
S016,R003V3,34,24,35
S016,R004V1,34,12,35
S016,R006V1,34,6,35
S016,R006V3,34,6,35
S016,R010V3,34,24,35
S016,Y002V3,34,24,35
S016,B004,35,12,36
S016,B010,35,6,36
S016,S002,35,24,36
S016,S005,35,12,36
S016,K001,35,12,36
S016,K004,35,6,36
S016,K005,35,6,36
S016,R002,35,6,36
S016,R005,35,12,36
S016,R008,35,24,36
S016,Y001,35,24,36
S016,Y002,35,24,36
S016,Y004,35,6,36
S016,A002,35,24,36
S016,A006,35,6,36
S016,B002V1,35,24,36
S016,B002V2,35,24,36
S016,B005V2,35,12,36
S016,B005V3,35,12,36
S016,B008V1,35,24,36
S016,B009V3,35,6,36
S016,S001V3,35,24,36
S016,S002V2,35,24,36
S016,S002V3,35,24,36
S016,S005V3,35,12,36
S016,S006V2,35,6,36
S016,S007V2,35,12,36
S016,S007V3,35,12,36
S016,S009V1,35,6,36
S016,S009V3,35,6,36
S016,K001V1,35,12,36
S016,K002V2,35,24,36
S016,K002V3,35,24,36
S016,K003V1,35,6,36
S016,K004V3,35,6,36
S016,K005V2,35,6,36
S016,K007V1,35,12,36
S016,K010V2,35,6,36
S016,R001V2,35,12,36
S016,R002V1,35,6,36
S016,R003V1,35,24,36
S016,R003V2,35,24,36
S016,R004V1,35,12,36
S016,R005V1,35,12,36
S016,R005V2,35,12,36
S016,R006V3,35,6,36
S016,R007V2,35,6,36
S016,R007V3,35,6,36
S016,R008V3,35,24,36
S016,R009V3,35,12,36
S016,Y002V3,35,24,36
S016,S002,36,24,37
S016,S003,36,24,37
S016,K001,36,12,37
S016,K002,36,24,37
S016,K003,36,6,37
S016,K004,36,6,37
S016,K005,36,6,37
S016,K007,36,12,37
S016,R003,36,24,37
S016,R008,36,24,37
S016,R010,36,24,37
S016,Y001,36,24,37
S016,A002,36,24,37
S016,A007,36,6,37
S016,B002V3,36,24,37
S016,B004V1,36,12,37
S016,B007V1,36,24,37
S016,B009V3,36,6,37
S016,S001V1,36,24,37
S016,S001V3,36,24,37
S016,S002V2,36,24,37
S016,S004V2,36,12,37
S016,S004V3,36,12,37
S016,S006V2,36,6,37
S016,S009V3,36,6,37
S016,K001V1,36,12,37
S016,K004V3,36,6,37
S016,K005V3,36,6,37
S016,K006V3,36,24,37
S016,R001V1,36,12,37
S016,R001V3,36,12,37
S016,R002V1,36,6,37
S016,R002V2,36,6,37
S016,R003V3,36,24,37
S016,R004V1,36,12,37
S016,R004V3,36,12,37
S016,R005V1,36,12,37
S016,R006V3,36,6,37
S016,B001,37,24,38
S016,B004,37,12,38
S016,B006,37,24,38
S016,S001,37,24,38
S016,S002,37,24,38
S016,S005,37,12,38
S016,S006,37,6,38
S016,S008,37,6,38
S016,K005,37,6,38
S016,R003,37,24,38
S016,R008,37,24,38
S016,Y001,37,24,38
S016,Y002,37,24,38
S016,Y004,37,6,38
S016,A003,37,24,38
S016,B001V1,37,24,38
S016,B004V1,37,12,38
S016,B007V1,37,24,38
S016,B008V1,37,24,38
S016,B009V3,37,6,38
S016,S001V1,37,24,38
S016,S002V1,37,24,38
S016,S005V3,37,12,38
S016,S007V3,37,12,38
S016,S008V1,37,6,38
S016,S009V1,37,6,38
S016,S009V3,37,6,38
S016,K002V1,37,24,38
S016,K005V1,37,6,38
S016,K005V3,37,6,38
S016,K006V3,37,24,38
S016,K007V1,37,12,38
S016,K007V2,37,12,38
S016,K008V1,37,6,38
S016,R002V1,37,6,38
S016,R003V2,37,24,38
S016,R004V1,37,12,38
S016,R004V2,37,12,38
S016,R004V3,37,12,38
S016,R006V1,37,6,38
S016,R006V3,37,6,38
S016,R008V1,37,24,38
S016,R009V3,37,12,38
S016,R010V3,37,24,38
S016,Y001V1,37,24,38
S016,Y001V2,37,24,38
S016,Y002V2,37,24,38
S016,Y002V3,37,24,38
S016,B004,38,12,39
S016,S008,38,6,39
S016,S009,38,6,39
S016,K002,38,24,39
S016,K004,38,6,39
S016,A006,38,6,39
S016,B001V2,38,24,39
S016,B002V1,38,24,39
S016,B003V1,38,24,39
S016,B006V2,38,24,39
S016,S007V3,38,12,39
S016,S010V3,38,6,39
S016,K001V1,38,12,39
S016,K002V1,38,24,39
S016,K002V3,38,24,39
S016,K003V1,38,6,39
S016,K004V2,38,6,39
S016,K004V3,38,6,39
S016,K005V2,38,6,39
S016,K005V3,38,6,39
S016,K006V1,38,24,39
S016,R001V1,38,12,39
S016,R001V2,38,12,39
S016,R002V2,38,6,39
S016,R003V2,38,24,39
S016,R003V3,38,24,39
S016,R004V2,38,12,39
S016,R006V3,38,6,39
S016,R007V1,38,6,39
S016,R008V3,38,24,39
S016,R010V2,38,24,39
S016,Y001V2,38,24,39
S016,S001,39,24,40
S016,S002,39,24,40
S016,S005,39,12,40
S016,S009,39,6,40
S016,K003,39,6,40
S016,K005,39,6,40
S016,K007,39,12,40
S016,R004,39,12,40
S016,R005,39,12,40
S016,R006,39,6,40
S016,Y001,39,24,40
S016,B004V2,39,12,40
S016,B005V2,39,12,40
S016,B007V1,39,24,40
S016,B007V3,39,24,40
S016,B009V3,39,6,40
S016,S002V2,39,24,40
S016,S004V1,39,12,40
S016,S005V3,39,12,40
S016,S006V2,39,6,40
S016,S007V3,39,12,40
S016,K001V1,39,12,40
S016,K004V2,39,6,40
S016,K005V3,39,6,40
S016,K006V1,39,24,40
S016,K006V3,39,24,40
S016,K008V1,39,6,40
S016,R002V1,39,6,40
S016,R003V2,39,24,40
S016,R003V3,39,24,40
S016,R007V1,39,6,40
S016,R008V1,39,24,40
S016,R009V2,39,12,40
S016,Y002V3,39,24,40
S016,B002,40,24,41
S016,S003,40,24,41
S016,S005,40,12,41
S016,K003,40,6,41
S016,R002,40,6,41
S016,R004,40,12,41
S016,Y003,40,6,41
S016,A001,40,6,41
S016,A002,40,24,41
S016,A007,40,6,41
S016,B001V2,40,24,41
S016,B002V2,40,24,41
S016,B004V3,40,12,41
S016,B007V1,40,24,41
S016,B007V3,40,24,41
S016,B009V3,40,6,41
S016,S001V3,40,24,41
S016,S002V2,40,24,41
S016,S003V3,40,24,41
S016,S009V2,40,6,41
S016,S009V3,40,6,41
S016,S010V3,40,6,41
S016,K001V1,40,12,41
S016,K002V1,40,24,41
S016,K004V2,40,6,41
S016,K005V1,40,6,41
S016,K006V1,40,24,41
S016,K007V1,40,12,41
S016,K008V1,40,6,41
S016,R001V3,40,12,41
S016,R002V2,40,6,41
S016,R003V3,40,24,41
S016,R005V1,40,12,41
S016,R007V3,40,6,41
S016,R008V1,40,24,41
S016,R008V3,40,24,41
S016,Y001V2,40,24,41
S016,Y002V2,40,24,41
S016,Y002V3,40,24,41
S016,B002,41,24,42
S016,S001,41,24,42
S016,S003,41,24,42
S016,S005,41,12,42
S016,S008,41,6,42
S016,K001,41,12,42
S016,K003,41,6,42
S016,K005,41,6,42
S016,R009,41,12,42
S016,B001V2,41,24,42
S016,B002V1,41,24,42
S016,B004V2,41,12,42
S016,B005V2,41,12,42
S016,B006V2,41,24,42
S016,B007V1,41,24,42
S016,B009V3,41,6,42
S016,B010V3,41,6,42
S016,S001V2,41,24,42
S016,S002V1,41,24,42
S016,S003V3,41,24,42
S016,S005V3,41,12,42
S016,S009V1,41,6,42
S016,S009V2,41,6,42
S016,S010V3,41,6,42
S016,K001V1,41,12,42
S016,K002V2,41,24,42
S016,K004V3,41,6,42
S016,K005V1,41,6,42
S016,K005V2,41,6,42
S016,K006V1,41,24,42
S016,K007V1,41,12,42
S016,K009V3,41,6,42
S016,R001V1,41,12,42
S016,R002V1,41,6,42
S016,R003V1,41,24,42
S016,R003V2,41,24,42
S016,R004V1,41,12,42
S016,R005V1,41,12,42
S016,R006V3,41,6,42
S016,R007V1,41,6,42
S016,R007V3,41,6,42
S016,R009V3,41,12,42
S016,Y002V3,41,24,42
S016,B004,42,12,43
S016,S002,42,24,43
S016,S008,42,6,43
S016,S009,42,6,43
S016,K004,42,6,43
S016,K009,42,6,43
S016,R003,42,24,43
S016,R009,42,12,43
S016,Y002,42,24,43
S016,A006,42,6,43
S016,B002V1,42,24,43
S016,B002V2,42,24,43
S016,B005V3,42,12,43
S016,B006V2,42,24,43
S016,B009V1,42,6,43
S016,B009V3,42,6,43
S016,S001V1,42,24,43
S016,S002V2,42,24,43
S016,S004V1,42,12,43
S016,S009V1,42,6,43
S016,S009V2,42,6,43
S016,K001V1,42,12,43
S016,K003V1,42,6,43
S016,K004V3,42,6,43
S016,K005V2,42,6,43
S016,K005V3,42,6,43
S016,K006V3,42,24,43
S016,R001V1,42,12,43
S016,R002V2,42,6,43
S016,R003V1,42,24,43
S016,R003V2,42,24,43
S016,R004V1,42,12,43
S016,R004V3,42,12,43
S016,R008V1,42,24,43
S016,R009V3,42,12,43
S016,R010V2,42,24,43
S016,Y001V1,42,24,43
S016,B003,43,24,44
S016,B006,43,24,44
S016,S005,43,12,44
S016,S010,43,6,44
S016,K004,43,6,44
S016,K006,43,24,44
S016,K009,43,6,44
S016,Y001,43,24,44
S016,A002,43,24,44
S016,A007,43,6,44
S016,B002V1,43,24,44
S016,B002V3,43,24,44
S016,B004V1,43,12,44
S016,S001V1,43,24,44
S016,S001V3,43,24,44
S016,S002V1,43,24,44
S016,S002V2,43,24,44
S016,S005V3,43,12,44
S016,S007V2,43,12,44
S016,S007V3,43,12,44
S016,S009V2,43,6,44
S016,S010V2,43,6,44
S016,K001V1,43,12,44
S016,K003V1,43,6,44
S016,K004V3,43,6,44
S016,K005V1,43,6,44
S016,R002V2,43,6,44
S016,R003V1,43,24,44
S016,R003V3,43,24,44
S016,R005V2,43,12,44
S016,R006V3,43,6,44
S016,R007V3,43,6,44
S016,R008V1,43,24,44
S016,R008V3,43,24,44
S016,R009V2,43,12,44
S016,Y002V2,43,24,44
S016,B006,44,24,45
S016,B008,44,24,45
S016,K005,44,6,45
S016,K009,44,6,45
S016,R009,44,12,45
S016,Y003,44,6,45
S016,A002,44,24,45
S016,B002V1,44,24,45
S016,B003V2,44,24,45
S016,B004V1,44,12,45
S016,B007V3,44,24,45
S016,B009V3,44,6,45
S016,S003V3,44,24,45
S016,S005V3,44,12,45
S016,S009V2,44,6,45
S016,S009V3,44,6,45
S016,K001V1,44,12,45
S016,K004V3,44,6,45
S016,K005V1,44,6,45
S016,K007V1,44,12,45
S016,K007V2,44,12,45
S016,R002V1,44,6,45
S016,R003V3,44,24,45
S016,R004V1,44,12,45
S016,R005V1,44,12,45
S016,R008V1,44,24,45
S016,R009V3,44,12,45
S016,Y001V2,44,24,45
S016,B002,45,24,46
S016,B003,45,24,46
S016,B004,45,12,46
S016,B006,45,24,46
S016,S003,45,24,46
S016,S010,45,6,46
S016,K005,45,6,46
S016,K006,45,24,46
S016,B003V3,45,24,46
S016,B004V1,45,12,46
S016,B004V2,45,12,46
S016,B005V3,45,12,46
S016,B006V3,45,24,46
S016,B008V1,45,24,46
S016,B009V3,45,6,46
S016,S001V3,45,24,46
S016,S005V3,45,12,46
S016,S009V1,45,6,46
S016,K001V1,45,12,46
S016,K003V1,45,6,46
S016,K004V3,45,6,46
S016,K006V1,45,24,46
S016,K010V2,45,6,46
S016,R002V2,45,6,46
S016,R003V1,45,24,46
S016,R003V3,45,24,46
S016,R005V2,45,12,46
S016,R006V3,45,6,46
S016,R008V1,45,24,46
S016,Y001V1,45,24,46
S016,Y002V2,45,24,46
S016,Y002V3,45,24,46
S016,B002,46,24,47
S016,B004,46,12,47
S016,K004,46,6,47
S016,K007,46,12,47
S016,R002,46,6,47
S016,R003,46,24,47
S016,R008,46,24,47
S016,Y002,46,24,47
S016,B004V1,46,12,47
S016,B007V1,46,24,47
S016,B008V1,46,24,47
S016,B009V3,46,6,47
S016,B010V1,46,6,47
S016,S001V1,46,24,47
S016,S001V2,46,24,47
S016,S002V1,46,24,47
S016,S002V2,46,24,47
S016,S002V3,46,24,47
S016,S004V3,46,12,47
S016,S006V1,46,6,47
S016,S006V2,46,6,47
S016,S008V2,46,6,47
S016,S009V2,46,6,47
S016,S010V3,46,6,47
S016,K007V1,46,12,47
S016,K009V3,46,6,47
S016,R001V1,46,12,47
S016,R002V1,46,6,47
S016,R004V2,46,12,47
S016,R004V3,46,12,47
S016,R006V3,46,6,47
S016,R008V1,46,24,47
S016,R009V3,46,12,47
S016,R010V2,46,24,47
S016,B002,47,24,48
S016,S001,47,24,48
S016,S003,47,24,48
S016,S010,47,6,48
S016,K005,47,6,48
S016,K006,47,24,48
S016,R005,47,12,48
S016,R008,47,24,48
S016,Y001,47,24,48
S016,Y006,47,6,48
S016,A006,47,6,48
S016,B004V1,47,12,48
S016,B004V2,47,12,48
S016,B004V3,47,12,48
S016,B009V3,47,6,48
S016,B010V1,47,6,48
S016,S001V3,47,24,48
S016,S004V3,47,12,48
S016,S008V2,47,6,48
S016,S009V1,47,6,48
S016,S009V2,47,6,48
S016,S010V3,47,6,48
S016,K001V1,47,12,48
S016,K002V1,47,24,48
S016,K002V3,47,24,48
S016,K004V3,47,6,48
S016,K005V3,47,6,48
S016,K006V3,47,24,48
S016,R001V1,47,12,48
S016,R003V1,47,24,48
S016,R006V3,47,6,48
S016,R007V3,47,6,48
S016,R008V1,47,24,48
S016,R010V2,47,24,48
S016,B002,48,24,49
S016,B006,48,24,49
S016,S001,48,24,49
S016,S005,48,12,49
S016,S010,48,6,49
S016,K004,48,6,49
S016,K005,48,6,49
S016,K006,48,24,49
S016,Y006,48,6,49
S016,A001,48,6,49
S016,A005,48,6,49
S016,B002V1,48,24,49
S016,B007V1,48,24,49
S016,B008V1,48,24,49
S016,B009V3,48,6,49
S016,B010V3,48,6,49
S016,S001V3,48,24,49
S016,S002V3,48,24,49
S016,S006V1,48,6,49
S016,S009V1,48,6,49
S016,S010V3,48,6,49
S016,K001V1,48,12,49
S016,K004V3,48,6,49
S016,K005V2,48,6,49
S016,K006V3,48,24,49
S016,K007V1,48,12,49
S016,K007V2,48,12,49
S016,K008V1,48,6,49
S016,R001V1,48,12,49
S016,R002V1,48,6,49
S016,R003V1,48,24,49
S016,R003V3,48,24,49
S016,R006V3,48,6,49
S016,R007V3,48,6,49
S016,Y002V2,48,24,49
S016,Y002V3,48,24,49
S016,B002,49,24,50
S016,B003,49,24,50
S016,S001,49,24,50
S016,S006,49,6,50
S016,S009,49,6,50
S016,K004,49,6,50
S016,K005,49,6,50
S016,K006,49,24,50
S016,K010,49,6,50
S016,Y001,49,24,50
S016,Y004,49,6,50
S016,A002,49,24,50
S016,B004V2,49,12,50
S016,B005V2,49,12,50
S016,B007V1,49,24,50
S016,B009V3,49,6,50
S016,S001V2,49,24,50
S016,S004V1,49,12,50
S016,S007V3,49,12,50
S016,S008V2,49,6,50
S016,S009V1,49,6,50
S016,S010V3,49,6,50
S016,K004V3,49,6,50
S016,K005V3,49,6,50
S016,K006V1,49,24,50
S016,K010V2,49,6,50
S016,R001V1,49,12,50
S016,R001V3,49,12,50
S016,R002V2,49,6,50
S016,R004V3,49,12,50
S016,R006V3,49,6,50
S016,R007V1,49,6,50
S016,B002,50,24,51
S016,S005,50,12,51
S016,S008,50,6,51
S016,K004,50,6,51
S016,K005,50,6,51
S016,K008,50,6,51
S016,K009,50,6,51
S016,K010,50,6,51
S016,R008,50,24,51
S016,R009,50,12,51
S016,R010,50,24,51
S016,Y004,50,6,51
S016,A002,50,24,51
S016,A004,50,6,51
S016,A007,50,6,51
S016,B001V1,50,24,51
S016,B002V1,50,24,51
S016,B003V3,50,24,51
S016,B004V2,50,12,51
S016,B005V2,50,12,51
S016,B009V3,50,6,51
S016,B010V3,50,6,51
S016,S001V1,50,24,51
S016,S002V2,50,24,51
S016,S004V1,50,12,51
S016,S005V3,50,12,51
S016,S009V2,50,6,51
S016,K002V3,50,24,51
S016,K004V2,50,6,51
S016,K004V3,50,6,51
S016,K005V2,50,6,51
S016,K007V3,50,12,51
S016,R001V2,50,12,51
S016,R002V1,50,6,51
S016,R002V2,50,6,51
S016,R004V2,50,12,51
S016,B004,51,12,52
S016,B006,51,24,52
S016,S003,51,24,52
S016,K002,51,24,52
S016,K003,51,6,52
S016,K004,51,6,52
S016,K005,51,6,52
S016,R003,51,24,52
S016,B005V2,51,12,52
S016,B008V1,51,24,52
S016,B009V3,51,6,52
S016,S002V2,51,24,52
S016,S006V2,51,6,52
S016,S007V3,51,12,52
S016,S009V1,51,6,52
S016,S009V2,51,6,52
S016,K002V1,51,24,52
S016,K004V3,51,6,52
S016,K005V1,51,6,52
S016,K005V2,51,6,52
S016,K006V1,51,24,52
S016,K006V2,51,24,52
S016,K006V3,51,24,52
S016,K007V1,51,12,52
S016,K007V3,51,12,52
S016,K008V1,51,6,52
S016,K010V1,51,6,52
S016,R001V1,51,12,52
S016,R001V2,51,12,52
S016,R002V1,51,6,52
S016,R002V2,51,6,52
S016,R003V1,51,24,52
S016,R004V2,51,12,52
S016,R007V3,51,6,52
S016,R008V3,51,24,52
S016,Y001V3,51,24,52
S017,B001,1,24,2
S017,B005,1,12,2
S017,B006,1,24,2
S017,B009,1,6,2
S017,S001,1,24,2
S017,S005,1,12,2
S017,S008,1,6,2
S017,K001,1,12,2
S017,K003,1,6,2
S017,K005,1,36,2
S017,K009,1,6,2
S017,K010,1,6,2
S017,R001,1,12,2
S017,R002,1,6,2
S017,R005,1,12,2
S017,R009,1,12,2
S017,Y003,1,6,2
S017,B001V2,1,24,2
S017,B002V1,1,24,2
S017,B002V2,1,24,2
S017,B006V1,1,24,2
S017,B008V1,1,24,2
S017,B009V3,1,12,2
S017,S001V3,1,24,2
S017,S003V2,1,24,2
S017,S004V1,1,12,2
S017,S005V1,1,24,2
S017,S006V2,1,6,2
S017,S007V2,1,12,2
S017,S009V1,1,6,2
S017,S009V2,1,12,2
S017,K003V3,1,6,2
S017,K005V1,1,6,2
S017,K005V2,1,6,2
S017,K006V1,1,24,2
S017,K006V2,1,24,2
S017,K006V3,1,24,2
S017,K007V3,1,12,2
S017,K008V2,1,6,2
S017,K009V2,1,6,2
S017,R001V1,1,36,2
S017,R003V3,1,24,2
S017,R004V2,1,12,2
S017,R006V1,1,6,2
S017,R008V2,1,24,2
S017,R010V2,1,24,2
S017,Y001V2,1,24,2
S017,Y002V3,1,24,2
S017,B002,2,24,3
S017,B003,2,24,3
S017,B004,2,12,3
S017,B010,2,6,3
S017,S001,2,24,3
S017,S005,2,12,3
S017,K005,2,30,3
S017,K006,2,24,3
S017,K009,2,6,3
S017,R005,2,12,3
S017,R010,2,24,3
S017,Y001,2,24,3
S017,Y004,2,6,3
S017,A002,2,24,3
S017,B002V3,2,24,3
S017,B004V1,2,12,3
S017,B005V3,2,12,3
S017,B006V1,2,24,3
S017,B007V2,2,24,3
S017,B009V2,2,6,3
S017,B009V3,2,18,3
S017,B010V3,2,6,3
S017,S001V2,2,24,3
S017,S001V3,2,24,3
S017,S002V3,2,24,3
S017,S003V1,2,24,3
S017,S003V2,2,24,3
S017,S004V1,2,12,3
S017,S005V1,2,24,3
S017,S006V2,2,6,3
S017,S006V3,2,6,3
S017,S009V2,2,12,3
S017,K006V1,2,24,3
S017,K006V3,2,24,3
S017,K007V3,2,12,3
S017,K008V2,2,6,3
S017,K009V2,2,12,3
S017,K010V2,2,6,3
S017,R001V1,2,36,3
S017,R003V2,2,24,3
S017,R004V3,2,12,3
S017,R006V2,2,6,3
S017,R006V3,2,6,3
S017,R008V2,2,24,3
S017,R008V3,2,24,3
S017,R009V3,2,12,3
S017,Y002V2,2,24,3
S017,Y002V3,2,24,3
S017,B007,3,24,4
S017,B009,3,6,4
S017,K005,3,30,4
S017,K006,3,24,4
S017,K009,3,6,4
S017,R001,3,12,4
S017,R005,3,12,4
S017,R008,3,24,4
S017,A001,3,6,4
S017,A002,3,24,4
S017,A006,3,6,4
S017,B004V1,3,12,4
S017,B004V3,3,12,4
S017,B006V1,3,24,4
S017,B009V3,3,30,4
S017,B010V3,3,6,4
S017,S002V3,3,24,4
S017,S005V1,3,36,4
S017,S009V2,3,6,4
S017,S010V1,3,6,4
S017,K002V1,3,24,4
S017,K006V3,3,24,4
S017,K007V1,3,12,4
S017,K008V2,3,6,4
S017,K009V2,3,12,4
S017,K010V2,3,6,4
S017,R001V1,3,24,4
S017,R001V2,3,12,4
S017,R002V3,3,6,4
S017,R003V3,3,24,4
S017,R004V1,3,12,4
S017,R004V2,3,12,4
S017,R005V1,3,12,4
S017,R007V3,3,6,4
S017,R009V3,3,12,4
S017,B003,4,24,5
S017,B009,4,6,5
S017,B010,4,6,5
S017,S005,4,12,5
S017,S008,4,6,5
S017,K005,4,36,5
S017,K006,4,24,5
S017,R001,4,12,5
S017,R009,4,12,5
S017,R010,4,24,5
S017,A002,4,24,5
S017,A006,4,6,5
S017,B001V2,4,24,5
S017,B002V1,4,24,5
S017,B004V1,4,12,5
S017,B006V3,4,24,5
S017,B007V2,4,24,5
S017,B008V3,4,24,5
S017,B009V3,4,48,5
S017,B010V3,4,6,5
S017,S001V3,4,24,5
S017,S002V3,4,24,5
S017,S004V1,4,12,5
S017,S005V1,4,12,5
S017,S009V2,4,18,5
S017,K005V1,4,6,5
S017,K006V1,4,24,5
S017,K007V1,4,12,5
S017,K007V3,4,12,5
S017,K009V2,4,12,5
S017,K010V2,4,6,5
S017,R001V1,4,36,5
S017,R002V1,4,6,5
S017,R002V3,4,6,5
S017,R003V2,4,24,5
S017,R004V1,4,12,5
S017,R005V3,4,12,5
S017,R006V3,4,6,5
S017,R010V2,4,24,5
S017,R010V3,4,24,5
S017,Y001V1,4,24,5
S017,Y001V2,4,24,5
S017,B005,5,12,6
S017,B006,5,24,6
S017,B007,5,24,6
S017,K005,5,30,6
S017,R001,5,12,6
S017,R002,5,6,6
S017,R006,5,6,6
S017,R009,5,12,6
S017,A001,5,6,6
S017,A006,5,6,6
S017,A007,5,6,6
S017,B002V2,5,24,6
S017,B005V1,5,12,6
S017,B005V3,5,12,6
S017,B008V1,5,24,6
S017,B009V1,5,6,6
S017,B009V3,5,36,6
S017,B010V2,5,6,6
S017,S003V2,5,24,6
S017,S004V1,5,12,6
S017,S005V1,5,12,6
S017,S006V3,5,6,6
S017,S009V1,5,6,6
S017,S009V2,5,6,6
S017,S010V1,5,6,6
S017,K003V3,5,6,6
S017,K005V1,5,6,6
S017,K006V1,5,24,6
S017,K006V3,5,24,6
S017,K008V2,5,6,6
S017,K009V2,5,12,6
S017,R001V1,5,36,6
S017,R003V2,5,24,6
S017,R005V1,5,12,6
S017,R008V1,5,24,6
S017,R008V3,5,24,6
S017,R009V2,5,12,6
S017,B002,6,24,7
S017,B004,6,12,7
S017,B006,6,24,7
S017,S005,6,12,7
S017,S008,6,6,7
S017,S010,6,6,7
S017,K003,6,6,7
S017,K005,6,6,7
S017,R001,6,12,7
S017,R005,6,12,7
S017,R006,6,6,7
S017,R008,6,24,7
S017,R010,6,24,7
S017,Y001,6,24,7
S017,B002V1,6,24,7
S017,B004V1,6,12,7
S017,B005V3,6,12,7
S017,B007V2,6,24,7
S017,B009V3,6,18,7
S017,S001V2,6,24,7
S017,S001V3,6,24,7
S017,S003V1,6,24,7
S017,S004V1,6,12,7
S017,S006V3,6,6,7
S017,S009V2,6,6,7
S017,K002V1,6,24,7
S017,K007V1,6,12,7
S017,K007V3,6,12,7
S017,K008V2,6,6,7
S017,K009V2,6,12,7
S017,K010V2,6,6,7
S017,R001V1,6,36,7
S017,R001V2,6,12,7
S017,R002V3,6,6,7
S017,R003V3,6,24,7
S017,R004V1,6,12,7
S017,R004V2,6,12,7
S017,R005V1,6,12,7
S017,R007V3,6,6,7
S017,S005,7,12,8
S017,S006,7,6,8
S017,S010,7,6,8
S017,K005,7,6,8
S017,R001,7,12,8
S017,R002,7,6,8
S017,R008,7,24,8
S017,R009,7,12,8
S017,A001,7,6,8
S017,A007,7,6,8
S017,B004V1,7,12,8
S017,B004V3,7,12,8
S017,B005V1,7,12,8
S017,B007V2,7,24,8
S017,B009V3,7,48,8
S017,B010V2,7,6,8
S017,S001V1,7,24,8
S017,S001V2,7,24,8
S017,S001V3,7,24,8
S017,S003V1,7,24,8
S017,S005V1,7,12,8
S017,S006V2,7,6,8
S017,S007V2,7,12,8
S017,S009V1,7,6,8
S017,S009V2,7,6,8
S017,S010V1,7,6,8
S017,K009V2,7,12,8
S017,R001V1,7,36,8
S017,R001V2,7,12,8
S017,R004V1,7,12,8
S017,R004V3,7,12,8
S017,R006V3,7,6,8
S017,R008V3,7,24,8
S017,R009V2,7,12,8
S017,R009V3,7,12,8
S017,R010V2,7,24,8
S017,Y002V2,7,24,8
S017,Y002V3,7,24,8
S017,B003,8,24,9
S017,B004,8,12,9
S017,K001,8,12,9
S017,K005,8,6,9
S017,K006,8,24,9
S017,R002,8,6,9
S017,R003,8,24,9
S017,R005,8,12,9
S017,R009,8,12,9
S017,R010,8,24,9
S017,Y001,8,24,9
S017,Y004,8,6,9
S017,A005,8,6,9
S017,B002V1,8,24,9
S017,B002V2,8,24,9
S017,B002V3,8,24,9
S017,B005V3,8,12,9
S017,B006V1,8,24,9
S017,B007V3,8,24,9
S017,B008V1,8,24,9
S017,B009V1,8,6,9
S017,B009V3,8,48,9
S017,B010V3,8,6,9
S017,S001V1,8,24,9
S017,S002V3,8,24,9
S017,S003V2,8,24,9
S017,S004V1,8,12,9
S017,S006V2,8,6,9
S017,S007V2,8,12,9
S017,S007V3,8,12,9
S017,S009V2,8,6,9
S017,S010V1,8,6,9
S017,K002V1,8,24,9
S017,K006V3,8,24,9
S017,K007V1,8,12,9
S017,K008V3,8,6,9
S017,K009V2,8,12,9
S017,R001V1,8,36,9
S017,R001V2,8,12,9
S017,R003V3,8,24,9
S017,R004V1,8,12,9
S017,R005V3,8,12,9
S017,R006V3,8,6,9
S017,R009V2,8,12,9
S017,R010V3,8,24,9
S017,Y002V3,8,24,9
S017,B003,9,24,10
S017,B004,9,12,10
S017,B010,9,6,10
S017,K001,9,12,10
S017,K005,9,6,10
S017,K009,9,6,10
S017,R005,9,12,10
S017,R008,9,24,10
S017,R010,9,24,10
S017,Y001,9,24,10
S017,A004,9,6,10
S017,B002V3,9,24,10
S017,B004V1,9,12,10
S017,B005V1,9,12,10
S017,B006V1,9,24,10
S017,B008V1,9,24,10
S017,S001V1,9,24,10
S017,S003V2,9,24,10
S017,S004V1,9,12,10
S017,S006V3,9,6,10
S017,S009V1,9,6,10
S017,S009V2,9,6,10
S017,K003V3,9,6,10
S017,K008V2,9,6,10
S017,K008V3,9,6,10
S017,K009V2,9,12,10
S017,R001V1,9,24,10
S017,R001V2,9,12,10
S017,R001V3,9,12,10
S017,R002V1,9,6,10
S017,R003V3,9,24,10
S017,R004V2,9,12,10
S017,R005V1,9,12,10
S017,R005V3,9,12,10
S017,R008V1,9,24,10
S017,R009V2,9,12,10
S017,R009V3,9,12,10
S017,Y002V3,9,24,10
S017,B004,10,12,11
S017,B006,10,24,11
S017,B009,10,6,11
S017,S001,10,24,11
S017,S005,10,12,11
S017,K001,10,12,11
S017,K005,10,6,11
S017,K006,10,24,11
S017,R002,10,6,11
S017,R005,10,12,11
S017,R008,10,24,11
S017,R009,10,12,11
S017,Y001,10,24,11
S017,Y002,10,24,11
S017,A002,10,24,11
S017,B002V3,10,24,11
S017,B003V2,10,24,11
S017,B004V3,10,12,11
S017,B005V1,10,12,11
S017,B007V2,10,24,11
S017,B008V1,10,24,11
S017,B009V3,10,6,11
S017,B010V3,10,6,11
S017,S001V3,10,24,11
S017,S002V3,10,24,11
S017,S003V2,10,24,11
S017,S005V1,10,12,11
S017,S006V3,10,6,11
S017,S007V2,10,12,11
S017,S007V3,10,12,11
S017,S009V1,10,6,11
S017,K002V1,10,24,11
S017,K009V2,10,6,11
S017,R001V1,10,36,11
S017,R004V1,10,12,11
S017,R005V1,10,12,11
S017,R006V3,10,6,11
S017,R009V3,10,12,11
S017,Y001V1,10,24,11
S017,B006,11,24,12
S017,B009,11,6,12
S017,K001,11,12,12
S017,K005,11,6,12
S017,R001,11,12,12
S017,R009,11,12,12
S017,R010,11,24,12
S017,B002V3,11,24,12
S017,B004V1,11,12,12
S017,B007V2,11,24,12
S017,B009V1,11,6,12
S017,B009V3,11,6,12
S017,B010V3,11,6,12
S017,S001V2,11,24,12
S017,S001V3,11,24,12
S017,S004V1,11,12,12
S017,S006V2,11,6,12
S017,K003V3,11,6,12
S017,K006V3,11,24,12
S017,K008V3,11,6,12
S017,K009V2,11,12,12
S017,R001V1,11,24,12
S017,R002V1,11,6,12
S017,R003V2,11,24,12
S017,R003V3,11,24,12
S017,R004V1,11,12,12
S017,R004V3,11,12,12
S017,R005V1,11,12,12
S017,R007V3,11,6,12
S017,S010,12,6,13
S017,K003,12,6,13
S017,K005,12,6,13
S017,K006,12,24,13
S017,Y003,12,6,13
S017,A002,12,24,13
S017,A004,12,6,13
S017,A007,12,6,13
S017,B002V2,12,24,13
S017,B005V1,12,12,13
S017,B006V1,12,24,13
S017,B007V1,12,24,13
S017,B009V3,12,6,13
S017,S001V3,12,24,13
S017,S006V3,12,6,13
S017,S007V3,12,12,13
S017,S009V2,12,6,13
S017,K002V1,12,24,13
S017,K002V2,12,24,13
S017,K005V2,12,6,13
S017,K007V1,12,12,13
S017,K009V2,12,12,13
S017,K010V1,12,6,13
S017,K010V2,12,6,13
S017,R001V1,12,12,13
S017,R002V1,12,6,13
S017,R003V2,12,24,13
S017,R004V1,12,12,13
S017,R004V2,12,12,13
S017,R004V3,12,12,13
S017,R005V3,12,12,13
S017,R008V1,12,24,13
S017,R008V2,12,24,13
S017,R008V3,12,24,13
S017,R009V3,12,12,13
S017,Y002V2,12,24,13
S017,B005,13,12,14
S017,B009,13,6,14
S017,S005,13,12,14
S017,S010,13,6,14
S017,K001,13,12,14
S017,K005,13,6,14
S017,R001,13,12,14
S017,R003,13,24,14
S017,R009,13,12,14
S017,Y001,13,24,14
S017,A006,13,6,14
S017,B001V1,13,24,14
S017,B004V1,13,12,14
S017,B005V1,13,12,14
S017,B006V1,13,24,14
S017,B007V1,13,24,14
S017,S001V1,13,24,14
S017,S003V1,13,24,14
S017,S005V1,13,12,14
S017,S007V3,13,12,14
S017,S009V2,13,6,14
S017,K003V3,13,6,14
S017,K005V2,13,6,14
S017,K006V1,13,24,14
S017,K007V1,13,12,14
S017,R001V1,13,36,14
S017,R002V1,13,6,14
S017,R003V3,13,24,14
S017,R005V3,13,12,14
S017,R008V1,13,24,14
S017,R008V3,13,24,14
S017,R010V1,13,24,14
S017,R010V3,13,24,14
S017,B004,14,12,15
S017,B005,14,12,15
S017,B006,14,24,15
S017,K005,14,6,15
S017,R002,14,6,15
S017,R008,14,24,15
S017,R010,14,24,15
S017,A001,14,6,15
S017,B003V2,14,24,15
S017,B004V1,14,12,15
S017,B005V3,14,12,15
S017,B007V2,14,24,15
S017,S001V3,14,24,15
S017,S003V1,14,24,15
S017,S005V1,14,12,15
S017,S006V3,14,6,15
S017,S009V1,14,6,15
S017,K001V3,14,12,15
S017,K005V1,14,6,15
S017,K006V1,14,24,15
S017,K008V2,14,6,15
S017,K009V2,14,6,15
S017,K010V1,14,6,15
S017,K010V2,14,6,15
S017,R001V1,14,36,15
S017,R004V3,14,12,15
S017,R005V1,14,12,15
S017,R006V3,14,6,15
S017,R008V1,14,24,15
S017,R009V2,14,12,15
S017,R009V3,14,12,15
S017,B009,15,6,16
S017,S001,15,24,16
S017,K003,15,6,16
S017,R001,15,12,16
S017,R005,15,12,16
S017,R010,15,24,16
S017,B002V2,15,24,16
S017,B004V1,15,12,16
S017,B005V3,15,12,16
S017,B007V1,15,24,16
S017,B007V2,15,24,16
S017,B009V3,15,6,16
S017,S002V3,15,24,16
S017,S003V2,15,24,16
S017,S004V1,15,12,16
S017,S006V2,15,6,16
S017,S006V3,15,6,16
S017,S007V1,15,12,16
S017,S007V3,15,12,16
S017,S009V2,15,6,16
S017,K004V2,15,6,16
S017,K008V2,15,6,16
S017,K009V2,15,6,16
S017,K010V2,15,6,16
S017,R001V1,15,24,16
S017,R003V3,15,24,16
S017,R006V1,15,6,16
S017,R008V1,15,24,16
S017,R010V2,15,24,16
S017,R010V3,15,24,16
S017,Y001V2,15,24,16
S017,B003,16,24,17
S017,B006,16,24,17
S017,S001,16,24,17
S017,K001,16,12,17
S017,R003,16,24,17
S017,R005,16,12,17
S017,R006,16,6,17
S017,R009,16,12,17
S017,Y001,16,24,17
S017,Y002,16,24,17
S017,Y003,16,6,17
S017,A001,16,6,17
S017,A002,16,24,17
S017,A007,16,6,17
S017,A008,16,12,17
S017,B002V2,16,24,17
S017,B005V3,16,12,17
S017,B009V3,16,6,17
S017,S001V3,16,24,17
S017,S002V3,16,24,17
S017,S003V2,16,24,17
S017,S005V1,16,12,17
S017,S005V3,16,12,17
S017,S007V2,16,12,17
S017,S009V2,16,6,17
S017,S009V3,16,6,17
S017,K002V1,16,24,17
S017,K006V3,16,24,17
S017,K009V2,16,6,17
S017,K010V2,16,6,17
S017,R001V1,16,12,17
S017,R002V1,16,6,17
S017,R002V3,16,6,17
S017,R004V3,16,12,17
S017,R007V3,16,6,17
S017,R008V1,16,24,17
S017,R008V2,16,24,17
S017,R010V2,16,24,17
S017,Y001V1,16,24,17
S017,Y002V3,16,24,17
S017,B003,17,24,18
S017,B006,17,24,18
S017,S001,17,24,18
S017,S010,17,6,18
S017,K006,17,24,18
S017,K010,17,6,18
S017,R002,17,6,18
S017,R003,17,24,18
S017,R006,17,6,18
S017,A002,17,24,18
S017,A007,17,6,18
S017,B002V2,17,24,18
S017,B009V1,17,6,18
S017,B009V3,17,6,18
S017,S001V2,17,24,18
S017,S003V2,17,24,18
S017,S005V1,17,12,18
S017,S005V3,17,12,18
S017,S009V2,17,6,18
S017,K001V3,17,12,18
S017,K003V3,17,6,18
S017,K004V2,17,6,18
S017,K005V1,17,6,18
S017,K006V1,17,24,18
S017,K006V3,17,24,18
S017,K007V3,17,12,18
S017,R001V1,17,12,18
S017,R001V2,17,12,18
S017,R003V3,17,24,18
S017,R008V1,17,24,18
S017,R009V2,17,12,18
S017,Y002V3,17,24,18
S017,B010,18,6,19
S017,K003,18,6,19
S017,K005,18,6,19
S017,K006,18,24,19
S017,R006,18,6,19
S017,R009,18,12,19
S017,R010,18,24,19
S017,Y001,18,24,19
S017,Y004,18,6,19
S017,B001V3,18,24,19
S017,B002V2,18,24,19
S017,B005V3,18,12,19
S017,B007V2,18,24,19
S017,B010V3,18,6,19
S017,S001V2,18,24,19
S017,S001V3,18,24,19
S017,S005V3,18,12,19
S017,S009V2,18,6,19
S017,S009V3,18,6,19
S017,K002V1,18,24,19
S017,K003V3,18,6,19
S017,K005V1,18,6,19
S017,K006V2,18,24,19
S017,K007V1,18,12,19
S017,K008V2,18,6,19
S017,K009V2,18,6,19
S017,K010V2,18,6,19
S017,R001V1,18,12,19
S017,R002V1,18,6,19
S017,R003V3,18,24,19
S017,R005V3,18,12,19
S017,R006V3,18,6,19
S017,R008V3,18,24,19
S017,R010V3,18,24,19
S017,B005,19,12,20
S017,B006,19,24,20
S017,S001,19,24,20
S017,S010,19,6,20
S017,K003,19,6,20
S017,K005,19,6,20
S017,K009,19,6,20
S017,R005,19,12,20
S017,Y003,19,6,20
S017,A002,19,24,20
S017,B002V2,19,24,20
S017,B002V3,19,24,20
S017,B004V1,19,12,20
S017,B005V3,19,12,20
S017,B007V2,19,24,20
S017,S001V1,19,24,20
S017,S001V2,19,24,20
S017,S002V3,19,24,20
S017,S007V3,19,12,20
S017,S009V2,19,6,20
S017,K001V3,19,12,20
S017,K003V3,19,6,20
S017,K006V1,19,24,20
S017,K007V1,19,12,20
S017,K007V3,19,12,20
S017,K008V2,19,6,20
S017,K008V3,19,6,20
S017,R001V1,19,12,20
S017,R003V3,19,24,20
S017,R006V3,19,6,20
S017,R008V2,19,24,20
S017,R009V2,19,12,20
S017,R009V3,19,12,20
S017,R010V3,19,24,20
S017,Y001V1,19,24,20
S017,Y001V3,19,24,20
S017,S001,20,24,21
S017,K005,20,6,21
S017,K006,20,24,21
S017,R001,20,12,21
S017,R002,20,6,21
S017,R005,20,12,21
S017,R008,20,24,21
S017,Y004,20,6,21
S017,B002V2,20,24,21
S017,B005V1,20,12,21
S017,S001V1,20,24,21
S017,S001V2,20,24,21
S017,S005V1,20,12,21
S017,S005V3,20,12,21
S017,S006V2,20,6,21
S017,S009V2,20,6,21
S017,K002V2,20,24,21
S017,K004V2,20,6,21
S017,K005V2,20,6,21
S017,K007V3,20,12,21
S017,K008V3,20,6,21
S017,R001V1,20,12,21
S017,R002V1,20,6,21
S017,R003V3,20,24,21
S017,R004V1,20,12,21
S017,R004V2,20,12,21
S017,R005V3,20,12,21
S017,R006V3,20,6,21
S017,R008V1,20,24,21
S017,R010V2,20,24,21
S017,R010V3,20,24,21
S017,R001,21,12,22
S017,Y004,21,6,22
S017,B002V3,21,24,22
S017,B004V1,21,12,22
S017,B005V1,21,12,22
S017,B005V3,21,12,22
S017,B009V3,21,6,22
S017,S001V3,21,24,22
S017,S005V1,21,12,22
S017,S009V1,21,6,22
S017,S009V2,21,6,22
S017,S009V3,21,6,22
S017,K002V1,21,24,22
S017,R003V3,21,24,22
S017,R004V1,21,12,22
S017,R004V3,21,12,22
S017,R008V2,21,24,22
S017,R010V1,21,24,22
S017,R010V3,21,24,22
S017,Y001V2,21,24,22
S017,S005,22,12,23
S017,K006,22,24,23
S017,K010,22,6,23
S017,R002,22,6,23
S017,R003,22,24,23
S017,R009,22,12,23
S017,A001,22,6,23
S017,A006,22,6,23
S017,B001V3,22,24,23
S017,B005V3,22,12,23
S017,B007V1,22,24,23
S017,B009V2,22,6,23
S017,B009V3,22,6,23
S017,S001V1,22,24,23
S017,S004V1,22,12,23
S017,S004V3,22,12,23
S017,S005V1,22,12,23
S017,S006V3,22,6,23
S017,S007V2,22,12,23
S017,S009V1,22,6,23
S017,S009V2,22,6,23
S017,S010V1,22,6,23
S017,K002V2,22,24,23
S017,K003V2,22,6,23
S017,K005V1,22,6,23
S017,K007V1,22,12,23
S017,R001V1,22,12,23
S017,R001V3,22,12,23
S017,R002V1,22,6,23
S017,R003V2,22,24,23
S017,R005V1,22,12,23
S017,R006V3,22,6,23
S017,R008V3,22,24,23
S017,R009V3,22,12,23
S017,R010V2,22,24,23
S017,Y002V3,22,24,23
S017,B004,23,12,24
S017,B006,23,24,24
S017,S010,23,6,24
S017,K003,23,6,24
S017,R001,23,12,24
S017,R008,23,24,24
S017,R009,23,12,24
S017,B002V2,23,24,24
S017,B005V3,23,12,24
S017,B007V2,23,24,24
S017,B009V1,23,6,24
S017,B009V2,23,6,24
S017,B009V3,23,6,24
S017,B010V3,23,6,24
S017,S003V1,23,24,24
S017,S003V2,23,24,24
S017,S005V1,23,12,24
S017,S006V2,23,6,24
S017,S006V3,23,6,24
S017,S009V3,23,6,24
S017,K005V2,23,6,24
S017,K006V1,23,24,24
S017,K008V3,23,6,24
S017,K010V2,23,6,24
S017,R003V2,23,24,24
S017,R004V1,23,12,24
S017,R005V3,23,12,24
S017,R006V3,23,6,24
S017,R009V3,23,12,24
S017,B003,24,24,25
S017,B006,24,24,25
S017,S001,24,24,25
S017,S006,24,6,25
S017,S010,24,6,25
S017,K003,24,6,25
S017,K005,24,6,25
S017,K006,24,24,25
S017,R002,24,6,25
S017,R005,24,12,25
S017,Y001,24,24,25
S017,S001V3,24,24,25
S017,S003V1,24,24,25
S017,S003V2,24,24,25
S017,S004V1,24,12,25
S017,S005V1,24,12,25
S017,S006V2,24,6,25
S017,S006V3,24,6,25
S017,S007V2,24,12,25
S017,S009V2,24,6,25
S017,S009V3,24,6,25
S017,K004V2,24,6,25
S017,K005V2,24,6,25
S017,R001V1,24,12,25
S017,R002V1,24,6,25
S017,R003V2,24,24,25
S017,R003V3,24,24,25
S017,R004V1,24,12,25
S017,R006V3,24,6,25
S017,R009V3,24,12,25
S017,R010V3,24,24,25
S017,B006,25,24,26
S017,S005,25,12,26
S017,K003,25,6,26
S017,K005,25,6,26
S017,R005,25,12,26
S017,R010,25,24,26
S017,Y001,25,24,26
S017,A007,25,6,26
S017,B005V3,25,12,26
S017,B006V2,25,24,26
S017,S001V1,25,24,26
S017,S001V2,25,24,26
S017,S002V3,25,24,26
S017,S003V1,25,24,26
S017,S003V2,25,24,26
S017,S005V1,25,12,26
S017,S006V3,25,6,26
S017,S007V1,25,12,26
S017,S007V3,25,12,26
S017,S009V1,25,6,26
S017,S010V2,25,6,26
S017,K005V2,25,6,26
S017,K006V1,25,24,26
S017,R003V2,25,24,26
S017,R004V1,25,12,26
S017,R004V3,25,12,26
S017,R005V3,25,12,26
S017,R008V3,25,24,26
S017,R009V2,25,12,26
S017,R009V3,25,12,26
S017,B004,26,12,27
S017,B006,26,24,27
S017,B007,26,24,27
S017,S005,26,12,27
S017,S010,26,6,27
S017,K001,26,12,27
S017,K003,26,6,27
S017,R008,26,24,27
S017,R009,26,12,27
S017,Y001,26,24,27
S017,Y003,26,6,27
S017,A006,26,6,27
S017,B001V3,26,24,27
S017,B002V1,26,24,27
S017,B002V2,26,24,27
S017,B004V1,26,12,27
S017,B006V1,26,24,27
S017,B006V2,26,24,27
S017,B007V2,26,24,27
S017,B007V3,26,24,27
S017,B008V1,26,24,27
S017,B009V2,26,6,27
S017,B009V3,26,6,27
S017,S001V3,26,24,27
S017,S005V1,26,12,27
S017,S006V2,26,6,27
S017,S007V2,26,12,27
S017,S007V3,26,12,27
S017,S009V2,26,6,27
S017,S009V3,26,6,27
S017,K001V2,26,12,27
S017,K003V2,26,6,27
S017,K005V1,26,6,27
S017,K005V2,26,6,27
S017,K007V1,26,12,27
S017,K010V2,26,6,27
S017,R001V1,26,12,27
S017,R002V3,26,6,27
S017,R003V2,26,24,27
S017,R004V1,26,12,27
S017,R004V3,26,12,27
S017,R005V1,26,12,27
S017,R008V3,26,24,27
S017,R009V3,26,12,27
S017,R010V2,26,24,27
S017,R010V3,26,24,27
S017,Y001V1,26,24,27
S017,Y002V2,26,24,27
S017,B004,27,12,28
S017,B007,27,24,28
S017,S005,27,12,28
S017,S010,27,6,28
S017,K003,27,6,28
S017,K005,27,6,28
S017,K006,27,24,28
S017,R009,27,12,28
S017,A001,27,6,28
S017,B002V2,27,24,28
S017,B005V3,27,12,28
S017,B006V1,27,24,28
S017,B009V3,27,6,28
S017,B010V3,27,6,28
S017,S001V2,27,24,28
S017,S001V3,27,24,28
S017,S003V1,27,24,28
S017,S004V3,27,12,28
S017,S006V3,27,6,28
S017,S007V2,27,12,28
S017,S009V3,27,6,28
S017,K004V2,27,6,28
S017,K005V2,27,6,28
S017,K006V1,27,24,28
S017,K006V3,27,24,28
S017,K010V2,27,6,28
S017,R002V3,27,6,28
S017,R003V2,27,24,28
S017,R003V3,27,24,28
S017,R005V1,27,12,28
S017,R006V3,27,6,28
S017,R007V3,27,6,28
S017,R009V3,27,12,28
S017,Y002V3,27,24,28
S017,S002,28,24,29
S017,K001,28,12,29
S017,K003,28,6,29
S017,K005,28,6,29
S017,K006,28,24,29
S017,R003,28,24,29
S017,Y004,28,6,29
S017,Y005,28,12,29
S017,A002,28,24,29
S017,B002V1,28,24,29
S017,B004V1,28,12,29
S017,B006V1,28,24,29
S017,B007V1,28,24,29
S017,B009V2,28,6,29
S017,B010V3,28,6,29
S017,S001V3,28,24,29
S017,S002V3,28,24,29
S017,S003V2,28,24,29
S017,S005V1,28,12,29
S017,S006V2,28,6,29
S017,S007V2,28,12,29
S017,S009V2,28,6,29
S017,S009V3,28,6,29
S017,K003V2,28,6,29
S017,K003V3,28,6,29
S017,K009V2,28,6,29
S017,K010V2,28,6,29
S017,R001V1,28,12,29
S017,R001V2,28,12,29
S017,R002V1,28,6,29
S017,R003V2,28,24,29
S017,R005V1,28,12,29
S017,R006V3,28,6,29
S017,R008V1,28,24,29
S017,Y001V1,28,24,29
S017,Y001V2,28,24,29
S017,B004,29,12,30
S017,S005,29,12,30
S017,K005,29,6,30
S017,R002,29,6,30
S017,R005,29,12,30
S017,R008,29,24,30
S017,R009,29,12,30
S017,R010,29,24,30
S017,A005,29,6,30
S017,B001V3,29,24,30
S017,B006V1,29,24,30
S017,B006V3,29,24,30
S017,B008V1,29,24,30
S017,B009V2,29,6,30
S017,B009V3,29,6,30
S017,S001V3,29,24,30
S017,S005V1,29,12,30
S017,S006V3,29,6,30
S017,S009V1,29,6,30
S017,S009V2,29,6,30
S017,K007V3,29,12,30
S017,K009V2,29,6,30
S017,R001V1,29,12,30
S017,R002V3,29,6,30
S017,R003V2,29,24,30
S017,R003V3,29,24,30
S017,R004V2,29,12,30
S017,R008V2,29,24,30
S017,R009V2,29,12,30
S017,R009V3,29,12,30
S017,Y001V2,29,24,30
S017,Y002V2,29,24,30
S017,B004,30,12,31
S017,B007,30,24,31
S017,S002,30,24,31
S017,S005,30,12,31
S017,K009,30,6,31
S017,R009,30,12,31
S017,R010,30,24,31
S017,Y001,30,24,31
S017,Y005,30,12,31
S017,A001,30,6,31
S017,A006,30,6,31
S017,B002V2,30,24,31
S017,B006V1,30,24,31
S017,B009V3,30,6,31
S017,B010V3,30,6,31
S017,S001V1,30,24,31
S017,S001V2,30,24,31
S017,S001V3,30,24,31
S017,S002V3,30,24,31
S017,S003V2,30,24,31
S017,S004V3,30,12,31
S017,S005V1,30,12,31
S017,S007V3,30,12,31
S017,S009V2,30,6,31
S017,S009V3,30,6,31
S017,K008V2,30,6,31
S017,K009V2,30,6,31
S017,K010V1,30,6,31
S017,K010V2,30,6,31
S017,R001V1,30,12,31
S017,R002V3,30,6,31
S017,R006V3,30,6,31
S017,R008V1,30,24,31
S017,R009V2,30,12,31
S017,R010V1,30,24,31
S017,R010V2,30,24,31
S017,R010V3,30,24,31
S017,Y001V1,30,24,31
S017,B006,31,24,32
S017,B010,31,6,32
S017,S002,31,24,32
S017,S005,31,12,32
S017,K005,31,6,32
S017,R002,31,6,32
S017,R008,31,24,32
S017,B001V1,31,24,32
S017,B002V1,31,24,32
S017,B003V2,31,24,32
S017,B004V1,31,12,32
S017,B008V1,31,24,32
S017,B009V2,31,6,32
S017,B009V3,31,6,32
S017,S001V1,31,24,32
S017,S001V2,31,24,32
S017,S001V3,31,24,32
S017,S002V3,31,24,32
S017,S004V1,31,12,32
S017,S005V1,31,12,32
S017,S005V3,31,12,32
S017,S006V2,31,6,32
S017,S006V3,31,6,32
S017,S007V3,31,12,32
S017,S009V2,31,6,32
S017,K001V2,31,12,32
S017,K004V2,31,6,32
S017,K005V2,31,6,32
S017,K006V1,31,24,32
S017,K007V1,31,12,32
S017,K010V1,31,6,32
S017,R001V1,31,12,32
S017,R003V3,31,24,32
S017,R004V2,31,12,32
S017,R005V1,31,12,32
S017,R007V2,31,6,32
S017,R007V3,31,6,32
S017,R008V1,31,24,32
S017,R008V3,31,24,32
S017,R010V2,31,24,32
S017,Y002V3,31,24,32
S017,B010,32,6,33
S017,S001,32,24,33
S017,S005,32,12,33
S017,S010,32,6,33
S017,K003,32,6,33
S017,K009,32,6,33
S017,R001,32,12,33
S017,R003,32,24,33
S017,R005,32,12,33
S017,R008,32,24,33
S017,Y004,32,6,33
S017,A002,32,24,33
S017,A007,32,6,33
S017,B001V1,32,24,33
S017,B002V2,32,24,33
S017,B002V3,32,24,33
S017,B005V1,32,12,33
S017,B007V1,32,24,33
S017,B008V1,32,24,33
S017,S001V2,32,24,33
S017,S001V3,32,24,33
S017,S003V2,32,24,33
S017,S004V1,32,12,33
S017,S005V1,32,12,33
S017,S005V2,32,12,33
S017,S009V2,32,6,33
S017,K002V1,32,24,33
S017,K007V1,32,12,33
S017,K009V2,32,6,33
S017,K010V1,32,6,33
S017,K010V2,32,6,33
S017,R001V1,32,12,33
S017,R002V1,32,6,33
S017,R003V2,32,24,33
S017,R004V1,32,12,33
S017,R004V3,32,12,33
S017,R005V3,32,12,33
S017,R007V3,32,6,33
S017,B003,33,24,34
S017,S001,33,24,34
S017,S002,33,24,34
S017,S010,33,6,34
S017,K001,33,12,34
S017,K005,33,6,34
S017,K006,33,24,34
S017,R001,33,12,34
S017,R003,33,24,34
S017,R005,33,12,34
S017,R006,33,6,34
S017,A006,33,6,34
S017,B001V2,33,24,34
S017,B001V3,33,24,34
S017,B002V1,33,24,34
S017,B002V3,33,24,34
S017,B003V2,33,24,34
S017,B005V1,33,12,34
S017,B006V1,33,24,34
S017,B006V2,33,24,34
S017,B007V1,33,24,34
S017,B007V2,33,24,34
S017,B009V3,33,6,34
S017,S001V1,33,24,34
S017,S003V1,33,24,34
S017,S004V3,33,12,34
S017,S005V1,33,12,34
S017,S005V2,33,12,34
S017,S007V3,33,12,34
S017,S009V1,33,6,34
S017,K002V1,33,24,34
S017,K003V2,33,6,34
S017,K003V3,33,6,34
S017,K005V2,33,6,34
S017,K006V1,33,24,34
S017,K006V3,33,24,34
S017,K008V3,33,6,34
S017,K009V2,33,6,34
S017,K010V1,33,6,34
S017,R001V1,33,12,34
S017,R002V1,33,6,34
S017,R003V2,33,24,34
S017,R003V3,33,24,34
S017,R004V2,33,12,34
S017,R005V1,33,12,34
S017,R006V3,33,6,34
S017,R007V3,33,6,34
S017,Y002V2,33,24,34
S017,Y002V3,33,24,34
S017,B003,34,24,35
S017,B004,34,12,35
S017,B010,34,6,35
S017,S002,34,24,35
S017,S004,34,12,35
S017,K001,34,12,35
S017,K005,34,6,35
S017,R003,34,24,35
S017,Y001,34,24,35
S017,B001V1,34,24,35
S017,B001V2,34,24,35
S017,B001V3,34,24,35
S017,B002V1,34,24,35
S017,B002V2,34,24,35
S017,B002V3,34,24,35
S017,B004V1,34,12,35
S017,B008V1,34,24,35
S017,B009V1,34,6,35
S017,S001V1,34,24,35
S017,S003V1,34,24,35
S017,S003V2,34,24,35
S017,S004V1,34,12,35
S017,S004V3,34,12,35
S017,S005V2,34,12,35
S017,S005V3,34,12,35
S017,S007V1,34,12,35
S017,S007V3,34,12,35
S017,S009V2,34,6,35
S017,K002V1,34,24,35
S017,K005V1,34,6,35
S017,K007V1,34,12,35
S017,K008V3,34,6,35
S017,K010V1,34,12,35
S017,K010V2,34,6,35
S017,R001V1,34,12,35
S017,R002V1,34,6,35
S017,R003V2,34,24,35
S017,R003V3,34,24,35
S017,R006V3,34,6,35
S017,R007V3,34,6,35
S017,Y001V2,34,24,35
S017,B002,35,24,36
S017,S001,35,24,36
S017,S004,35,12,36
S017,K003,35,6,36
S017,K005,35,6,36
S017,K006,35,24,36
S017,R001,35,12,36
S017,R002,35,6,36
S017,R009,35,12,36
S017,Y001,35,24,36
S017,Y005,35,12,36
S017,A004,35,6,36
S017,A006,35,6,36
S017,A007,35,6,36
S017,B001V2,35,24,36
S017,B002V2,35,24,36
S017,B005V1,35,12,36
S017,B007V1,35,24,36
S017,B007V2,35,24,36
S017,B009V3,35,6,36
S017,S001V1,35,24,36
S017,S001V2,35,24,36
S017,S003V1,35,24,36
S017,S004V3,35,12,36
S017,S005V1,35,12,36
S017,S005V2,35,12,36
S017,S005V3,35,12,36
S017,S006V2,35,6,36
S017,S007V1,35,12,36
S017,S009V2,35,6,36
S017,K002V1,35,24,36
S017,K003V2,35,6,36
S017,K005V1,35,6,36
S017,K008V2,35,6,36
S017,K009V2,35,6,36
S017,R001V1,35,12,36
S017,R003V2,35,24,36
S017,R003V3,35,24,36
S017,R006V3,35,6,36
S017,R008V2,35,24,36
S017,R009V3,35,12,36
S017,Y001V2,35,24,36
S017,K001,36,12,37
S017,K003,36,6,37
S017,K005,36,6,37
S017,R001,36,12,37
S017,R003,36,24,37
S017,R006,36,6,37
S017,R008,36,24,37
S017,Y003,36,6,37
S017,A002,36,24,37
S017,A004,36,6,37
S017,A008,36,12,37
S017,B001V3,36,24,37
S017,B002V1,36,24,37
S017,B002V3,36,24,37
S017,B005V1,36,12,37
S017,B006V1,36,24,37
S017,B006V2,36,24,37
S017,B007V3,36,24,37
S017,B009V3,36,6,37
S017,B010V3,36,6,37
S017,S001V1,36,24,37
S017,S003V1,36,24,37
S017,S004V1,36,12,37
S017,S005V1,36,12,37
S017,S006V3,36,6,37
S017,S009V2,36,6,37
S017,K002V1,36,24,37
S017,K003V3,36,6,37
S017,K004V2,36,6,37
S017,K005V1,36,6,37
S017,K006V1,36,24,37
S017,K006V3,36,24,37
S017,K008V2,36,6,37
S017,K010V1,36,6,37
S017,R001V1,36,12,37
S017,R001V2,36,12,37
S017,R002V1,36,6,37
S017,R005V3,36,12,37
S017,R006V3,36,6,37
S017,R009V2,36,12,37
S017,Y001V1,36,24,37
S017,Y002V2,36,24,37
S017,B002,37,24,38
S017,B004,37,12,38
S017,B006,37,24,38
S017,S001,37,24,38
S017,S002,37,24,38
S017,S004,37,12,38
S017,S010,37,6,38
S017,K003,37,6,38
S017,K005,37,6,38
S017,R001,37,12,38
S017,R002,37,6,38
S017,R003,37,24,38
S017,R005,37,12,38
S017,Y001,37,24,38
S017,A006,37,6,38
S017,B001V3,37,24,38
S017,B002V2,37,24,38
S017,B002V3,37,24,38
S017,B004V1,37,12,38
S017,B005V1,37,12,38
S017,B007V1,37,24,38
S017,B007V2,37,24,38
S017,S001V3,37,24,38
S017,S004V3,37,12,38
S017,S007V2,37,12,38
S017,S009V2,37,6,38
S017,S009V3,37,6,38
S017,K003V2,37,6,38
S017,K003V3,37,6,38
S017,K004V2,37,6,38
S017,K005V2,37,6,38
S017,K006V3,37,24,38
S017,K009V1,37,6,38
S017,K009V2,37,6,38
S017,R002V3,37,6,38
S017,R005V3,37,12,38
S017,R008V1,37,24,38
S017,R009V2,37,12,38
S017,B003,38,24,39
S017,B004,38,12,39
S017,S004,38,12,39
S017,S005,38,12,39
S017,K003,38,6,39
S017,K005,38,6,39
S017,K009,38,6,39
S017,R002,38,6,39
S017,R003,38,24,39
S017,R008,38,24,39
S017,R010,38,24,39
S017,B001V1,38,24,39
S017,B003V2,38,24,39
S017,B006V1,38,24,39
S017,B007V2,38,24,39
S017,B009V2,38,6,39
S017,B009V3,38,6,39
S017,S003V1,38,24,39
S017,S004V1,38,12,39
S017,S005V2,38,12,39
S017,S005V3,38,12,39
S017,S006V3,38,6,39
S017,S009V2,38,6,39
S017,K003V3,38,6,39
S017,K006V3,38,24,39
S017,K007V1,38,12,39
S017,K008V3,38,6,39
S017,K009V1,38,6,39
S017,K009V2,38,6,39
S017,K010V2,38,6,39
S017,R001V1,38,12,39
S017,R001V2,38,12,39
S017,R003V3,38,24,39
S017,R005V1,38,12,39
S017,R005V3,38,12,39
S017,R006V3,38,6,39
S017,R007V3,38,6,39
S017,R008V1,38,24,39
S017,R008V3,38,24,39
S017,B002,39,24,40
S017,B004,39,12,40
S017,S001,39,24,40
S017,S005,39,12,40
S017,K001,39,12,40
S017,K005,39,6,40
S017,R003,39,24,40
S017,R007,39,6,40
S017,B001V3,39,24,40
S017,B003V2,39,24,40
S017,B004V1,39,12,40
S017,B005V3,39,12,40
S017,B009V1,39,6,40
S017,B009V2,39,6,40
S017,B009V3,39,6,40
S017,S001V1,39,24,40
S017,S003V1,39,24,40
S017,S003V2,39,24,40
S017,S005V1,39,12,40
S017,S006V3,39,6,40
S017,S007V2,39,12,40
S017,S009V2,39,6,40
S017,K003V3,39,6,40
S017,K005V2,39,6,40
S017,K007V1,39,12,40
S017,K007V3,39,12,40
S017,K008V2,39,6,40
S017,K008V3,39,6,40
S017,K009V2,39,6,40
S017,R001V3,39,12,40
S017,R002V1,39,6,40
S017,R002V3,39,6,40
S017,R003V2,39,24,40
S017,R004V1,39,12,40
S017,R006V3,39,6,40
S017,R007V3,39,6,40
S017,R008V1,39,24,40
S017,R008V3,39,24,40
S017,R009V2,39,12,40
S017,R009V3,39,12,40
S017,Y002V2,39,24,40
S017,B002,40,24,41
S017,B003,40,24,41
S017,B004,40,12,41
S017,B010,40,6,41
S017,S001,40,24,41
S017,K001,40,12,41
S017,K005,40,6,41
S017,K009,40,6,41
S017,R001,40,12,41
S017,A007,40,6,41
S017,B001V1,40,24,41
S017,B003V2,40,24,41
S017,B005V3,40,12,41
S017,B007V2,40,24,41
S017,B009V3,40,6,41
S017,S001V2,40,24,41
S017,S001V3,40,24,41
S017,S004V3,40,12,41
S017,S005V1,40,12,41
S017,S006V2,40,6,41
S017,S006V3,40,6,41
S017,S009V2,40,6,41
S017,K002V1,40,24,41
S017,K008V2,40,6,41
S017,K009V1,40,6,41
S017,K010V2,40,6,41
S017,R001V1,40,12,41
S017,R002V1,40,6,41
S017,R002V3,40,6,41
S017,R003V3,40,24,41
S017,R004V2,40,12,41
S017,R005V1,40,12,41
S017,R005V3,40,12,41
S017,R006V3,40,6,41
S017,R009V3,40,12,41
S017,B002,41,24,42
S017,B003,41,24,42
S017,B004,41,12,42
S017,B007,41,24,42
S017,S001,41,24,42
S017,S002,41,24,42
S017,S005,41,12,42
S017,K009,41,6,42
S017,R001,41,12,42
S017,R002,41,6,42
S017,R005,41,12,42
S017,Y001,41,24,42
S017,Y003,41,6,42
S017,Y004,41,6,42
S017,A001,41,6,42
S017,A006,41,6,42
S017,B002V3,41,24,42
S017,B007V2,41,24,42
S017,S001V1,41,24,42
S017,S009V2,41,6,42
S017,K002V1,41,24,42
S017,K004V2,41,6,42
S017,K006V2,41,24,42
S017,K007V1,41,12,42
S017,K007V3,41,12,42
S017,K008V2,41,6,42
S017,K009V1,41,6,42
S017,K009V2,41,6,42
S017,R001V1,41,12,42
S017,R002V1,41,6,42
S017,R003V3,41,24,42
S017,R004V1,41,12,42
S017,R004V3,41,12,42
S017,R005V1,41,12,42
S017,R006V3,41,6,42
S017,R008V1,41,24,42
S017,Y001V2,41,24,42
S017,B007,42,24,43
S017,S002,42,24,43
S017,S004,42,12,43
S017,S010,42,6,43
S017,K005,42,6,43
S017,K009,42,6,43
S017,K010,42,6,43
S017,R001,42,12,43
S017,R003,42,24,43
S017,R007,42,6,43
S017,R008,42,24,43
S017,R009,42,12,43
S017,Y001,42,24,43
S017,A006,42,6,43
S017,B001V3,42,24,43
S017,B005V3,42,12,43
S017,B006V1,42,24,43
S017,B007V1,42,24,43
S017,B007V2,42,24,43
S017,B008V1,42,24,43
S017,B009V1,42,6,43
S017,B009V3,42,6,43
S017,B010V3,42,6,43
S017,S002V3,42,24,43
S017,S003V1,42,24,43
S017,S004V1,42,12,43
S017,S005V1,42,12,43
S017,S007V3,42,12,43
S017,S009V2,42,6,43
S017,K002V1,42,24,43
S017,K006V3,42,24,43
S017,K007V1,42,12,43
S017,K009V2,42,6,43
S017,R001V1,42,12,43
S017,R002V1,42,6,43
S017,R003V2,42,24,43
S017,R005V1,42,12,43
S017,R006V3,42,6,43
S017,R009V3,42,12,43
S017,Y002V2,42,24,43
S017,B003,43,24,44
S017,B006,43,24,44
S017,S001,43,24,44
S017,S002,43,24,44
S017,S010,43,6,44
S017,K001,43,12,44
S017,K005,43,6,44
S017,R001,43,12,44
S017,R005,43,12,44
S017,R008,43,24,44
S017,R009,43,12,44
S017,Y001,43,24,44
S017,A008,43,12,44
S017,B001V3,43,24,44
S017,B002V3,43,24,44
S017,B006V2,43,24,44
S017,B007V1,43,24,44
S017,B007V2,43,24,44
S017,B008V1,43,24,44
S017,B009V3,43,6,44
S017,S001V2,43,24,44
S017,S002V3,43,24,44
S017,S004V1,43,12,44
S017,S005V1,43,12,44
S017,S005V2,43,12,44
S017,S009V2,43,6,44
S017,K003V2,43,6,44
S017,K004V2,43,6,44
S017,K006V3,43,24,44
S017,K009V2,43,6,44
S017,R001V1,43,12,44
S017,R002V1,43,6,44
S017,R003V2,43,24,44
S017,R003V3,43,24,44
S017,R004V1,43,12,44
S017,R004V2,43,12,44
S017,R005V1,43,12,44
S017,R005V3,43,12,44
S017,R006V3,43,6,44
S017,R008V3,43,24,44
S017,R009V3,43,12,44
S017,R010V2,43,24,44
S017,Y002V2,43,24,44
S017,Y002V3,43,24,44
S017,B002,44,24,45
S017,B006,44,24,45
S017,B007,44,24,45
S017,S001,44,24,45
S017,K003,44,6,45
S017,R003,44,24,45
S017,R005,44,12,45
S017,Y001,44,24,45
S017,A004,44,6,45
S017,B001V3,44,24,45
S017,B004V1,44,12,45
S017,B006V1,44,24,45
S017,B006V3,44,24,45
S017,B008V1,44,24,45
S017,B008V3,44,24,45
S017,B009V2,44,6,45
S017,B010V3,44,6,45
S017,S001V1,44,24,45
S017,S001V2,44,24,45
S017,S004V3,44,12,45
S017,S005V1,44,12,45
S017,S009V3,44,6,45
S017,K001V2,44,12,45
S017,K005V1,44,6,45
S017,K006V3,44,24,45
S017,K007V1,44,12,45
S017,K007V3,44,12,45
S017,K009V2,44,6,45
S017,R001V1,44,12,45
S017,R001V2,44,12,45
S017,R001V3,44,12,45
S017,R003V3,44,24,45
S017,R004V1,44,12,45
S017,R008V3,44,24,45
S017,R009V3,44,12,45
S017,Y002V2,44,24,45
S017,Y002V3,44,24,45
S017,B006,45,24,46
S017,S001,45,24,46
S017,S010,45,6,46
S017,K005,45,6,46
S017,K006,45,24,46
S017,K010,45,6,46
S017,R001,45,12,46
S017,R003,45,24,46
S017,R008,45,24,46
S017,A006,45,6,46
S017,B001V3,45,24,46
S017,B002V2,45,24,46
S017,B002V3,45,24,46
S017,B009V3,45,6,46
S017,B010V3,45,6,46
S017,S001V1,45,24,46
S017,S001V2,45,24,46
S017,S003V2,45,24,46
S017,S004V1,45,12,46
S017,S005V1,45,12,46
S017,S006V2,45,6,46
S017,S006V3,45,6,46
S017,S007V3,45,12,46
S017,S009V3,45,6,46
S017,K005V2,45,6,46
S017,K009V1,45,6,46
S017,R001V1,45,12,46
S017,R010V2,45,24,46
S017,Y001V3,45,24,46
S017,Y002V2,45,24,46
S017,B006,46,24,47
S017,B007,46,24,47
S017,B010,46,6,47
S017,S002,46,24,47
S017,K005,46,6,47
S017,R006,46,6,47
S017,A006,46,6,47
S017,B004V1,46,12,47
S017,B006V2,46,24,47
S017,B007V2,46,24,47
S017,B009V3,46,6,47
S017,S001V2,46,24,47
S017,S004V1,46,12,47
S017,S005V3,46,12,47
S017,S007V3,46,12,47
S017,K003V3,46,6,47
S017,K006V3,46,24,47
S017,K007V1,46,12,47
S017,K009V2,46,6,47
S017,R002V1,46,6,47
S017,R003V2,46,24,47
S017,R004V1,46,12,47
S017,R004V2,46,12,47
S017,R004V3,46,12,47
S017,R006V1,46,6,47
S017,R006V3,46,6,47
S017,R008V1,46,24,47
S017,R008V3,46,24,47
S017,R009V3,46,12,47
S017,R010V2,46,24,47
S017,Y002V2,46,24,47
S017,Y002V3,46,24,47
S017,B008,47,24,48
S017,B010,47,6,48
S017,S001,47,24,48
S017,K005,47,6,48
S017,K009,47,6,48
S017,R009,47,12,48
S017,R010,47,24,48
S017,Y003,47,6,48
S017,A008,47,12,48
S017,B007V2,47,24,48
S017,B007V3,47,24,48
S017,B009V3,47,6,48
S017,S001V1,47,24,48
S017,S005V1,47,12,48
S017,S006V2,47,6,48
S017,S006V3,47,6,48
S017,S009V2,47,6,48
S017,S009V3,47,6,48
S017,K002V3,47,24,48
S017,K005V1,47,6,48
S017,K006V1,47,24,48
S017,K006V3,47,24,48
S017,K009V1,47,6,48
S017,K009V2,47,6,48
S017,K010V2,47,6,48
S017,R001V1,47,12,48
S017,R001V2,47,12,48
S017,R001V3,47,12,48
S017,R004V1,47,12,48
S017,R007V3,47,6,48
S017,B007,48,24,49
S017,K005,48,6,49
S017,K006,48,24,49
S017,R006,48,6,49
S017,R008,48,24,49
S017,R010,48,24,49
S017,A006,48,6,49
S017,B001V3,48,24,49
S017,B007V2,48,24,49
S017,B008V1,48,24,49
S017,B008V3,48,24,49
S017,B009V3,48,6,49
S017,B010V3,48,6,49
S017,S001V1,48,24,49
S017,S001V3,48,24,49
S017,S004V1,48,12,49
S017,S005V3,48,12,49
S017,S007V3,48,12,49
S017,S009V2,48,6,49
S017,S009V3,48,6,49
S017,K009V2,48,6,49
S017,R001V1,48,12,49
S017,R001V2,48,12,49
S017,R002V1,48,6,49
S017,R003V3,48,24,49
S017,R004V1,48,12,49
S017,R004V2,48,12,49
S017,R006V3,48,6,49
S017,R009V2,48,12,49
S017,Y002V2,48,24,49
S017,B004,49,12,50
S017,B007,49,24,50
S017,K003,49,6,50
S017,K010,49,6,50
S017,R001,49,12,50
S017,R009,49,12,50
S017,Y003,49,6,50
S017,Y004,49,6,50
S017,A001,49,6,50
S017,B006V1,49,24,50
S017,B008V1,49,24,50
S017,S003V1,49,24,50
S017,S005V3,49,12,50
S017,S007V2,49,12,50
S017,S009V2,49,6,50
S017,K006V1,49,24,50
S017,K007V1,49,12,50
S017,K009V1,49,6,50
S017,K009V2,49,6,50
S017,R001V1,49,12,50
S017,R002V3,49,6,50
S017,R003V2,49,24,50
S017,R004V2,49,12,50
S017,R006V3,49,6,50
S017,R008V3,49,24,50
S017,B002,50,24,51
S017,B003,50,24,51
S017,B006,50,24,51
S017,S002,50,24,51
S017,S007,50,12,51
S017,S010,50,6,51
S017,K001,50,12,51
S017,K006,50,24,51
S017,R003,50,24,51
S017,R005,50,12,51
S017,R010,50,24,51
S017,A008,50,12,51
S017,B001V3,50,24,51
S017,B007V1,50,24,51
S017,B009V3,50,6,51
S017,B010V3,50,6,51
S017,S001V2,50,24,51
S017,S002V3,50,24,51
S017,S003V1,50,24,51
S017,S005V1,50,12,51
S017,S007V3,50,12,51
S017,S009V2,50,6,51
S017,K002V1,50,24,51
S017,K003V2,50,6,51
S017,K004V2,50,6,51
S017,R001V2,50,12,51
S017,R002V1,50,6,51
S017,R003V3,50,24,51
S017,R006V3,50,6,51
S017,Y002V3,50,24,51
S017,B001,51,24,52
S017,S010,51,6,52
S017,K005,51,6,52
S017,K008,51,6,52
S017,K010,51,6,52
S017,R005,51,12,52
S017,R009,51,12,52
S017,Y004,51,6,52
S017,A002,51,24,52
S017,A003,51,24,52
S017,A006,51,6,52
S017,B001V1,51,24,52
S017,B002V2,51,24,52
S017,B006V2,51,24,52
S017,B008V2,51,24,52
S017,B009V3,51,6,52
S017,S001V2,51,24,52
S017,S001V3,51,24,52
S017,S003V1,51,24,52
S017,S004V1,51,12,52
S017,S004V3,51,12,52
S017,S005V1,51,12,52
S017,S005V3,51,12,52
S017,S006V3,51,6,52
S017,S007V2,51,12,52
S017,S007V3,51,12,52
S017,S009V2,51,6,52
S017,K002V3,51,24,52
S017,K004V2,51,6,52
S017,R003V3,51,24,52
S017,R004V3,51,12,52
S017,R008V1,51,24,52
S017,R009V3,51,12,52
S018,B006,1,24,2
S018,B009,1,6,2
S018,S002,1,24,2
S018,S004,1,12,2
S018,S005,1,12,2
S018,S007,1,12,2
S018,S009,1,6,2
S018,K004,1,12,2
S018,R002,1,6,2
S018,R003,1,24,2
S018,R009,1,12,2
S018,Y003,1,6,2
S018,B003V1,1,24,2
S018,B005V3,1,12,2
S018,B006V1,1,24,2
S018,B007V1,1,24,2
S018,S002V1,1,24,2
S018,S003V2,1,24,2
S018,S004V2,1,12,2
S018,S005V1,1,24,2
S018,S005V2,1,12,2
S018,S006V1,1,6,2
S018,S007V2,1,12,2
S018,S009V1,1,6,2
S018,S009V2,1,6,2
S018,K001V1,1,36,2
S018,K004V3,1,18,2
S018,K006V3,1,24,2
S018,K008V2,1,6,2
S018,K009V1,1,6,2
S018,K009V2,1,6,2
S018,K010V2,1,6,2
S018,R001V1,1,36,2
S018,R001V2,1,12,2
S018,R002V3,1,6,2
S018,R003V2,1,24,2
S018,R004V1,1,12,2
S018,R008V1,1,24,2
S018,R009V1,1,12,2
S018,Y001V2,1,24,2
S018,Y002V2,1,24,2
S018,B005,2,12,3
S018,S001,2,24,3
S018,S003,2,24,3
S018,S008,2,6,3
S018,K001,2,12,3
S018,K002,2,24,3
S018,K003,2,6,3
S018,K004,2,6,3
S018,R001,2,12,3
S018,R006,2,6,3
S018,R008,2,24,3
S018,R009,2,12,3
S018,A003,2,24,3
S018,B001V2,2,24,3
S018,B001V3,2,24,3
S018,B007V1,2,24,3
S018,B009V2,2,6,3
S018,S001V2,2,24,3
S018,S003V1,2,24,3
S018,S005V1,2,12,3
S018,S006V1,2,6,3
S018,S007V3,2,12,3
S018,S008V2,2,6,3
S018,S009V1,2,6,3
S018,S009V2,2,6,3
S018,S009V3,2,6,3
S018,K001V1,2,36,3
S018,K002V1,2,24,3
S018,K003V2,2,6,3
S018,K004V3,2,24,3
S018,K005V1,2,6,3
S018,K006V3,2,24,3
S018,K007V1,2,12,3
S018,K007V2,2,12,3
S018,K009V2,2,12,3
S018,R001V1,2,36,3
S018,R002V1,2,6,3
S018,R002V2,2,6,3
S018,R004V1,2,12,3
S018,R006V3,2,6,3
S018,R010V3,2,24,3
S018,B003,3,24,4
S018,S004,3,12,4
S018,S005,3,12,4
S018,S009,3,6,4
S018,K004,3,12,4
S018,R001,3,12,4
S018,R006,3,6,4
S018,R009,3,12,4
S018,Y004,3,6,4
S018,A002,3,24,4
S018,B002V2,3,24,4
S018,B005V2,3,12,4
S018,B005V3,3,12,4
S018,B006V1,3,24,4
S018,B007V1,3,24,4
S018,S002V1,3,24,4
S018,S002V3,3,24,4
S018,S005V1,3,24,4
S018,S005V2,3,12,4
S018,S009V2,3,6,4
S018,K001V1,3,24,4
S018,K003V2,3,6,4
S018,K004V3,3,30,4
S018,K006V3,3,24,4
S018,K009V2,3,12,4
S018,R001V1,3,24,4
S018,R002V1,3,6,4
S018,R002V2,3,6,4
S018,R003V2,3,24,4
S018,R005V1,3,12,4
S018,R005V3,3,12,4
S018,R006V1,3,6,4
S018,R006V3,3,6,4
S018,R009V3,3,12,4
S018,B003,4,24,5
S018,S004,4,12,5
S018,K001,4,12,5
S018,K004,4,12,5
S018,R001,4,12,5
S018,R002,4,6,5
S018,Y005,4,12,5
S018,B001V2,4,24,5
S018,B002V2,4,24,5
S018,B005V2,4,12,5
S018,B007V1,4,24,5
S018,B009V2,4,6,5
S018,S002V3,4,24,5
S018,S004V2,4,12,5
S018,S005V1,4,12,5
S018,S007V3,4,12,5
S018,S008V2,4,6,5
S018,S008V3,4,6,5
S018,S009V2,4,6,5
S018,S010V2,4,6,5
S018,K001V1,4,36,5
S018,K002V1,4,24,5
S018,K004V3,4,18,5
S018,K006V3,4,24,5
S018,K007V2,4,12,5
S018,K009V2,4,12,5
S018,R001V1,4,12,5
S018,R002V2,4,6,5
S018,R002V3,4,6,5
S018,R003V2,4,24,5
S018,R004V1,4,12,5
S018,R005V2,4,12,5
S018,R008V3,4,24,5
S018,Y001V1,4,24,5
S018,Y002V2,4,24,5
S018,B001,5,24,6
S018,B006,5,24,6
S018,S002,5,24,6
S018,S003,5,24,6
S018,S004,5,12,6
S018,S007,5,12,6
S018,S008,5,6,6
S018,S010,5,6,6
S018,K004,5,12,6
S018,R003,5,24,6
S018,R009,5,12,6
S018,Y001,5,24,6
S018,Y004,5,6,6
S018,A003,5,24,6
S018,A004,5,6,6
S018,B001V3,5,24,6
S018,B002V2,5,24,6
S018,B003V2,5,24,6
S018,B005V1,5,12,6
S018,B009V1,5,6,6
S018,S001V2,5,24,6
S018,S002V1,5,24,6
S018,S002V3,5,24,6
S018,S003V1,5,24,6
S018,S005V1,5,12,6
S018,S006V1,5,6,6
S018,S007V2,5,12,6
S018,S007V3,5,12,6
S018,S008V2,5,6,6
S018,S009V1,5,6,6
S018,K001V1,5,36,6
S018,K002V1,5,24,6
S018,K004V3,5,24,6
S018,K006V3,5,24,6
S018,K007V2,5,12,6
S018,K009V1,5,6,6
S018,K009V2,5,6,6
S018,R001V1,5,24,6
S018,R002V2,5,6,6
S018,R005V3,5,12,6
S018,R006V2,5,6,6
S018,R009V3,5,12,6
S018,S002,6,24,7
S018,S005,6,12,7
S018,S008,6,6,7
S018,S009,6,6,7
S018,S010,6,6,7
S018,K004,6,6,7
S018,R001,6,12,7
S018,R008,6,24,7
S018,Y006,6,6,7
S018,A001,6,6,7
S018,B001V3,6,24,7
S018,B002V2,6,24,7
S018,B005V3,6,12,7
S018,B008V3,6,24,7
S018,S001V2,6,24,7
S018,S002V3,6,24,7
S018,S003V1,6,24,7
S018,S005V1,6,12,7
S018,S005V2,6,12,7
S018,S008V3,6,6,7
S018,S009V1,6,6,7
S018,K001V1,6,12,7
S018,K003V2,6,6,7
S018,K004V3,6,12,7
S018,K009V2,6,6,7
S018,K010V1,6,6,7
S018,R001V1,6,12,7
S018,R002V1,6,6,7
S018,R004V2,6,12,7
S018,R006V3,6,6,7
S018,R008V2,6,24,7
S018,R009V2,6,12,7
S018,S005,7,12,8
S018,K004,7,6,8
S018,R001,7,12,8
S018,R003,7,24,8
S018,R008,7,24,8
S018,A001,7,6,8
S018,B002V2,7,24,8
S018,B005V3,7,12,8
S018,B007V1,7,24,8
S018,S005V1,7,12,8
S018,S006V1,7,6,8
S018,S007V2,7,12,8
S018,S008V2,7,6,8
S018,S008V3,7,6,8
S018,S009V2,7,6,8
S018,K001V1,7,12,8
S018,K002V1,7,24,8
S018,K004V3,7,18,8
S018,R001V1,7,12,8
S018,R002V2,7,6,8
S018,R008V3,7,24,8
S018,Y001V2,7,24,8
S018,B003,8,24,9
S018,B009,8,6,9
S018,S008,8,6,9
S018,K004,8,6,9
S018,R003,8,24,9
S018,R004,8,12,9
S018,R005,8,12,9
S018,R009,8,12,9
S018,R010,8,24,9
S018,B003V1,8,24,9
S018,B003V2,8,24,9
S018,B005V3,8,12,9
S018,B009V2,8,6,9
S018,S001V2,8,24,9
S018,S002V3,8,24,9
S018,S003V1,8,24,9
S018,S004V2,8,12,9
S018,S005V1,8,12,9
S018,S008V2,8,6,9
S018,K001V1,8,12,9
S018,K004V3,8,24,9
S018,K008V3,8,6,9
S018,K010V1,8,6,9
S018,R001V1,8,12,9
S018,R010V3,8,24,9
S018,B006,9,24,10
S018,S001,9,24,10
S018,S004,9,12,10
S018,S007,9,12,10
S018,S008,9,6,10
S018,R008,9,24,10
S018,B001V1,9,24,10
S018,B001V3,9,24,10
S018,B002V2,9,24,10
S018,B004V3,9,12,10
S018,B005V3,9,12,10
S018,B007V1,9,24,10
S018,B008V2,9,24,10
S018,S001V2,9,24,10
S018,S005V1,9,12,10
S018,S006V1,9,6,10
S018,S007V1,9,12,10
S018,S007V3,9,12,10
S018,S008V3,9,6,10
S018,K001V1,9,12,10
S018,K004V3,9,24,10
S018,K010V1,9,6,10
S018,R002V1,9,6,10
S018,R006V3,9,6,10
S018,R008V1,9,24,10
S018,R008V3,9,24,10
S018,S001,10,24,11
S018,S002,10,24,11
S018,S009,10,6,11
S018,K002,10,24,11
S018,R008,10,24,11
S018,Y001,10,24,11
S018,A007,10,6,11
S018,B004V1,10,12,11
S018,B005V1,10,12,11
S018,B006V1,10,24,11
S018,B007V1,10,24,11
S018,B009V1,10,6,11
S018,S001V1,10,24,11
S018,S001V2,10,24,11
S018,S002V3,10,24,11
S018,S003V1,10,24,11
S018,S003V2,10,24,11
S018,S004V2,10,12,11
S018,K002V1,10,24,11
S018,K004V3,10,18,11
S018,K007V2,10,12,11
S018,K010V2,10,6,11
S018,R001V1,10,12,11
S018,R002V1,10,6,11
S018,R002V2,10,6,11
S018,R004V2,10,12,11
S018,R005V2,10,12,11
S018,R006V3,10,6,11
S018,S003,11,24,12
S018,S007,11,12,12
S018,A002,11,24,12
S018,B001V1,11,24,12
S018,B001V3,11,24,12
S018,B005V1,11,12,12
S018,B006V1,11,24,12
S018,S001V2,11,24,12
S018,S003V1,11,24,12
S018,S004V2,11,12,12
S018,S005V2,11,12,12
S018,S006V1,11,6,12
S018,S008V3,11,6,12
S018,K001V1,11,12,12
S018,K004V3,11,24,12
S018,K006V3,11,24,12
S018,K007V2,11,12,12
S018,K008V3,11,6,12
S018,K009V3,11,6,12
S018,R001V1,11,12,12
S018,R002V1,11,6,12
S018,R003V2,11,24,12
S018,R004V1,11,12,12
S018,B005,12,12,13
S018,S002,12,24,13
S018,S009,12,6,13
S018,S010,12,6,13
S018,K007,12,12,13
S018,R008,12,24,13
S018,Y002,12,24,13
S018,B001V3,12,24,13
S018,B005V3,12,12,13
S018,B008V1,12,24,13
S018,B008V3,12,24,13
S018,S004V2,12,12,13
S018,S006V1,12,6,13
S018,K001V1,12,12,13
S018,K002V1,12,24,13
S018,K004V3,12,6,13
S018,K007V2,12,12,13
S018,K010V2,12,6,13
S018,R001V1,12,12,13
S018,R002V1,12,6,13
S018,R003V2,12,24,13
S018,R005V2,12,12,13
S018,R008V1,12,24,13
S018,R009V3,12,12,13
S018,Y001V1,12,24,13
S018,Y002V2,12,24,13
S018,B001,13,24,14
S018,B003,13,24,14
S018,B006,13,24,14
S018,S002,13,24,14
S018,S007,13,12,14
S018,K001,13,12,14
S018,R002,13,6,14
S018,R003,13,24,14
S018,R008,13,24,14
S018,B001V1,13,24,14
S018,B001V3,13,24,14
S018,B008V1,13,24,14
S018,S001V1,13,24,14
S018,S003V1,13,24,14
S018,S004V2,13,12,14
S018,S005V1,13,12,14
S018,S005V2,13,12,14
S018,S008V3,13,6,14
S018,K001V1,13,12,14
S018,K004V3,13,24,14
S018,K010V3,13,6,14
S018,R001V1,13,12,14
S018,R002V2,13,6,14
S018,R002V3,13,6,14
S018,R004V2,13,12,14
S018,R006V3,13,6,14
S018,R008V2,13,24,14
S018,R009V3,13,12,14
S018,Y001V1,13,24,14
S018,B008,14,24,15
S018,S004,14,12,15
S018,S007,14,12,15
S018,S009,14,6,15
S018,R009,14,12,15
S018,B001V3,14,24,15
S018,B003V3,14,24,15
S018,B007V2,14,24,15
S018,B009V2,14,6,15
S018,S001V1,14,24,15
S018,S002V3,14,24,15
S018,S003V3,14,24,15
S018,S005V1,14,12,15
S018,S005V2,14,12,15
S018,S009V3,14,6,15
S018,K002V1,14,24,15
S018,K004V3,14,24,15
S018,K007V1,14,12,15
S018,R001V1,14,12,15
S018,R002V2,14,6,15
S018,R004V1,14,12,15
S018,R006V3,14,6,15
S018,R008V1,14,24,15
S018,R009V3,14,12,15
S018,Y001V1,14,24,15
S018,Y002V2,14,24,15
S018,S002,15,24,16
S018,S003,15,24,16
S018,S004,15,12,16
S018,S005,15,12,16
S018,S010,15,6,16
S018,K007,15,12,16
S018,R008,15,24,16
S018,A002,15,24,16
S018,A006,15,6,16
S018,B001V3,15,24,16
S018,B009V2,15,6,16
S018,S001V1,15,24,16
S018,S003V2,15,24,16
S018,S009V1,15,6,16
S018,S009V3,15,6,16
S018,K001V1,15,12,16
S018,K004V3,15,24,16
S018,K006V3,15,24,16
S018,K007V1,15,12,16
S018,K010V2,15,6,16
S018,R001V1,15,12,16
S018,R002V2,15,6,16
S018,R004V1,15,12,16
S018,R004V2,15,12,16
S018,R008V1,15,24,16
S018,R009V3,15,12,16
S018,Y001V2,15,24,16
S018,B006,16,24,17
S018,S001,16,24,17
S018,S010,16,6,17
S018,K004,16,6,17
S018,R001,16,12,17
S018,R002,16,6,17
S018,R004,16,12,17
S018,R005,16,12,17
S018,R006,16,6,17
S018,R009,16,12,17
S018,Y001,16,24,17
S018,S001V2,16,24,17
S018,S006V1,16,6,17
S018,S008V3,16,6,17
S018,S009V1,16,6,17
S018,S009V3,16,6,17
S018,K001V1,16,12,17
S018,K004V3,16,24,17
S018,K005V1,16,6,17
S018,K008V3,16,6,17
S018,K010V2,16,6,17
S018,R001V1,16,12,17
S018,R001V2,16,12,17
S018,R005V2,16,12,17
S018,R006V3,16,6,17
S018,R008V1,16,24,17
S018,R010V2,16,24,17
S018,S001,17,24,18
S018,S003,17,24,18
S018,S004,17,12,18
S018,K001,17,12,18
S018,K004,17,6,18
S018,R001,17,12,18
S018,R002,17,6,18
S018,R003,17,24,18
S018,R007,17,6,18
S018,R009,17,12,18
S018,Y006,17,6,18
S018,A002,17,24,18
S018,B005V1,17,12,18
S018,B005V3,17,12,18
S018,B006V1,17,24,18
S018,B008V2,17,24,18
S018,S001V1,17,24,18
S018,S001V2,17,24,18
S018,S003V2,17,24,18
S018,S005V2,17,12,18
S018,S009V3,17,6,18
S018,K001V1,17,12,18
S018,K002V1,17,24,18
S018,K004V3,17,30,18
S018,K006V3,17,24,18
S018,R001V1,17,12,18
S018,R002V2,17,6,18
S018,R002V3,17,6,18
S018,R005V3,17,12,18
S018,R006V3,17,6,18
S018,R008V3,17,24,18
S018,R009V2,17,12,18
S018,R010V2,17,24,18
S018,Y001V1,17,24,18
S018,Y001V2,17,24,18
S018,B003,18,24,19
S018,B006,18,24,19
S018,S001,18,24,19
S018,S008,18,6,19
S018,K002,18,24,19
S018,K004,18,6,19
S018,R002,18,6,19
S018,R004,18,12,19
S018,R009,18,12,19
S018,Y001,18,24,19
S018,A002,18,24,19
S018,B001V3,18,24,19
S018,B006V1,18,24,19
S018,S001V1,18,24,19
S018,S002V1,18,24,19
S018,S002V3,18,24,19
S018,S008V2,18,6,19
S018,S008V3,18,6,19
S018,S009V1,18,6,19
S018,S009V3,18,6,19
S018,K002V1,18,24,19
S018,K004V3,18,24,19
S018,K007V2,18,12,19
S018,K008V2,18,6,19
S018,R001V1,18,12,19
S018,R001V2,18,12,19
S018,R001V3,18,12,19
S018,R002V2,18,6,19
S018,R005V1,18,12,19
S018,R005V2,18,12,19
S018,R009V1,18,12,19
S018,R009V2,18,12,19
S018,R010V3,18,24,19
S018,Y001V1,18,24,19
S018,Y002V2,18,24,19
S018,S001,19,24,20
S018,S004,19,12,20
S018,S007,19,12,20
S018,K001,19,12,20
S018,K002,19,24,20
S018,K004,19,6,20
S018,R001,19,12,20
S018,R002,19,6,20
S018,R006,19,6,20
S018,R009,19,12,20
S018,Y001,19,24,20
S018,Y004,19,6,20
S018,A002,19,24,20
S018,B001V3,19,24,20
S018,B002V2,19,24,20
S018,B005V3,19,12,20
S018,B006V1,19,24,20
S018,B007V1,19,24,20
S018,B008V1,19,24,20
S018,S002V1,19,24,20
S018,S003V2,19,24,20
S018,S004V2,19,12,20
S018,S007V3,19,12,20
S018,S009V1,19,6,20
S018,S009V2,19,6,20
S018,K001V1,19,12,20
S018,K001V3,19,12,20
S018,K002V1,19,24,20
S018,K004V3,19,18,20
S018,K007V1,19,12,20
S018,K008V1,19,6,20
S018,K008V3,19,6,20
S018,K009V3,19,6,20
S018,R001V1,19,12,20
S018,R001V2,19,12,20
S018,R002V1,19,6,20
S018,R002V2,19,6,20
S018,R004V1,19,12,20
S018,R004V2,19,12,20
S018,R006V3,19,6,20
S018,R008V1,19,24,20
S018,R009V3,19,12,20
S018,R010V2,19,24,20
S018,Y001V1,19,24,20
S018,Y002V1,19,24,20
S018,S002,20,24,21
S018,S003,20,24,21
S018,S007,20,12,21
S018,K004,20,6,21
S018,K010,20,6,21
S018,R001,20,12,21
S018,R008,20,24,21
S018,Y001,20,24,21
S018,A002,20,24,21
S018,A004,20,6,21
S018,B001V3,20,24,21
S018,B003V1,20,24,21
S018,B003V2,20,24,21
S018,B005V1,20,12,21
S018,B007V2,20,24,21
S018,B008V1,20,24,21
S018,S002V2,20,24,21
S018,S003V2,20,24,21
S018,S008V3,20,6,21
S018,S009V2,20,6,21
S018,K001V1,20,12,21
S018,K003V2,20,6,21
S018,K003V3,20,6,21
S018,K004V3,20,24,21
S018,K007V1,20,12,21
S018,K007V2,20,12,21
S018,K008V2,20,6,21
S018,K010V1,20,6,21
S018,K010V2,20,6,21
S018,R001V2,20,12,21
S018,R004V2,20,12,21
S018,R005V1,20,12,21
S018,R006V3,20,6,21
S018,R008V3,20,24,21
S018,S001,21,24,22
S018,S004,21,12,22
S018,S005,21,12,22
S018,K008,21,6,22
S018,R001,21,12,22
S018,A002,21,24,22
S018,A005,21,6,22
S018,B003V3,21,24,22
S018,B004V1,21,12,22
S018,B005V1,21,12,22
S018,B005V3,21,12,22
S018,B009V2,21,6,22
S018,S005V2,21,12,22
S018,S008V3,21,6,22
S018,S009V1,21,6,22
S018,S010V2,21,6,22
S018,K001V3,21,12,22
S018,K002V1,21,24,22
S018,K004V3,21,18,22
S018,K010V1,21,6,22
S018,R001V1,21,12,22
S018,R001V2,21,12,22
S018,R003V2,21,24,22
S018,R005V1,21,12,22
S018,R008V1,21,24,22
S018,R009V3,21,12,22
S018,Y002V2,21,24,22
S018,S001,22,24,23
S018,S002,22,24,23
S018,S004,22,12,23
S018,S007,22,12,23
S018,S009,22,6,23
S018,K004,22,6,23
S018,R001,22,12,23
S018,R003,22,24,23
S018,R007,22,6,23
S018,B001V3,22,24,23
S018,B002V2,22,24,23
S018,B003V1,22,24,23
S018,B003V2,22,24,23
S018,B003V3,22,24,23
S018,B006V2,22,24,23
S018,B008V1,22,24,23
S018,S001V1,22,24,23
S018,S001V2,22,24,23
S018,S007V1,22,12,23
S018,S007V2,22,12,23
S018,S007V3,22,12,23
S018,S010V1,22,6,23
S018,K001V1,22,12,23
S018,K004V3,22,18,23
S018,K007V2,22,12,23
S018,R002V3,22,6,23
S018,R003V2,22,24,23
S018,R004V1,22,12,23
S018,R005V1,22,12,23
S018,R005V2,22,12,23
S018,R006V3,22,6,23
S018,R009V2,22,12,23
S018,Y001V2,22,24,23
S018,B006,23,24,24
S018,S002,23,24,24
S018,S003,23,24,24
S018,S004,23,12,24
S018,S007,23,12,24
S018,K010,23,6,24
S018,R001,23,12,24
S018,R009,23,12,24
S018,B001V3,23,24,24
S018,B004V1,23,12,24
S018,B006V2,23,24,24
S018,S002V1,23,24,24
S018,S003V1,23,24,24
S018,S004V2,23,12,24
S018,S005V2,23,12,24
S018,S007V2,23,12,24
S018,S009V1,23,6,24
S018,S009V3,23,6,24
S018,K001V1,23,12,24
S018,K002V1,23,24,24
S018,K004V3,23,30,24
S018,K006V3,23,24,24
S018,K007V2,23,12,24
S018,K010V1,23,6,24
S018,R002V1,23,6,24
S018,R002V2,23,6,24
S018,R003V2,23,24,24
S018,R004V1,23,12,24
S018,R005V1,23,12,24
S018,Y002V1,23,24,24
S018,S005,24,12,25
S018,S008,24,6,25
S018,K004,24,6,25
S018,R002,24,6,25
S018,R006,24,6,25
S018,R008,24,24,25
S018,Y004,24,6,25
S018,Y006,24,6,25
S018,A001,24,6,25
S018,A002,24,24,25
S018,A008,24,12,25
S018,B003V1,24,24,25
S018,B007V1,24,24,25
S018,S001V2,24,24,25
S018,S002V1,24,24,25
S018,S002V2,24,24,25
S018,S008V3,24,6,25
S018,S009V3,24,6,25
S018,K001V1,24,12,25
S018,K002V1,24,24,25
S018,K003V3,24,6,25
S018,K004V3,24,30,25
S018,K005V1,24,6,25
S018,K008V2,24,6,25
S018,K010V1,24,6,25
S018,R001V1,24,12,25
S018,R002V1,24,6,25
S018,R003V2,24,24,25
S018,R004V2,24,12,25
S018,R005V1,24,12,25
S018,R005V3,24,12,25
S018,R006V1,24,6,25
S018,R006V3,24,6,25
S018,R008V1,24,24,25
S018,R008V2,24,24,25
S018,R010V3,24,24,25
S018,Y002V2,24,24,25
S018,S002,25,24,26
S018,S004,25,12,26
S018,S005,25,12,26
S018,K004,25,6,26
S018,R008,25,24,26
S018,R009,25,12,26
S018,R010,25,24,26
S018,Y001,25,24,26
S018,A002,25,24,26
S018,A004,25,6,26
S018,B001V1,25,24,26
S018,B002V2,25,24,26
S018,B003V3,25,24,26
S018,B006V1,25,24,26
S018,B010V1,25,6,26
S018,S001V1,25,24,26
S018,S002V2,25,24,26
S018,S002V3,25,24,26
S018,S007V3,25,12,26
S018,S010V3,25,6,26
S018,K001V1,25,12,26
S018,K004V3,25,24,26
S018,R001V1,25,12,26
S018,R001V2,25,12,26
S018,R004V1,25,12,26
S018,R005V3,25,12,26
S018,R006V1,25,6,26
S018,R006V2,25,6,26
S018,R008V1,25,24,26
S018,R008V2,25,24,26
S018,B003,26,24,27
S018,S005,26,12,27
S018,S008,26,6,27
S018,S010,26,6,27
S018,K010,26,6,27
S018,R005,26,12,27
S018,Y002,26,24,27
S018,B001V3,26,24,27
S018,B005V1,26,12,27
S018,B005V2,26,12,27
S018,B006V1,26,24,27
S018,B008V3,26,24,27
S018,S001V1,26,24,27
S018,S001V2,26,24,27
S018,S002V1,26,24,27
S018,S003V3,26,24,27
S018,S006V3,26,6,27
S018,S008V3,26,6,27
S018,S009V1,26,6,27
S018,K001V1,26,12,27
S018,K002V1,26,24,27
S018,K004V3,26,24,27
S018,K005V1,26,6,27
S018,K006V1,26,24,27
S018,K008V1,26,6,27
S018,K008V2,26,6,27
S018,R001V1,26,12,27
S018,R001V2,26,12,27
S018,R002V1,26,6,27
S018,R004V2,26,12,27
S018,R005V1,26,12,27
S018,R005V2,26,12,27
S018,R006V3,26,6,27
S018,B002,27,24,28
S018,B003,27,24,28
S018,S009,27,6,28
S018,S010,27,6,28
S018,K001,27,12,28
S018,K002,27,24,28
S018,K004,27,6,28
S018,R001,27,12,28
S018,R009,27,12,28
S018,B002V2,27,24,28
S018,B009V1,27,6,28
S018,S001V2,27,24,28
S018,S002V1,27,24,28
S018,S003V2,27,24,28
S018,S006V3,27,6,28
S018,S008V3,27,6,28
S018,S009V3,27,6,28
S018,K001V1,27,12,28
S018,K001V3,27,12,28
S018,K004V3,27,6,28
S018,K005V1,27,6,28
S018,K006V1,27,24,28
S018,K010V2,27,6,28
S018,R001V1,27,12,28
S018,R002V1,27,6,28
S018,R002V2,27,6,28
S018,R005V2,27,12,28
S018,R006V3,27,6,28
S018,Y002V2,27,24,28
S018,S001,28,24,29
S018,S004,28,12,29
S018,S005,28,12,29
S018,S007,28,12,29
S018,S008,28,6,29
S018,K001,28,12,29
S018,K002,28,24,29
S018,K003,28,6,29
S018,K007,28,12,29
S018,R001,28,12,29
S018,R009,28,12,29
S018,B001V3,28,24,29
S018,B002V2,28,24,29
S018,B005V2,28,12,29
S018,B006V1,28,24,29
S018,S001V1,28,24,29
S018,S002V1,28,24,29
S018,S002V2,28,24,29
S018,S002V3,28,24,29
S018,S007V2,28,12,29
S018,S008V3,28,6,29
S018,S010V3,28,6,29
S018,K003V3,28,6,29
S018,K004V3,28,6,29
S018,K006V1,28,24,29
S018,K006V3,28,24,29
S018,K007V2,28,12,29
S018,R001V1,28,12,29
S018,R002V2,28,6,29
S018,R003V2,28,24,29
S018,R009V3,28,12,29
S018,R010V1,28,24,29
S018,B002,29,24,30
S018,S004,29,12,30
S018,S008,29,6,30
S018,K003,29,6,30
S018,K004,29,6,30
S018,R002,29,6,30
S018,R003,29,24,30
S018,R008,29,24,30
S018,R009,29,12,30
S018,Y003,29,6,30
S018,Y004,29,6,30
S018,A002,29,24,30
S018,B006V2,29,24,30
S018,S002V1,29,24,30
S018,S003V3,29,24,30
S018,K001V1,29,12,30
S018,K001V2,29,12,30
S018,K003V3,29,6,30
S018,K004V3,29,6,30
S018,K007V1,29,12,30
S018,R001V1,29,12,30
S018,R002V1,29,6,30
S018,R003V2,29,24,30
S018,R008V1,29,24,30
S018,R010V1,29,24,30
S018,Y001V2,29,24,30
S018,Y002V1,29,24,30
S018,B002,30,24,31
S018,S002,30,24,31
S018,K003,30,6,31
S018,K004,30,6,31
S018,R005,30,12,31
S018,R008,30,24,31
S018,R009,30,12,31
S018,B004V1,30,12,31
S018,B005V2,30,12,31
S018,B008V1,30,24,31
S018,S001V2,30,24,31
S018,S002V2,30,24,31
S018,S008V3,30,6,31
S018,S009V3,30,6,31
S018,S010V3,30,6,31
S018,K001V1,30,12,31
S018,K003V3,30,6,31
S018,K007V1,30,12,31
S018,K008V2,30,6,31
S018,K009V1,30,6,31
S018,R001V1,30,12,31
S018,R002V2,30,6,31
S018,R003V2,30,24,31
S018,R005V1,30,12,31
S018,R006V2,30,6,31
S018,R006V3,30,6,31
S018,R007V2,30,6,31
S018,R008V1,30,24,31
S018,Y002V2,30,24,31
S018,S001,31,24,32
S018,S008,31,6,32
S018,S010,31,6,32
S018,K004,31,6,32
S018,K007,31,12,32
S018,R001,31,12,32
S018,R005,31,12,32
S018,A004,31,6,32
S018,B002V2,31,24,32
S018,B003V1,31,24,32
S018,B003V3,31,24,32
S018,B006V2,31,24,32
S018,B007V1,31,24,32
S018,B008V1,31,24,32
S018,B009V2,31,6,32
S018,S001V1,31,24,32
S018,S001V2,31,24,32
S018,S002V2,31,24,32
S018,S002V3,31,24,32
S018,S005V2,31,12,32
S018,S007V2,31,12,32
S018,S008V3,31,6,32
S018,S010V3,31,6,32
S018,K001V1,31,12,32
S018,K002V1,31,24,32
S018,R001V1,31,12,32
S018,R002V1,31,6,32
S018,R002V2,31,6,32
S018,R002V3,31,6,32
S018,R004V1,31,12,32
S018,R008V3,31,24,32
S018,B003,32,24,33
S018,S009,32,6,33
S018,K004,32,6,33
S018,K007,32,12,33
S018,R001,32,12,33
S018,R009,32,12,33
S018,R010,32,24,33
S018,Y004,32,6,33
S018,B001V3,32,24,33
S018,B010V1,32,6,33
S018,S001V2,32,24,33
S018,S003V1,32,24,33
S018,S003V3,32,24,33
S018,S006V3,32,6,33
S018,S008V1,32,6,33
S018,S008V3,32,6,33
S018,K003V3,32,6,33
S018,K006V1,32,24,33
S018,K008V2,32,6,33
S018,R001V1,32,12,33
S018,R001V2,32,12,33
S018,R005V2,32,12,33
S018,R006V3,32,6,33
S018,Y002V2,32,24,33
S018,B002,33,24,34
S018,S001,33,24,34
S018,K004,33,6,34
S018,R002,33,6,34
S018,R004,33,12,34
S018,R005,33,12,34
S018,B003V1,33,24,34
S018,B004V1,33,12,34
S018,B005V2,33,12,34
S018,B006V2,33,24,34
S018,B009V2,33,6,34
S018,S001V1,33,24,34
S018,S002V2,33,24,34
S018,S002V3,33,24,34
S018,S005V2,33,12,34
S018,S006V3,33,6,34
S018,S007V2,33,12,34
S018,S007V3,33,12,34
S018,S009V1,33,6,34
S018,S009V3,33,6,34
S018,S010V3,33,6,34
S018,K001V1,33,12,34
S018,K002V1,33,24,34
S018,R001V1,33,12,34
S018,R004V1,33,12,34
S018,R004V2,33,12,34
S018,R005V1,33,12,34
S018,R005V2,33,12,34
S018,R005V3,33,12,34
S018,R006V2,33,6,34
S018,B002,34,24,35
S018,B008,34,24,35
S018,S002,34,24,35
S018,S005,34,12,35
S018,S010,34,6,35
S018,K001,34,12,35
S018,K003,34,6,35
S018,K004,34,6,35
S018,R002,34,6,35
S018,R005,34,12,35
S018,R008,34,24,35
S018,A001,34,6,35
S018,A002,34,24,35
S018,A006,34,6,35
S018,B002V1,34,24,35
S018,B002V2,34,24,35
S018,B003V3,34,24,35
S018,B004V1,34,12,35
S018,B005V1,34,12,35
S018,B005V2,34,12,35
S018,B009V1,34,6,35
S018,S001V2,34,24,35
S018,S002V1,34,24,35
S018,S005V2,34,12,35
S018,S005V3,34,12,35
S018,S007V2,34,12,35
S018,K001V1,34,12,35
S018,K003V3,34,6,35
S018,K004V1,34,6,35
S018,K004V3,34,6,35
S018,K006V1,34,24,35
S018,K007V1,34,12,35
S018,K008V2,34,6,35
S018,K009V1,34,6,35
S018,R001V1,34,12,35
S018,R002V2,34,6,35
S018,R004V2,34,12,35
S018,R005V2,34,12,35
S018,R006V3,34,6,35
S018,R008V1,34,24,35
S018,R009V3,34,12,35
S018,B003,35,24,36
S018,S003,35,24,36
S018,S004,35,12,36
S018,K007,35,12,36
S018,R003,35,24,36
S018,R008,35,24,36
S018,R009,35,12,36
S018,R010,35,24,36
S018,A001,35,6,36
S018,B002V1,35,24,36
S018,B005V2,35,12,36
S018,B005V3,35,12,36
S018,B006V1,35,24,36
S018,B006V2,35,24,36
S018,B007V1,35,24,36
S018,B010V1,35,6,36
S018,S001V1,35,24,36
S018,S001V2,35,24,36
S018,S003V2,35,24,36
S018,S007V3,35,12,36
S018,S008V3,35,6,36
S018,S009V3,35,6,36
S018,S010V2,35,6,36
S018,S010V3,35,6,36
S018,K003V3,35,6,36
S018,R001V1,35,12,36
S018,R002V1,35,6,36
S018,R002V3,35,6,36
S018,R003V2,35,24,36
S018,R005V1,35,12,36
S018,R005V2,35,12,36
S018,R006V3,35,6,36
S018,R008V3,35,24,36
S018,Y002V1,35,24,36
S018,S002,36,24,37
S018,S004,36,12,37
S018,S010,36,6,37
S018,K003,36,6,37
S018,K004,36,6,37
S018,R003,36,24,37
S018,R004,36,12,37
S018,R009,36,12,37
S018,Y006,36,6,37
S018,A006,36,6,37
S018,B001V3,36,24,37
S018,B002V1,36,24,37
S018,B002V2,36,24,37
S018,B003V3,36,24,37
S018,B004V1,36,12,37
S018,S002V2,36,24,37
S018,S002V3,36,24,37
S018,S003V1,36,24,37
S018,S005V2,36,12,37
S018,S008V3,36,6,37
S018,K003V1,36,6,37
S018,K003V2,36,6,37
S018,K004V3,36,6,37
S018,K006V1,36,24,37
S018,K007V2,36,12,37
S018,R001V1,36,12,37
S018,R002V2,36,6,37
S018,R008V1,36,24,37
S018,R009V3,36,12,37
S018,R010V2,36,24,37
S018,K001,37,12,38
S018,K004,37,6,38
S018,B001V3,37,24,38
S018,B002V2,37,24,38
S018,B003V3,37,24,38
S018,B004V2,37,12,38
S018,B005V2,37,12,38
S018,B005V3,37,12,38
S018,B007V2,37,24,38
S018,B008V1,37,24,38
S018,B010V1,37,6,38
S018,S003V1,37,24,38
S018,S004V2,37,12,38
S018,S007V3,37,12,38
S018,S009V3,37,6,38
S018,S010V2,37,6,38
S018,K001V1,37,12,38
S018,K002V1,37,24,38
S018,K004V3,37,6,38
S018,R001V1,37,12,38
S018,R002V1,37,6,38
S018,R002V2,37,6,38
S018,R008V2,37,24,38
S018,B002,38,24,39
S018,B003,38,24,39
S018,S010,38,6,39
S018,K001,38,12,39
S018,K002,38,24,39
S018,K004,38,6,39
S018,R001,38,12,39
S018,R002,38,6,39
S018,Y001,38,24,39
S018,B002V1,38,24,39
S018,B004V2,38,12,39
S018,B005V3,38,12,39
S018,B008V1,38,24,39
S018,B008V3,38,24,39
S018,S001V1,38,24,39
S018,S003V1,38,24,39
S018,S007V1,38,12,39
S018,S007V3,38,12,39
S018,S008V3,38,6,39
S018,K001V1,38,12,39
S018,K002V1,38,24,39
S018,K003V1,38,6,39
S018,K004V3,38,6,39
S018,R001V3,38,12,39
S018,R002V1,38,6,39
S018,R003V2,38,24,39
S018,R004V1,38,12,39
S018,R006V2,38,6,39
S018,R006V3,38,6,39
S018,R008V1,38,24,39
S018,R009V3,38,12,39
S018,S002,39,24,40
S018,S004,39,12,40
S018,S005,39,12,40
S018,S007,39,12,40
S018,S010,39,6,40
S018,K001,39,12,40
S018,K002,39,24,40
S018,K003,39,6,40
S018,K004,39,6,40
S018,R004,39,12,40
S018,R008,39,24,40
S018,Y003,39,6,40
S018,Y006,39,6,40
S018,A001,39,6,40
S018,B008V2,39,24,40
S018,S001V2,39,24,40
S018,S002V2,39,24,40
S018,S004V2,39,12,40
S018,S005V2,39,12,40
S018,S009V1,39,6,40
S018,K001V1,39,12,40
S018,K003V1,39,6,40
S018,K004V3,39,6,40
S018,K005V1,39,6,40
S018,K008V3,39,6,40
S018,R001V1,39,12,40
S018,R002V2,39,6,40
S018,R009V3,39,12,40
S018,B002,40,24,41
S018,S004,40,12,41
S018,S007,40,12,41
S018,K003,40,6,41
S018,K004,40,6,41
S018,R008,40,24,41
S018,B002V1,40,24,41
S018,B005V2,40,12,41
S018,B005V3,40,12,41
S018,B007V2,40,24,41
S018,S002V2,40,24,41
S018,S004V2,40,12,41
S018,S007V3,40,12,41
S018,S008V3,40,6,41
S018,S009V1,40,6,41
S018,S009V3,40,6,41
S018,S010V3,40,6,41
S018,K001V1,40,12,41
S018,K002V1,40,24,41
S018,K004V3,40,6,41
S018,K006V3,40,24,41
S018,K007V1,40,12,41
S018,R002V2,40,6,41
S018,R003V2,40,24,41
S018,R004V1,40,12,41
S018,R005V1,40,12,41
S018,R006V3,40,6,41
S018,R008V1,40,24,41
S018,R009V3,40,12,41
S018,S005,41,12,42
S018,S007,41,12,42
S018,S010,41,6,42
S018,K004,41,6,42
S018,K008,41,6,42
S018,R004,41,12,42
S018,R005,41,12,42
S018,R008,41,24,42
S018,Y004,41,6,42
S018,A006,41,6,42
S018,A007,41,6,42
S018,B004V1,41,12,42
S018,B007V2,41,24,42
S018,B008V3,41,24,42
S018,S001V1,41,24,42
S018,S005V2,41,12,42
S018,S007V2,41,12,42
S018,S009V1,41,6,42
S018,K001V1,41,12,42
S018,K003V1,41,6,42
S018,K004V3,41,6,42
S018,K006V1,41,24,42
S018,K006V3,41,24,42
S018,K007V2,41,12,42
S018,R002V1,41,6,42
S018,R003V2,41,24,42
S018,R008V1,41,24,42
S018,R008V3,41,24,42
S018,Y002V2,41,24,42
S018,B003,42,24,43
S018,S001,42,24,43
S018,S003,42,24,43
S018,S004,42,12,43
S018,R005,42,12,43
S018,R008,42,24,43
S018,R010,42,24,43
S018,A004,42,6,43
S018,B003V2,42,24,43
S018,B005V1,42,12,43
S018,B006V3,42,24,43
S018,B007V2,42,24,43
S018,S001V1,42,24,43
S018,S002V2,42,24,43
S018,S004V2,42,12,43
S018,S006V3,42,6,43
S018,S007V3,42,12,43
S018,S009V1,42,6,43
S018,S009V3,42,6,43
S018,K001V1,42,12,43
S018,K002V1,42,24,43
S018,K006V1,42,24,43
S018,K007V2,42,12,43
S018,K010V1,42,6,43
S018,K010V2,42,6,43
S018,R001V1,42,12,43
S018,R002V3,42,6,43
S018,R005V1,42,12,43
S018,R006V3,42,6,43
S018,R007V2,42,6,43
S018,R008V2,42,24,43
S018,B003,43,24,44
S018,B006,43,24,44
S018,S005,43,12,44
S018,S007,43,12,44
S018,K001,43,12,44
S018,R005,43,12,44
S018,R008,43,24,44
S018,R009,43,12,44
S018,Y001,43,24,44
S018,B002V1,43,24,44
S018,B004V1,43,12,44
S018,B004V2,43,12,44
S018,B007V1,43,24,44
S018,B010V1,43,6,44
S018,S001V1,43,24,44
S018,S001V2,43,24,44
S018,S002V1,43,24,44
S018,S002V2,43,24,44
S018,S003V1,43,24,44
S018,S003V2,43,24,44
S018,S004V2,43,12,44
S018,S005V2,43,12,44
S018,S006V3,43,6,44
S018,S008V3,43,6,44
S018,S010V3,43,6,44
S018,K001V1,43,12,44
S018,K004V3,43,6,44
S018,K006V1,43,24,44
S018,K007V2,43,12,44
S018,K010V1,43,6,44
S018,R001V1,43,12,44
S018,R002V1,43,6,44
S018,R005V2,43,12,44
S018,R008V2,43,24,44
S018,R009V1,43,12,44
S018,R009V3,43,12,44
S018,Y002V2,43,24,44
S018,B005,44,12,45
S018,S003,44,24,45
S018,S005,44,12,45
S018,S010,44,6,45
S018,K004,44,6,45
S018,K007,44,12,45
S018,Y004,44,6,45
S018,B001V3,44,24,45
S018,B002V2,44,24,45
S018,B003V2,44,24,45
S018,B004V1,44,12,45
S018,B005V2,44,12,45
S018,B005V3,44,12,45
S018,B007V2,44,24,45
S018,B008V2,44,24,45
S018,S001V1,44,24,45
S018,S002V1,44,24,45
S018,S002V2,44,24,45
S018,S003V2,44,24,45
S018,S004V1,44,12,45
S018,S005V3,44,12,45
S018,S006V1,44,6,45
S018,K002V1,44,24,45
S018,K003V3,44,6,45
S018,K004V3,44,6,45
S018,K010V2,44,6,45
S018,R001V1,44,12,45
S018,R002V2,44,6,45
S018,R004V1,44,12,45
S018,R006V3,44,6,45
S018,Y002V2,44,24,45
S018,B002,45,24,46
S018,B006,45,24,46
S018,S002,45,24,46
S018,K003,45,6,46
S018,K004,45,6,46
S018,R008,45,24,46
S018,A001,45,6,46
S018,B002V1,45,24,46
S018,B003V3,45,24,46
S018,B005V2,45,12,46
S018,B006V1,45,24,46
S018,B008V1,45,24,46
S018,S001V1,45,24,46
S018,S002V1,45,24,46
S018,S003V2,45,24,46
S018,S004V2,45,12,46
S018,S005V1,45,12,46
S018,S006V1,45,6,46
S018,S006V3,45,6,46
S018,S007V3,45,12,46
S018,K001V1,45,12,46
S018,K004V3,45,6,46
S018,K007V1,45,12,46
S018,K007V2,45,12,46
S018,K010V1,45,6,46
S018,K010V3,45,6,46
S018,R001V1,45,12,46
S018,R001V3,45,12,46
S018,R002V1,45,6,46
S018,R006V3,45,6,46
S018,Y002V2,45,24,46
S018,B003,46,24,47
S018,S010,46,6,47
S018,K004,46,6,47
S018,K007,46,12,47
S018,R001,46,12,47
S018,R002,46,6,47
S018,R003,46,24,47
S018,R004,46,12,47
S018,Y002,46,24,47
S018,Y005,46,12,47
S018,A007,46,6,47
S018,B001V3,46,24,47
S018,B002V2,46,24,47
S018,B003V3,46,24,47
S018,B004V1,46,12,47
S018,B005V2,46,12,47
S018,B005V3,46,12,47
S018,B006V1,46,24,47
S018,B006V2,46,24,47
S018,B008V3,46,24,47
S018,S001V2,46,24,47
S018,S002V1,46,24,47
S018,S002V2,46,24,47
S018,S002V3,46,24,47
S018,S005V1,46,12,47
S018,S006V2,46,6,47
S018,S007V2,46,12,47
S018,K001V1,46,12,47
S018,K002V1,46,24,47
S018,K003V2,46,6,47
S018,K004V3,46,6,47
S018,K010V1,46,6,47
S018,R001V1,46,12,47
S018,R009V3,46,12,47
S018,B003,47,24,48
S018,K004,47,6,48
S018,R008,47,24,48
S018,B002V1,47,24,48
S018,B004V2,47,12,48
S018,B005V3,47,12,48
S018,B007V1,47,24,48
S018,B008V1,47,24,48
S018,B008V2,47,24,48
S018,S001V2,47,24,48
S018,S002V2,47,24,48
S018,S004V2,47,12,48
S018,S005V3,47,12,48
S018,S006V1,47,6,48
S018,S007V3,47,12,48
S018,K001V1,47,12,48
S018,K003V2,47,6,48
S018,K004V3,47,6,48
S018,K006V1,47,24,48
S018,R002V2,47,6,48
S018,R003V2,47,24,48
S018,R004V1,47,12,48
S018,R008V2,47,24,48
S018,R009V3,47,12,48
S018,S004,48,12,49
S018,S005,48,12,49
S018,S007,48,12,49
S018,K004,48,6,49
S018,R003,48,24,49
S018,Y001,48,24,49
S018,B001V1,48,24,49
S018,B001V3,48,24,49
S018,B004V1,48,12,49
S018,B005V1,48,12,49
S018,B010V1,48,6,49
S018,S003V1,48,24,49
S018,S004V2,48,12,49
S018,S005V2,48,12,49
S018,S006V3,48,6,49
S018,S007V2,48,12,49
S018,S007V3,48,12,49
S018,S008V3,48,6,49
S018,S009V1,48,6,49
S018,K001V1,48,12,49
S018,K003V1,48,6,49
S018,K003V3,48,6,49
S018,K004V3,48,6,49
S018,K010V3,48,6,49
S018,R001V1,48,12,49
S018,R002V1,48,6,49
S018,R004V1,48,12,49
S018,R006V3,48,6,49
S018,R008V3,48,24,49
S018,R009V3,48,12,49
S018,Y002V2,48,24,49
S018,S001,49,24,50
S018,S002,49,24,50
S018,S004,49,12,50
S018,S010,49,6,50
S018,R006,49,6,50
S018,R008,49,24,50
S018,Y003,49,6,50
S018,Y006,49,6,50
S018,B005V3,49,12,50
S018,B008V1,49,24,50
S018,B010V1,49,6,50
S018,S002V2,49,24,50
S018,S005V2,49,12,50
S018,S005V3,49,12,50
S018,S006V2,49,6,50
S018,S007V2,49,12,50
S018,S007V3,49,12,50
S018,S009V1,49,6,50
S018,S009V3,49,6,50
S018,S010V3,49,6,50
S018,K001V1,49,12,50
S018,K003V1,49,6,50
S018,K006V1,49,24,50
S018,K007V1,49,12,50
S018,K010V2,49,6,50
S018,R001V1,49,12,50
S018,R002V2,49,6,50
S018,R009V3,49,12,50
S018,S001,50,24,51
S018,S003,50,24,51
S018,S004,50,12,51
S018,S005,50,12,51
S018,K002,50,24,51
S018,K003,50,6,51
S018,K004,50,6,51
S018,R001,50,12,51
S018,R003,50,24,51
S018,R004,50,12,51
S018,R005,50,12,51
S018,Y004,50,6,51
S018,A002,50,24,51
S018,B001V3,50,24,51
S018,B004V2,50,12,51
S018,B005V2,50,12,51
S018,B006V3,50,24,51
S018,B008V1,50,24,51
S018,S001V1,50,24,51
S018,S004V2,50,12,51
S018,S006V1,50,6,51
S018,S006V2,50,6,51
S018,S006V3,50,6,51
S018,S007V3,50,12,51
S018,S009V3,50,6,51
S018,K001V1,50,12,51
S018,K001V2,50,12,51
S018,K003V2,50,6,51
S018,K003V3,50,6,51
S018,K004V3,50,6,51
S018,K007V2,50,12,51
S018,R001V1,50,12,51
S018,R003V2,50,24,51
S018,R005V2,50,12,51
S018,R006V3,50,6,51
S018,B006,51,24,52
S018,S002,51,24,52
S018,K007,51,12,52
S018,K008,51,6,52
S018,R001,51,12,52
S018,R007,51,6,52
S018,R009,51,12,52
S018,B002V2,51,24,52
S018,B003V3,51,24,52
S018,B004V1,51,12,52
S018,B005V2,51,12,52
S018,B006V1,51,24,52
S018,S001V1,51,24,52
S018,S003V2,51,24,52
S018,S004V1,51,12,52
S018,S005V2,51,12,52
S018,S007V2,51,12,52
S018,S008V3,51,6,52
S018,S009V1,51,6,52
S018,S009V3,51,6,52
S018,S010V1,51,6,52
S018,K001V1,51,12,52
S018,K003V3,51,6,52
S018,K004V3,51,6,52
S018,K007V1,51,12,52
S018,K007V2,51,12,52
S018,R002V2,51,6,52
S018,R004V2,51,12,52
S018,R005V2,51,12,52
S018,R005V3,51,12,52
S019,B002,1,24,2
S019,B004,1,12,2
S019,B005,1,12,2
S019,B006,1,24,2
S019,B007,1,24,2
S019,S001,1,24,2
S019,S002,1,24,2
S019,S004,1,12,2
S019,S007,1,12,2
S019,K004,1,6,2
S019,K005,1,18,2
S019,K010,1,6,2
S019,Y003,1,6,2
S019,Y004,1,6,2
S019,Y006,1,6,2
S019,B001V2,1,24,2
S019,B001V3,1,24,2
S019,B007V3,1,24,2
S019,B009V3,1,30,2
S019,S003V1,1,24,2
S019,S003V2,1,24,2
S019,S004V3,1,12,2
S019,S006V2,1,6,2
S019,S007V2,1,12,2
S019,S007V3,1,12,2
S019,S009V2,1,6,2
S019,K001V1,1,48,2
S019,K001V3,1,12,2
S019,K002V3,1,24,2
S019,K003V1,1,6,2
S019,K004V1,1,6,2
S019,K004V2,1,6,2
S019,K004V3,1,30,2
S019,K006V1,1,24,2
S019,R001V1,1,24,2
S019,R003V2,1,24,2
S019,R003V3,1,24,2
S019,R004V1,1,12,2
S019,R008V3,1,24,2
S019,B001,2,24,3
S019,B003,2,24,3
S019,B006,2,24,3
S019,B007,2,24,3
S019,S002,2,24,3
S019,S007,2,12,3
S019,S008,2,6,3
S019,K004,2,12,3
S019,K005,2,30,3
S019,K006,2,24,3
S019,K009,2,6,3
S019,R008,2,24,3
S019,R009,2,12,3
S019,A002,2,24,3
S019,B001V2,2,24,3
S019,B001V3,2,24,3
S019,B002V2,2,24,3
S019,B005V2,2,12,3
S019,B006V3,2,24,3
S019,B007V2,2,24,3
S019,B009V2,2,6,3
S019,B009V3,2,24,3
S019,S001V3,2,24,3
S019,S002V2,2,24,3
S019,S004V2,2,12,3
S019,S004V3,2,12,3
S019,S009V1,2,6,3
S019,S009V2,2,12,3
S019,S010V1,2,6,3
S019,K001V1,2,48,3
S019,K002V1,2,24,3
S019,K003V2,2,6,3
S019,K004V3,2,30,3
S019,K005V3,2,6,3
S019,K006V1,2,24,3
S019,K007V1,2,12,3
S019,K007V3,2,12,3
S019,K009V1,2,6,3
S019,R001V1,2,24,3
S019,R001V2,2,12,3
S019,R003V1,2,24,3
S019,R003V3,2,24,3
S019,R004V2,2,12,3
S019,R004V3,2,12,3
S019,R005V3,2,12,3
S019,R007V1,2,6,3
S019,R010V3,2,24,3
S019,B004,3,12,4
S019,S002,3,24,4
S019,S007,3,12,4
S019,K004,3,6,4
S019,K005,3,30,4
S019,K006,3,24,4
S019,K009,3,6,4
S019,R001,3,12,4
S019,R002,3,6,4
S019,R004,3,12,4
S019,R005,3,12,4
S019,R009,3,12,4
S019,A002,3,24,4
S019,B001V2,3,24,4
S019,B003V1,3,24,4
S019,B007V2,3,24,4
S019,B009V3,3,18,4
S019,B010V1,3,6,4
S019,S003V1,3,24,4
S019,S007V2,3,12,4
S019,S007V3,3,12,4
S019,S009V1,3,6,4
S019,S009V2,3,6,4
S019,K001V1,3,48,4
S019,K004V3,3,30,4
S019,K010V1,3,6,4
S019,R001V1,3,12,4
S019,R001V2,3,12,4
S019,R002V2,3,6,4
S019,R003V2,3,24,4
S019,R003V3,3,24,4
S019,R007V1,3,6,4
S019,Y002V3,3,24,4
S019,B010,4,6,5
S019,S001,4,24,5
S019,S002,4,24,5
S019,K004,4,12,5
S019,K005,4,24,5
S019,R009,4,12,5
S019,Y004,4,6,5
S019,Y006,4,6,5
S019,A001,4,6,5
S019,B001V3,4,24,5
S019,B007V2,4,24,5
S019,B008V2,4,24,5
S019,B009V2,4,6,5
S019,B009V3,4,36,5
S019,B010V3,4,6,5
S019,S001V2,4,24,5
S019,S004V2,4,12,5
S019,S006V2,4,6,5
S019,S007V2,4,12,5
S019,S009V2,4,6,5
S019,K004V3,4,24,5
S019,K006V1,4,24,5
S019,K007V1,4,12,5
S019,K009V1,4,6,5
S019,R001V1,4,12,5
S019,R002V1,4,6,5
S019,R002V2,4,6,5
S019,R003V1,4,24,5
S019,R004V1,4,12,5
S019,R004V3,4,12,5
S019,R005V1,4,12,5
S019,R008V1,4,24,5
S019,B004,5,12,6
S019,B005,5,12,6
S019,S002,5,24,6
S019,K004,5,12,6
S019,K005,5,6,6
S019,K006,5,24,6
S019,K007,5,12,6
S019,K009,5,6,6
S019,K010,5,6,6
S019,R001,5,12,6
S019,R004,5,12,6
S019,A001,5,6,6
S019,B004V1,5,12,6
S019,B009V3,5,24,6
S019,B010V1,5,6,6
S019,S001V3,5,24,6
S019,S002V2,5,24,6
S019,S004V2,5,12,6
S019,S007V2,5,12,6
S019,S009V2,5,6,6
S019,K001V1,5,12,6
S019,K002V3,5,24,6
S019,K004V2,5,6,6
S019,K004V3,5,30,6
S019,K007V1,5,12,6
S019,K009V1,5,6,6
S019,R002V2,5,6,6
S019,R002V3,5,6,6
S019,R003V3,5,24,6
S019,R005V2,5,12,6
S019,R005V3,5,12,6
S019,R007V1,5,6,6
S019,R009V2,5,12,6
S019,Y001V1,5,24,6
S019,Y002V3,5,24,6
S019,B002,6,24,7
S019,B005,6,12,7
S019,S004,6,12,7
S019,S007,6,12,7
S019,K004,6,6,7
S019,R008,6,24,7
S019,R009,6,12,7
S019,R010,6,24,7
S019,Y001,6,24,7
S019,Y006,6,6,7
S019,A004,6,6,7
S019,A005,6,6,7
S019,B002V2,6,24,7
S019,B003V1,6,24,7
S019,B004V1,6,12,7
S019,B008V2,6,24,7
S019,B009V3,6,12,7
S019,S001V1,6,24,7
S019,S001V2,6,24,7
S019,S003V2,6,24,7
S019,S004V2,6,12,7
S019,S007V3,6,12,7
S019,S009V2,6,6,7
S019,K001V1,6,12,7
S019,K002V3,6,24,7
S019,K004V3,6,18,7
S019,K010V1,6,6,7
S019,R001V1,6,12,7
S019,R003V2,6,24,7
S019,R003V3,6,24,7
S019,R004V1,6,12,7
S019,R004V2,6,12,7
S019,R004V3,6,12,7
S019,R008V1,6,24,7
S019,R008V3,6,24,7
S019,Y001V2,6,24,7
S019,B003,7,24,8
S019,B004,7,12,8
S019,S004,7,12,8
S019,K004,7,6,8
S019,K005,7,6,8
S019,K007,7,12,8
S019,K010,7,6,8
S019,R006,7,6,8
S019,R008,7,24,8
S019,R009,7,12,8
S019,Y001,7,24,8
S019,A002,7,24,8
S019,B002V3,7,24,8
S019,B004V3,7,12,8
S019,B008V2,7,24,8
S019,B009V2,7,6,8
S019,B009V3,7,30,8
S019,B010V3,7,6,8
S019,S001V2,7,24,8
S019,S002V1,7,24,8
S019,S003V2,7,24,8
S019,S004V2,7,12,8
S019,S009V2,7,6,8
S019,K002V1,7,24,8
S019,K002V3,7,24,8
S019,K004V3,7,12,8
S019,K007V1,7,12,8
S019,K009V1,7,6,8
S019,K010V2,7,6,8
S019,R001V1,7,12,8
S019,R002V1,7,6,8
S019,R004V2,7,12,8
S019,R007V1,7,6,8
S019,R008V3,7,24,8
S019,B003,8,24,9
S019,B005,8,12,9
S019,B006,8,24,9
S019,B007,8,24,9
S019,S001,8,24,9
S019,S007,8,12,9
S019,K004,8,6,9
S019,K005,8,6,9
S019,R005,8,12,9
S019,B001V3,8,24,9
S019,B002V2,8,24,9
S019,B003V3,8,24,9
S019,B005V1,8,12,9
S019,B007V2,8,24,9
S019,B009V2,8,6,9
S019,B009V3,8,30,9
S019,B010V3,8,6,9
S019,S001V3,8,24,9
S019,S007V2,8,12,9
S019,S008V3,8,6,9
S019,S009V1,8,6,9
S019,K001V1,8,12,9
S019,K002V1,8,24,9
S019,K004V1,8,6,9
S019,K004V3,8,18,9
S019,K007V1,8,12,9
S019,R002V1,8,6,9
S019,R002V2,8,6,9
S019,R003V1,8,24,9
S019,R003V3,8,24,9
S019,R004V3,8,12,9
S019,R007V1,8,6,9
S019,R008V3,8,24,9
S019,B002,9,24,10
S019,B003,9,24,10
S019,S001,9,24,10
S019,S004,9,12,10
S019,S009,9,6,10
S019,K004,9,6,10
S019,K005,9,6,10
S019,K009,9,6,10
S019,Y005,9,12,10
S019,A002,9,24,10
S019,A003,9,24,10
S019,B001V3,9,24,10
S019,B002V1,9,24,10
S019,B003V1,9,24,10
S019,B005V1,9,12,10
S019,B007V2,9,24,10
S019,B009V3,9,42,10
S019,B010V3,9,6,10
S019,S001V3,9,24,10
S019,S003V2,9,24,10
S019,K001V1,9,12,10
S019,K004V3,9,12,10
S019,K006V2,9,24,10
S019,K007V1,9,12,10
S019,R001V1,9,12,10
S019,R001V2,9,12,10
S019,R002V2,9,6,10
S019,R003V2,9,24,10
S019,R004V3,9,12,10
S019,R005V2,9,12,10
S019,Y002V3,9,24,10
S019,B010,10,6,11
S019,S001,10,24,11
S019,S002,10,24,11
S019,S007,10,12,11
S019,K004,10,6,11
S019,K005,10,6,11
S019,R008,10,24,11
S019,A007,10,6,11
S019,B001V1,10,24,11
S019,B001V3,10,24,11
S019,B003V1,10,24,11
S019,B005V3,10,12,11
S019,B009V3,10,36,11
S019,S001V1,10,24,11
S019,S001V3,10,24,11
S019,S002V2,10,24,11
S019,S003V2,10,24,11
S019,S004V3,10,12,11
S019,S006V2,10,6,11
S019,S007V3,10,12,11
S019,S009V1,10,6,11
S019,K001V1,10,12,11
S019,K003V1,10,6,11
S019,K004V3,10,18,11
S019,K007V3,10,12,11
S019,R002V1,10,6,11
S019,R004V3,10,12,11
S019,Y002V1,10,24,11
S019,B004,11,12,12
S019,S001,11,24,12
S019,S007,11,12,12
S019,K002,11,24,12
S019,K004,11,6,12
S019,K005,11,6,12
S019,K006,11,24,12
S019,K007,11,12,12
S019,R002,11,6,12
S019,R005,11,12,12
S019,A001,11,6,12
S019,A002,11,24,12
S019,B001V3,11,24,12
S019,B002V3,11,24,12
S019,B003V3,11,24,12
S019,B008V2,11,24,12
S019,B009V3,11,6,12
S019,B010V3,11,6,12
S019,S001V1,11,24,12
S019,S001V3,11,24,12
S019,S002V1,11,24,12
S019,S003V1,11,24,12
S019,S006V2,11,6,12
S019,S007V2,11,12,12
S019,S007V3,11,12,12
S019,S008V3,11,6,12
S019,K001V1,11,12,12
S019,K004V3,11,18,12
S019,K006V1,11,24,12
S019,K009V1,11,6,12
S019,R002V2,11,6,12
S019,R003V1,11,24,12
S019,R003V3,11,24,12
S019,R004V1,11,12,12
S019,R004V3,11,12,12
S019,R009V1,11,12,12
S019,B001,12,24,13
S019,B003,12,24,13
S019,B005,12,12,13
S019,B008,12,24,13
S019,S002,12,24,13
S019,S004,12,12,13
S019,K010,12,6,13
S019,R009,12,12,13
S019,Y002,12,24,13
S019,Y003,12,6,13
S019,Y004,12,6,13
S019,A001,12,6,13
S019,A002,12,24,13
S019,B009V3,12,6,13
S019,S001V3,12,24,13
S019,S002V2,12,24,13
S019,S003V1,12,24,13
S019,S003V2,12,24,13
S019,S004V3,12,12,13
S019,S009V1,12,6,13
S019,S009V2,12,6,13
S019,K001V1,12,12,13
S019,K004V3,12,12,13
S019,R001V1,12,12,13
S019,R001V2,12,12,13
S019,R002V1,12,6,13
S019,R002V2,12,6,13
S019,R002V3,12,6,13
S019,R003V1,12,24,13
S019,R003V2,12,24,13
S019,R004V1,12,12,13
S019,R004V3,12,12,13
S019,Y001V2,12,24,13
S019,B008,13,24,14
S019,S002,13,24,14
S019,S007,13,12,14
S019,S008,13,6,14
S019,K004,13,6,14
S019,K005,13,6,14
S019,K009,13,6,14
S019,K010,13,6,14
S019,R002,13,6,14
S019,R008,13,24,14
S019,B001V3,13,24,14
S019,B002V2,13,24,14
S019,B007V2,13,24,14
S019,B009V3,13,6,14
S019,S002V1,13,24,14
S019,S002V2,13,24,14
S019,S006V1,13,6,14
S019,S006V2,13,6,14
S019,S007V3,13,12,14
S019,S010V1,13,6,14
S019,K001V1,13,12,14
S019,K001V2,13,12,14
S019,K004V3,13,12,14
S019,K006V1,13,24,14
S019,K006V2,13,24,14
S019,R001V1,13,12,14
S019,R001V2,13,12,14
S019,R002V1,13,6,14
S019,R002V2,13,6,14
S019,R005V3,13,12,14
S019,R008V1,13,24,14
S019,R008V3,13,24,14
S019,Y002V3,13,24,14
S019,B004,14,12,15
S019,B005,14,12,15
S019,S002,14,24,15
S019,S007,14,12,15
S019,S008,14,6,15
S019,K002,14,24,15
S019,K004,14,6,15
S019,K007,14,12,15
S019,R002,14,6,15
S019,R004,14,12,15
S019,B002V2,14,24,15
S019,B003V1,14,24,15
S019,B005V1,14,12,15
S019,B007V2,14,24,15
S019,B009V3,14,6,15
S019,S002V2,14,24,15
S019,S004V3,14,12,15
S019,S006V1,14,6,15
S019,S006V2,14,6,15
S019,S009V1,14,6,15
S019,K001V1,14,12,15
S019,K002V2,14,24,15
S019,K002V3,14,24,15
S019,K003V1,14,6,15
S019,K006V2,14,24,15
S019,K007V3,14,12,15
S019,R003V3,14,24,15
S019,R005V1,14,12,15
S019,R010V2,14,24,15
S019,S002,15,24,16
S019,K004,15,6,16
S019,K005,15,6,16
S019,K006,15,24,16
S019,K007,15,12,16
S019,K010,15,6,16
S019,R001,15,12,16
S019,B002V1,15,24,16
S019,B002V2,15,24,16
S019,B003V1,15,24,16
S019,B009V3,15,6,16
S019,S002V1,15,24,16
S019,S002V2,15,24,16
S019,S004V2,15,12,16
S019,S006V1,15,6,16
S019,S007V3,15,12,16
S019,S008V3,15,6,16
S019,K002V3,15,24,16
S019,K003V2,15,6,16
S019,K004V2,15,6,16
S019,K004V3,15,6,16
S019,K005V1,15,6,16
S019,K009V1,15,6,16
S019,R001V1,15,12,16
S019,R002V2,15,6,16
S019,R004V2,15,12,16
S019,R008V1,15,24,16
S019,R008V3,15,24,16
S019,B005,16,12,17
S019,S002,16,24,17
S019,S004,16,12,17
S019,S007,16,12,17
S019,S009,16,6,17
S019,K002,16,24,17
S019,K004,16,6,17
S019,K006,16,24,17
S019,K007,16,12,17
S019,K010,16,6,17
S019,R009,16,12,17
S019,Y001,16,24,17
S019,Y003,16,6,17
S019,A003,16,24,17
S019,A007,16,6,17
S019,B001V2,16,24,17
S019,B004V3,16,12,17
S019,B007V2,16,24,17
S019,B008V2,16,24,17
S019,B009V3,16,6,17
S019,B010V1,16,6,17
S019,B010V3,16,6,17
S019,S001V2,16,24,17
S019,S002V1,16,24,17
S019,S003V1,16,24,17
S019,S003V2,16,24,17
S019,S007V2,16,12,17
S019,S008V3,16,6,17
S019,S009V2,16,6,17
S019,S010V1,16,6,17
S019,K001V1,16,12,17
S019,K002V3,16,24,17
S019,K003V1,16,6,17
S019,K004V3,16,6,17
S019,K006V1,16,24,17
S019,K007V1,16,12,17
S019,R001V1,16,12,17
S019,R002V1,16,6,17
S019,R003V2,16,24,17
S019,R003V3,16,24,17
S019,R004V1,16,12,17
S019,R004V3,16,12,17
S019,B004,17,12,18
S019,S001,17,24,18
S019,K004,17,6,18
S019,K005,17,6,18
S019,K007,17,12,18
S019,K008,17,6,18
S019,K009,17,6,18
S019,K010,17,6,18
S019,R005,17,12,18
S019,R008,17,24,18
S019,Y006,17,6,18
S019,A001,17,6,18
S019,A002,17,24,18
S019,B003V3,17,24,18
S019,B005V3,17,12,18
S019,B007V2,17,24,18
S019,B008V2,17,24,18
S019,B009V2,17,6,18
S019,B009V3,17,6,18
S019,B010V1,17,6,18
S019,S003V2,17,24,18
S019,S004V2,17,12,18
S019,S004V3,17,12,18
S019,S007V3,17,12,18
S019,S009V2,17,6,18
S019,S010V1,17,6,18
S019,K001V1,17,12,18
S019,K004V2,17,6,18
S019,K004V3,17,6,18
S019,K010V2,17,6,18
S019,R002V1,17,6,18
S019,R002V2,17,6,18
S019,R004V3,17,12,18
S019,R008V2,17,24,18
S019,R009V1,17,12,18
S019,Y002V3,17,24,18
S019,B005,18,12,19
S019,B006,18,24,19
S019,S002,18,24,19
S019,S004,18,12,19
S019,S007,18,12,19
S019,K002,18,24,19
S019,K004,18,6,19
S019,K005,18,6,19
S019,K008,18,6,19
S019,K009,18,6,19
S019,R005,18,12,19
S019,R010,18,24,19
S019,B001V2,18,24,19
S019,B002V1,18,24,19
S019,B002V3,18,24,19
S019,B003V3,18,24,19
S019,B008V2,18,24,19
S019,B009V3,18,6,19
S019,B010V2,18,6,19
S019,S001V1,18,24,19
S019,S006V2,18,6,19
S019,S007V2,18,12,19
S019,S010V1,18,6,19
S019,K001V1,18,12,19
S019,K003V2,18,6,19
S019,K004V3,18,6,19
S019,R001V1,18,12,19
S019,R001V2,18,12,19
S019,R002V1,18,6,19
S019,R003V1,18,24,19
S019,R003V2,18,24,19
S019,R004V1,18,12,19
S019,R004V3,18,12,19
S019,R007V1,18,6,19
S019,R008V1,18,24,19
S019,R008V3,18,24,19
S019,R009V1,18,12,19
S019,Y001V3,18,24,19
S019,B002,19,24,20
S019,B006,19,24,20
S019,B007,19,24,20
S019,S007,19,12,20
S019,S008,19,6,20
S019,S009,19,6,20
S019,K005,19,6,20
S019,R002,19,6,20
S019,R005,19,12,20
S019,R009,19,12,20
S019,R010,19,24,20
S019,Y001,19,24,20
S019,Y006,19,6,20
S019,A005,19,6,20
S019,B001V3,19,24,20
S019,B003V1,19,24,20
S019,B005V3,19,12,20
S019,B008V2,19,24,20
S019,B009V3,19,6,20
S019,B010V1,19,6,20
S019,S001V1,19,24,20
S019,S002V2,19,24,20
S019,S006V2,19,6,20
S019,S008V3,19,6,20
S019,S010V1,19,6,20
S019,K001V1,19,12,20
S019,K004V3,19,6,20
S019,R001V1,19,12,20
S019,R001V2,19,12,20
S019,R002V1,19,6,20
S019,R002V2,19,6,20
S019,R002V3,19,6,20
S019,R003V3,19,24,20
S019,R004V2,19,12,20
S019,R004V3,19,12,20
S019,R005V1,19,12,20
S019,R008V3,19,24,20
S019,R010V3,19,24,20
S019,Y002V3,19,24,20
S019,B003,20,24,21
S019,B005,20,12,21
S019,B007,20,24,21
S019,B008,20,24,21
S019,S002,20,24,21
S019,S007,20,12,21
S019,K004,20,6,21
S019,K005,20,6,21
S019,K006,20,24,21
S019,R006,20,6,21
S019,R007,20,6,21
S019,R008,20,24,21
S019,R009,20,12,21
S019,Y003,20,6,21
S019,A002,20,24,21
S019,B001V3,20,24,21
S019,B002V2,20,24,21
S019,B003V3,20,24,21
S019,B005V1,20,12,21
S019,B007V2,20,24,21
S019,B009V3,20,6,21
S019,S001V1,20,24,21
S019,S002V2,20,24,21
S019,S003V1,20,24,21
S019,S006V2,20,6,21
S019,S009V3,20,6,21
S019,S010V1,20,6,21
S019,K001V1,20,12,21
S019,K001V2,20,12,21
S019,K004V3,20,6,21
S019,K006V1,20,24,21
S019,K007V1,20,12,21
S019,K009V1,20,6,21
S019,R001V2,20,12,21
S019,R002V1,20,6,21
S019,R002V3,20,6,21
S019,R003V2,20,24,21
S019,R007V1,20,6,21
S019,Y002V3,20,24,21
S019,B002,21,24,22
S019,B005,21,12,22
S019,B006,21,24,22
S019,B007,21,24,22
S019,B010,21,6,22
S019,S001,21,24,22
S019,S003,21,24,22
S019,S004,21,12,22
S019,S007,21,12,22
S019,K005,21,6,22
S019,K010,21,6,22
S019,R006,21,6,22
S019,R009,21,12,22
S019,A008,21,12,22
S019,B001V2,21,24,22
S019,B003V3,21,24,22
S019,B007V2,21,24,22
S019,B009V3,21,6,22
S019,S001V2,21,24,22
S019,S002V1,21,24,22
S019,S002V2,21,24,22
S019,S003V1,21,24,22
S019,S004V3,21,12,22
S019,S006V2,21,6,22
S019,S009V3,21,6,22
S019,S010V1,21,6,22
S019,K001V1,21,12,22
S019,K004V3,21,6,22
S019,R003V2,21,24,22
S019,R010V2,21,24,22
S019,Y002V3,21,24,22
S019,B003,22,24,23
S019,B007,22,24,23
S019,S001,22,24,23
S019,S003,22,24,23
S019,S007,22,12,23
S019,K006,22,24,23
S019,K009,22,6,23
S019,R010,22,24,23
S019,A002,22,24,23
S019,B002V2,22,24,23
S019,B004V2,22,12,23
S019,B006V1,22,24,23
S019,B009V2,22,6,23
S019,B009V3,22,6,23
S019,B010V1,22,6,23
S019,S002V1,22,24,23
S019,S003V2,22,24,23
S019,S003V3,22,24,23
S019,S004V2,22,12,23
S019,S006V3,22,6,23
S019,S009V1,22,6,23
S019,S010V1,22,6,23
S019,K001V1,22,12,23
S019,K004V3,22,6,23
S019,K009V1,22,6,23
S019,K010V1,22,6,23
S019,R002V2,22,6,23
S019,R003V1,22,24,23
S019,R003V3,22,24,23
S019,R005V2,22,12,23
S019,R008V2,22,24,23
S019,B003,23,24,24
S019,S009,23,6,24
S019,K004,23,6,24
S019,K005,23,6,24
S019,R001,23,12,24
S019,R002,23,6,24
S019,R005,23,12,24
S019,Y002,23,24,24
S019,A002,23,24,24
S019,B003V1,23,24,24
S019,B005V1,23,12,24
S019,B007V2,23,24,24
S019,B008V2,23,24,24
S019,B009V2,23,6,24
S019,S001V1,23,24,24
S019,S001V2,23,24,24
S019,S002V1,23,24,24
S019,S002V2,23,24,24
S019,S004V2,23,12,24
S019,S007V3,23,12,24
S019,S008V3,23,6,24
S019,K001V1,23,12,24
S019,K002V1,23,24,24
S019,K003V1,23,6,24
S019,K003V2,23,6,24
S019,K004V3,23,6,24
S019,K010V1,23,6,24
S019,R002V1,23,6,24
S019,R003V1,23,24,24
S019,R004V2,23,12,24
S019,R004V3,23,12,24
S019,R005V1,23,12,24
S019,R007V1,23,6,24
S019,R008V1,23,24,24
S019,R010V3,23,24,24
S019,B008,24,24,25
S019,S001,24,24,25
S019,S004,24,12,25
S019,S007,24,12,25
S019,S009,24,6,25
S019,K004,24,6,25
S019,K005,24,6,25
S019,K010,24,6,25
S019,R004,24,12,25
S019,R005,24,12,25
S019,R008,24,24,25
S019,R009,24,12,25
S019,Y001,24,24,25
S019,Y002,24,24,25
S019,Y004,24,6,25
S019,A002,24,24,25
S019,B001V3,24,24,25
S019,B002V2,24,24,25
S019,B005V1,24,12,25
S019,B005V3,24,12,25
S019,B006V1,24,24,25
S019,B007V3,24,24,25
S019,B009V3,24,6,25
S019,B010V1,24,6,25
S019,S001V1,24,24,25
S019,S001V3,24,24,25
S019,S002V1,24,24,25
S019,S004V3,24,12,25
S019,S006V2,24,6,25
S019,S007V3,24,12,25
S019,S010V1,24,6,25
S019,K002V1,24,24,25
S019,K002V3,24,24,25
S019,K003V1,24,6,25
S019,K004V3,24,6,25
S019,K006V1,24,24,25
S019,K007V1,24,12,25
S019,K007V3,24,12,25
S019,K010V1,24,6,25
S019,R001V1,24,12,25
S019,R002V1,24,6,25
S019,R002V2,24,6,25
S019,R004V1,24,12,25
S019,R004V2,24,12,25
S019,R005V3,24,12,25
S019,R007V1,24,6,25
S019,R008V2,24,24,25
S019,R010V2,24,24,25
S019,B003,25,24,26
S019,B004,25,12,26
S019,B005,25,12,26
S019,B006,25,24,26
S019,B007,25,24,26
S019,S001,25,24,26
S019,S003,25,24,26
S019,S009,25,6,26
S019,K004,25,6,26
S019,K005,25,6,26
S019,K006,25,24,26
S019,K009,25,6,26
S019,K010,25,6,26
S019,R005,25,12,26
S019,A002,25,24,26
S019,A004,25,6,26
S019,B003V1,25,24,26
S019,B003V3,25,24,26
S019,B006V1,25,24,26
S019,B009V3,25,6,26
S019,B010V1,25,6,26
S019,S002V2,25,24,26
S019,S003V1,25,24,26
S019,S004V2,25,12,26
S019,S004V3,25,12,26
S019,S006V2,25,6,26
S019,S008V3,25,6,26
S019,K001V1,25,12,26
S019,K002V1,25,24,26
S019,K002V3,25,24,26
S019,K003V1,25,6,26
S019,K004V3,25,6,26
S019,K010V1,25,6,26
S019,R001V1,25,12,26
S019,R002V1,25,6,26
S019,R003V2,25,24,26
S019,R003V3,25,24,26
S019,R004V2,25,12,26
S019,R005V3,25,12,26
S019,R010V2,25,24,26
S019,Y001V2,25,24,26
S019,S001,26,24,27
S019,S002,26,24,27
S019,S004,26,12,27
S019,K002,26,24,27
S019,K005,26,6,27
S019,K006,26,24,27
S019,B002V2,26,24,27
S019,B004V2,26,12,27
S019,B005V1,26,12,27
S019,B009V3,26,6,27
S019,B010V1,26,6,27
S019,B010V3,26,6,27
S019,S001V1,26,24,27
S019,S001V2,26,24,27
S019,S003V1,26,24,27
S019,S006V2,26,6,27
S019,S006V3,26,6,27
S019,S007V1,26,12,27
S019,S008V3,26,6,27
S019,S010V1,26,6,27
S019,K002V1,26,24,27
S019,K003V2,26,6,27
S019,K004V1,26,6,27
S019,K004V3,26,6,27
S019,K010V1,26,6,27
S019,K010V2,26,6,27
S019,R001V1,26,12,27
S019,R002V1,26,6,27
S019,R002V2,26,6,27
S019,R003V1,26,24,27
S019,R004V1,26,12,27
S019,R005V1,26,12,27
S019,R005V2,26,12,27
S019,R009V1,26,12,27
S019,R010V2,26,24,27
S019,Y002V3,26,24,27
S019,B004,27,12,28
S019,B005,27,12,28
S019,S001,27,24,28
S019,S002,27,24,28
S019,S003,27,24,28
S019,S004,27,12,28
S019,S009,27,6,28
S019,K002,27,24,28
S019,K004,27,6,28
S019,K005,27,6,28
S019,K009,27,6,28
S019,A002,27,24,28
S019,A003,27,24,28
S019,B003V1,27,24,28
S019,B007V2,27,24,28
S019,B008V2,27,24,28
S019,B009V3,27,6,28
S019,S001V1,27,24,28
S019,S001V2,27,24,28
S019,S002V2,27,24,28
S019,S008V3,27,6,28
S019,S009V3,27,6,28
S019,K001V1,27,12,28
S019,K003V2,27,6,28
S019,K004V2,27,6,28
S019,K007V1,27,12,28
S019,K007V3,27,12,28
S019,K010V1,27,6,28
S019,R001V1,27,12,28
S019,R002V1,27,6,28
S019,R003V1,27,24,28
S019,R003V2,27,24,28
S019,R003V3,27,24,28
S019,R007V1,27,6,28
S019,R008V2,27,24,28
S019,Y002V3,27,24,28
S019,B002,28,24,29
S019,B006,28,24,29
S019,S002,28,24,29
S019,S004,28,12,29
S019,K004,28,6,29
S019,K008,28,6,29
S019,K009,28,6,29
S019,R001,28,12,29
S019,R009,28,12,29
S019,B003V1,28,24,29
S019,B004V3,28,12,29
S019,B009V3,28,6,29
S019,B010V3,28,6,29
S019,S001V3,28,24,29
S019,S002V1,28,24,29
S019,S003V1,28,24,29
S019,S008V3,28,6,29
S019,K001V1,28,12,29
S019,K002V1,28,24,29
S019,K006V1,28,24,29
S019,K010V1,28,6,29
S019,R001V1,28,12,29
S019,R002V1,28,6,29
S019,R002V2,28,6,29
S019,R004V2,28,12,29
S019,R004V3,28,12,29
S019,R006V1,28,6,29
S019,R008V1,28,24,29
S019,B002,29,24,30
S019,B007,29,24,30
S019,S007,29,12,30
S019,S009,29,6,30
S019,K009,29,6,30
S019,K010,29,6,30
S019,R006,29,6,30
S019,R009,29,12,30
S019,Y003,29,6,30
S019,A007,29,6,30
S019,B001V3,29,24,30
S019,B009V3,29,6,30
S019,S003V1,29,24,30
S019,S003V2,29,24,30
S019,S004V2,29,12,30
S019,S004V3,29,12,30
S019,S009V3,29,6,30
S019,K001V1,29,12,30
S019,K003V1,29,6,30
S019,K004V3,29,6,30
S019,K005V1,29,6,30
S019,K010V1,29,6,30
S019,K010V3,29,6,30
S019,R001V1,29,12,30
S019,R002V2,29,6,30
S019,R003V3,29,24,30
S019,R004V1,29,12,30
S019,R005V1,29,12,30
S019,R005V2,29,12,30
S019,R008V3,29,24,30
S019,R010V2,29,24,30
S019,Y001V2,29,24,30
S019,Y002V3,29,24,30
S019,B004,30,12,31
S019,S001,30,24,31
S019,S002,30,24,31
S019,K004,30,6,31
S019,K005,30,6,31
S019,K009,30,6,31
S019,K010,30,6,31
S019,R008,30,24,31
S019,R009,30,12,31
S019,B003V1,30,24,31
S019,B007V2,30,24,31
S019,B009V2,30,6,31
S019,B009V3,30,6,31
S019,S001V1,30,24,31
S019,S003V1,30,24,31
S019,S009V3,30,6,31
S019,S010V3,30,6,31
S019,K001V1,30,12,31
S019,K002V1,30,24,31
S019,K002V3,30,24,31
S019,K004V3,30,6,31
S019,K005V1,30,6,31
S019,K009V1,30,6,31
S019,R001V1,30,12,31
S019,R001V2,30,12,31
S019,R002V1,30,6,31
S019,R002V2,30,6,31
S019,R002V3,30,6,31
S019,R003V3,30,24,31
S019,Y001V3,30,24,31
S019,Y002V3,30,24,31
S019,B003,31,24,32
S019,B004,31,12,32
S019,B007,31,24,32
S019,B010,31,6,32
S019,S009,31,6,32
S019,K003,31,6,32
S019,K004,31,6,32
S019,K010,31,6,32
S019,R002,31,6,32
S019,R005,31,12,32
S019,Y004,31,6,32
S019,B001V3,31,24,32
S019,B005V1,31,12,32
S019,B005V3,31,12,32
S019,B007V3,31,24,32
S019,B009V3,31,6,32
S019,S001V1,31,24,32
S019,S001V3,31,24,32
S019,S002V1,31,24,32
S019,S007V2,31,12,32
S019,S007V3,31,12,32
S019,S010V3,31,6,32
S019,K001V1,31,12,32
S019,K004V2,31,6,32
S019,K004V3,31,6,32
S019,K005V3,31,6,32
S019,K006V1,31,24,32
S019,K007V1,31,12,32
S019,K009V1,31,6,32
S019,R001V1,31,12,32
S019,R002V1,31,6,32
S019,R003V1,31,24,32
S019,R004V2,31,12,32
S019,R004V3,31,12,32
S019,R005V3,31,12,32
S019,B002,32,24,33
S019,B008,32,24,33
S019,K001,32,12,33
S019,K003,32,6,33
S019,K006,32,24,33
S019,R002,32,6,33
S019,R005,32,12,33
S019,A002,32,24,33
S019,B004V2,32,12,33
S019,B009V1,32,6,33
S019,B009V2,32,6,33
S019,B010V1,32,6,33
S019,S001V2,32,24,33
S019,S003V2,32,24,33
S019,S007V3,32,12,33
S019,S009V1,32,6,33
S019,S010V3,32,6,33
S019,K001V1,32,12,33
S019,K002V1,32,24,33
S019,K003V1,32,6,33
S019,K004V3,32,6,33
S019,K006V1,32,24,33
S019,K009V1,32,6,33
S019,K010V1,32,6,33
S019,R001V1,32,12,33
S019,R001V2,32,12,33
S019,R002V1,32,6,33
S019,R002V2,32,6,33
S019,R003V1,32,24,33
S019,R004V3,32,12,33
S019,B003,33,24,34
S019,B005,33,12,34
S019,B007,33,24,34
S019,S002,33,24,34
S019,S006,33,6,34
S019,S009,33,6,34
S019,K004,33,6,34
S019,R001,33,12,34
S019,R008,33,24,34
S019,R009,33,12,34
S019,R010,33,24,34
S019,Y002,33,24,34
S019,A001,33,6,34
S019,B001V3,33,24,34
S019,B002V2,33,24,34
S019,B003V3,33,24,34
S019,B009V3,33,6,34
S019,B010V1,33,6,34
S019,B010V3,33,6,34
S019,S003V1,33,24,34
S019,S006V3,33,6,34
S019,S007V3,33,12,34
S019,S008V3,33,6,34
S019,S009V3,33,6,34
S019,K001V1,33,12,34
S019,K002V3,33,24,34
S019,K003V1,33,6,34
S019,R001V1,33,12,34
S019,R002V1,33,6,34
S019,R002V2,33,6,34
S019,R003V3,33,24,34
S019,R004V2,33,12,34
S019,R004V3,33,12,34
S019,R008V3,33,24,34
S019,B003,34,24,35
S019,B007,34,24,35
S019,B008,34,24,35
S019,S003,34,24,35
S019,S007,34,12,35
S019,K001,34,12,35
S019,K003,34,6,35
S019,K004,34,6,35
S019,K005,34,6,35
S019,K006,34,24,35
S019,K010,34,6,35
S019,R001,34,12,35
S019,R008,34,24,35
S019,Y001,34,24,35
S019,Y005,34,12,35
S019,A004,34,6,35
S019,B002V2,34,24,35
S019,B002V3,34,24,35
S019,B003V1,34,24,35
S019,B003V3,34,24,35
S019,B004V2,34,12,35
S019,B006V1,34,24,35
S019,B006V3,34,24,35
S019,B008V2,34,24,35
S019,S001V3,34,24,35
S019,S002V1,34,24,35
S019,S004V3,34,12,35
S019,S006V2,34,6,35
S019,S007V3,34,12,35
S019,K001V1,34,12,35
S019,K002V1,34,24,35
S019,K002V3,34,24,35
S019,K003V2,34,6,35
S019,K007V1,34,12,35
S019,R002V2,34,6,35
S019,R002V3,34,6,35
S019,R004V1,34,12,35
S019,R004V3,34,12,35
S019,R008V1,34,24,35
S019,Y001V1,34,24,35
S019,B003,35,24,36
S019,B004,35,12,36
S019,B006,35,24,36
S019,S003,35,24,36
S019,S004,35,12,36
S019,K001,35,12,36
S019,K005,35,6,36
S019,K009,35,6,36
S019,A004,35,6,36
S019,A007,35,6,36
S019,B002V3,35,24,36
S019,B004V3,35,12,36
S019,B006V1,35,24,36
S019,B007V2,35,24,36
S019,B009V2,35,6,36
S019,B009V3,35,6,36
S019,B010V1,35,6,36
S019,S002V2,35,24,36
S019,S003V2,35,24,36
S019,S010V3,35,6,36
S019,K001V1,35,12,36
S019,K002V1,35,24,36
S019,K003V1,35,6,36
S019,K007V1,35,12,36
S019,K007V3,35,12,36
S019,K008V3,35,6,36
S019,K010V1,35,6,36
S019,R001V1,35,12,36
S019,R002V1,35,12,36
S019,R003V2,35,24,36
S019,R003V3,35,24,36
S019,R008V2,35,24,36
S019,R008V3,35,24,36
S019,R009V1,35,12,36
S019,R010V2,35,24,36
S019,Y001V2,35,24,36
S019,B002,36,24,37
S019,S002,36,24,37
S019,S003,36,24,37
S019,K003,36,6,37
S019,K005,36,6,37
S019,R008,36,24,37
S019,R009,36,12,37
S019,R010,36,24,37
S019,Y004,36,6,37
S019,Y006,36,6,37
S019,B001V3,36,24,37
S019,B002V2,36,24,37
S019,B002V3,36,24,37
S019,B003V1,36,24,37
S019,B007V2,36,24,37
S019,B009V3,36,6,37
S019,S001V2,36,24,37
S019,S001V3,36,24,37
S019,S002V2,36,24,37
S019,S004V2,36,12,37
S019,S008V1,36,6,37
S019,S009V1,36,6,37
S019,S010V3,36,6,37
S019,K001V1,36,12,37
S019,K002V1,36,24,37
S019,K003V2,36,6,37
S019,K004V3,36,6,37
S019,K005V1,36,6,37
S019,K005V3,36,6,37
S019,K007V1,36,12,37
S019,R001V1,36,12,37
S019,R002V2,36,6,37
S019,R002V3,36,6,37
S019,R003V1,36,24,37
S019,R004V1,36,12,37
S019,B003,37,24,38
S019,R001,37,12,38
S019,R004,37,12,38
S019,R010,37,24,38
S019,B007V2,37,24,38
S019,B009V2,37,6,38
S019,B010V1,37,6,38
S019,S001V2,37,24,38
S019,S002V1,37,24,38
S019,S002V2,37,24,38
S019,S003V1,37,24,38
S019,S007V2,37,12,38
S019,S007V3,37,12,38
S019,S009V3,37,6,38
S019,K002V3,37,24,38
S019,K004V3,37,6,38
S019,K005V3,37,6,38
S019,R001V1,37,12,38
S019,R003V3,37,24,38
S019,R004V1,37,12,38
S019,R005V1,37,12,38
S019,R005V2,37,12,38
S019,S004,38,12,39
S019,S007,38,12,39
S019,K003,38,6,39
S019,K005,38,6,39
S019,K006,38,24,39
S019,K007,38,12,39
S019,R004,38,12,39
S019,R005,38,12,39
S019,R008,38,24,39
S019,B009V3,38,6,39
S019,S001V2,38,24,39
S019,S004V2,38,12,39
S019,S006V1,38,6,39
S019,S009V1,38,6,39
S019,S009V3,38,6,39
S019,S010V3,38,6,39
S019,K001V1,38,12,39
S019,K003V1,38,6,39
S019,K004V2,38,6,39
S019,K004V3,38,6,39
S019,K006V1,38,24,39
S019,K010V1,38,6,39
S019,K010V2,38,6,39
S019,R001V1,38,12,39
S019,R001V2,38,12,39
S019,R003V3,38,24,39
S019,R005V2,38,12,39
S019,Y001V1,38,24,39
S019,B002,39,24,40
S019,B004,39,12,40
S019,B006,39,24,40
S019,S007,39,12,40
S019,K001,39,12,40
S019,K005,39,6,40
S019,K009,39,6,40
S019,K010,39,6,40
S019,R002,39,6,40
S019,R005,39,12,40
S019,R008,39,24,40
S019,R009,39,12,40
S019,A007,39,6,40
S019,B002V2,39,24,40
S019,B003V1,39,24,40
S019,B003V3,39,24,40
S019,B004V1,39,12,40
S019,B006V1,39,24,40
S019,B007V2,39,24,40
S019,B008V2,39,24,40
S019,B009V3,39,6,40
S019,S001V2,39,24,40
S019,S002V2,39,24,40
S019,S003V2,39,24,40
S019,S004V2,39,12,40
S019,S006V2,39,6,40
S019,S009V3,39,6,40
S019,K002V1,39,24,40
S019,K003V1,39,6,40
S019,K004V3,39,6,40
S019,K005V2,39,6,40
S019,K005V3,39,6,40
S019,K006V1,39,24,40
S019,K008V3,39,6,40
S019,K010V1,39,6,40
S019,R001V1,39,12,40
S019,R004V2,39,12,40
S019,R004V3,39,12,40
S019,R005V1,39,12,40
S019,R005V2,39,12,40
S019,R008V1,39,24,40
S019,R010V3,39,24,40
S019,B002,40,24,41
S019,B003,40,24,41
S019,B007,40,24,41
S019,B010,40,6,41
S019,S001,40,24,41
S019,S003,40,24,41
S019,S004,40,12,41
S019,S009,40,6,41
S019,K003,40,6,41
S019,K004,40,6,41
S019,K005,40,6,41
S019,K009,40,6,41
S019,Y004,40,6,41
S019,A001,40,6,41
S019,B003V1,40,24,41
S019,B006V1,40,24,41
S019,S001V1,40,24,41
S019,S004V2,40,12,41
S019,S004V3,40,12,41
S019,S006V1,40,6,41
S019,S007V2,40,12,41
S019,S007V3,40,12,41
S019,S008V3,40,6,41
S019,S010V3,40,6,41
S019,K001V1,40,12,41
S019,K002V1,40,24,41
S019,K002V2,40,24,41
S019,K004V3,40,6,41
S019,K005V3,40,6,41
S019,K010V1,40,6,41
S019,R001V1,40,12,41
S019,R002V1,40,6,41
S019,R002V2,40,6,41
S019,R003V1,40,24,41
S019,R003V2,40,24,41
S019,R004V3,40,12,41
S019,B007,41,24,42
S019,S001,41,24,42
S019,S004,41,12,42
S019,S007,41,12,42
S019,K002,41,24,42
S019,K004,41,6,42
S019,K005,41,6,42
S019,K009,41,6,42
S019,K010,41,6,42
S019,R004,41,12,42
S019,R009,41,12,42
S019,Y001,41,24,42
S019,Y004,41,6,42
S019,A002,41,24,42
S019,B003V1,41,24,42
S019,B007V1,41,24,42
S019,B009V2,41,6,42
S019,S001V2,41,24,42
S019,S003V2,41,24,42
S019,S006V2,41,6,42
S019,S007V3,41,12,42
S019,S008V3,41,6,42
S019,S009V3,41,6,42
S019,S010V3,41,6,42
S019,K001V1,41,12,42
S019,K002V1,41,24,42
S019,K004V3,41,6,42
S019,K005V2,41,6,42
S019,K010V1,41,6,42
S019,R001V1,41,12,42
S019,R002V2,41,6,42
S019,R003V1,41,24,42
S019,R003V2,41,24,42
S019,R003V3,41,24,42
S019,R004V1,41,12,42
S019,Y001V1,41,24,42
S019,Y001V2,41,24,42
S019,B004,42,12,43
S019,S004,42,12,43
S019,S009,42,6,43
S019,K001,42,12,43
S019,K005,42,6,43
S019,K009,42,6,43
S019,R007,42,6,43
S019,R008,42,24,43
S019,Y003,42,6,43
S019,B008V2,42,24,43
S019,B009V2,42,6,43
S019,B009V3,42,6,43
S019,S001V2,42,24,43
S019,S001V3,42,24,43
S019,S003V2,42,24,43
S019,S006V1,42,6,43
S019,S008V3,42,6,43
S019,K002V1,42,24,43
S019,K004V3,42,6,43
S019,K010V2,42,6,43
S019,R001V1,42,12,43
S019,R001V2,42,12,43
S019,R002V1,42,6,43
S019,R002V3,42,6,43
S019,R003V1,42,24,43
S019,R003V3,42,24,43
S019,Y001V1,42,24,43
S019,S001,43,24,44
S019,K003,43,6,44
S019,K009,43,6,44
S019,R001,43,12,44
S019,R004,43,12,44
S019,R006,43,6,44
S019,R007,43,6,44
S019,R009,43,12,44
S019,A001,43,6,44
S019,B004V2,43,12,44
S019,B005V1,43,12,44
S019,B007V2,43,24,44
S019,B009V1,43,6,44
S019,B009V2,43,6,44
S019,B009V3,43,6,44
S019,B010V1,43,6,44
S019,B010V3,43,6,44
S019,S001V1,43,24,44
S019,S001V3,43,24,44
S019,S002V2,43,24,44
S019,S003V1,43,24,44
S019,S004V2,43,12,44
S019,S005V2,43,12,44
S019,S007V1,43,12,44
S019,S007V2,43,12,44
S019,K001V1,43,12,44
S019,K003V2,43,6,44
S019,K004V2,43,6,44
S019,K004V3,43,6,44
S019,K005V3,43,6,44
S019,K007V1,43,12,44
S019,R001V1,43,12,44
S019,R002V1,43,6,44
S019,R004V2,43,12,44
S019,R007V1,43,6,44
S019,Y001V2,43,24,44
S019,B003,44,24,45
S019,B004,44,12,45
S019,B007,44,24,45
S019,S001,44,24,45
S019,S002,44,24,45
S019,S003,44,24,45
S019,S007,44,12,45
S019,S009,44,6,45
S019,K005,44,6,45
S019,R002,44,6,45
S019,R009,44,12,45
S019,A001,44,6,45
S019,B002V2,44,24,45
S019,B002V3,44,24,45
S019,B004V1,44,12,45
S019,B006V1,44,24,45
S019,B008V2,44,24,45
S019,B009V1,44,6,45
S019,B009V3,44,6,45
S019,B010V1,44,6,45
S019,B010V2,44,6,45
S019,B010V3,44,6,45
S019,S001V1,44,24,45
S019,S001V2,44,24,45
S019,S002V2,44,24,45
S019,S004V2,44,12,45
S019,S004V3,44,12,45
S019,S005V2,44,12,45
S019,S006V1,44,6,45
S019,S009V1,44,6,45
S019,S010V1,44,6,45
S019,K001V1,44,12,45
S019,K002V1,44,24,45
S019,K004V3,44,6,45
S019,K005V2,44,6,45
S019,K006V1,44,24,45
S019,R001V1,44,12,45
S019,R001V2,44,12,45
S019,R002V1,44,6,45
S019,R002V2,44,6,45
S019,R002V3,44,6,45
S019,R004V1,44,12,45
S019,R004V3,44,12,45
S019,R005V3,44,12,45
S019,R009V1,44,12,45
S019,B002,45,24,46
S019,B004,45,12,46
S019,S004,45,12,46
S019,S007,45,12,46
S019,S009,45,6,46
S019,R001,45,12,46
S019,R008,45,24,46
S019,R009,45,12,46
S019,Y002,45,24,46
S019,Y004,45,6,46
S019,B003V1,45,24,46
S019,B009V1,45,6,46
S019,B009V3,45,6,46
S019,B010V3,45,6,46
S019,S002V1,45,24,46
S019,S002V2,45,24,46
S019,S007V3,45,12,46
S019,S009V2,45,6,46
S019,S009V3,45,6,46
S019,K001V1,45,12,46
S019,K002V1,45,24,46
S019,K004V3,45,6,46
S019,R001V2,45,12,46
S019,R004V1,45,12,46
S019,R004V3,45,12,46
S019,R009V2,45,12,46
S019,Y001V2,45,24,46
S019,Y002V3,45,24,46
S019,B003,46,24,47
S019,B007,46,24,47
S019,K006,46,24,47
S019,K010,46,6,47
S019,R001,46,12,47
S019,R009,46,12,47
S019,Y002,46,24,47
S019,B004V2,46,12,47
S019,B004V3,46,12,47
S019,B005V3,46,12,47
S019,B006V1,46,24,47
S019,B006V2,46,24,47
S019,B007V1,46,24,47
S019,B008V2,46,24,47
S019,B009V2,46,6,47
S019,B009V3,46,6,47
S019,B010V1,46,6,47
S019,S001V2,46,24,47
S019,S001V3,46,24,47
S019,S002V2,46,24,47
S019,S003V1,46,24,47
S019,S004V3,46,12,47
S019,S006V1,46,6,47
S019,S007V3,46,12,47
S019,S009V3,46,6,47
S019,S010V3,46,6,47
S019,K004V3,46,6,47
S019,K005V3,46,6,47
S019,K006V1,46,24,47
S019,R001V1,46,12,47
S019,R002V1,46,6,47
S019,R002V2,46,6,47
S019,R004V2,46,12,47
S019,R005V2,46,12,47
S019,R007V2,46,6,47
S019,Y002V3,46,24,47
S019,B002,47,24,48
S019,B003,47,24,48
S019,B007,47,24,48
S019,S002,47,24,48
S019,S006,47,6,48
S019,K005,47,6,48
S019,K010,47,6,48
S019,R002,47,6,48
S019,R005,47,12,48
S019,R009,47,12,48
S019,A001,47,6,48
S019,B001V3,47,24,48
S019,B002V1,47,24,48
S019,B003V3,47,24,48
S019,B005V1,47,12,48
S019,B005V3,47,12,48
S019,B006V1,47,24,48
S019,B006V2,47,24,48
S019,B008V2,47,24,48
S019,B010V1,47,6,48
S019,S001V2,47,24,48
S019,S002V1,47,24,48
S019,S003V2,47,24,48
S019,S004V3,47,12,48
S019,S006V1,47,6,48
S019,S006V2,47,6,48
S019,S008V1,47,6,48
S019,S009V1,47,6,48
S019,S009V3,47,6,48
S019,S010V3,47,6,48
S019,K002V3,47,24,48
S019,K004V3,47,6,48
S019,K006V1,47,24,48
S019,K007V3,47,12,48
S019,K009V1,47,6,48
S019,K010V2,47,6,48
S019,R002V1,47,6,48
S019,R003V3,47,24,48
S019,Y001V3,47,24,48
S019,B002,48,24,49
S019,S002,48,24,49
S019,S006,48,6,49
S019,K001,48,12,49
S019,K005,48,6,49
S019,K009,48,6,49
S019,K010,48,6,49
S019,R004,48,12,49
S019,R009,48,12,49
S019,R010,48,24,49
S019,Y004,48,6,49
S019,B005V3,48,12,49
S019,B006V2,48,24,49
S019,B007V1,48,24,49
S019,B009V3,48,6,49
S019,B010V3,48,6,49
S019,S002V1,48,24,49
S019,S002V2,48,24,49
S019,S003V1,48,24,49
S019,S004V1,48,12,49
S019,S004V3,48,12,49
S019,S006V2,48,6,49
S019,S009V1,48,6,49
S019,K001V1,48,12,49
S019,K002V3,48,24,49
S019,K004V2,48,6,49
S019,K004V3,48,6,49
S019,K005V3,48,6,49
S019,K007V2,48,12,49
S019,K009V1,48,6,49
S019,R001V1,48,12,49
S019,R002V2,48,6,49
S019,R002V3,48,6,49
S019,R003V1,48,24,49
S019,R005V1,48,12,49
S019,R008V1,48,24,49
S019,R009V2,48,12,49
S019,Y002V3,48,24,49
S019,B002,49,24,50
S019,B003,49,24,50
S019,B006,49,24,50
S019,S001,49,24,50
S019,S002,49,24,50
S019,S007,49,12,50
S019,K001,49,12,50
S019,K010,49,6,50
S019,R001,49,12,50
S019,R002,49,6,50
S019,R004,49,12,50
S019,R005,49,12,50
S019,R010,49,24,50
S019,A007,49,6,50
S019,B009V3,49,6,50
S019,B010V3,49,6,50
S019,S001V2,49,24,50
S019,S001V3,49,24,50
S019,S002V2,49,24,50
S019,S004V2,49,12,50
S019,S007V3,49,12,50
S019,S008V1,49,6,50
S019,S008V3,49,6,50
S019,S009V3,49,6,50
S019,K001V1,49,12,50
S019,K002V3,49,24,50
S019,K003V1,49,6,50
S019,K004V3,49,6,50
S019,K010V2,49,6,50
S019,R001V1,49,12,50
S019,R003V2,49,24,50
S019,R004V1,49,12,50
S019,R004V2,49,12,50
S019,R004V3,49,12,50
S019,R005V1,49,12,50
S019,R010V2,49,24,50
S019,Y002V3,49,24,50
S019,B005,50,12,51
S019,B006,50,24,51
S019,B007,50,24,51
S019,S002,50,24,51
S019,K002,50,24,51
S019,K003,50,6,51
S019,K005,50,6,51
S019,R004,50,12,51
S019,B002V1,50,24,51
S019,B003V1,50,24,51
S019,B005V1,50,12,51
S019,B007V2,50,24,51
S019,B009V3,50,6,51
S019,B010V3,50,6,51
S019,S001V1,50,24,51
S019,S001V2,50,24,51
S019,S001V3,50,24,51
S019,S002V1,50,24,51
S019,S003V1,50,24,51
S019,S004V1,50,12,51
S019,S004V3,50,12,51
S019,S005V2,50,12,51
S019,S006V2,50,6,51
S019,S010V3,50,6,51
S019,K002V2,50,24,51
S019,K003V2,50,6,51
S019,K004V2,50,6,51
S019,K005V1,50,6,51
S019,K010V1,50,6,51
S019,R001V1,50,12,51
S019,R001V2,50,12,51
S019,R002V2,50,6,51
S019,R002V3,50,6,51
S019,R003V3,50,24,51
S019,R004V2,50,12,51
S019,Y002V3,50,24,51
S019,B002,51,24,52
S019,B003,51,24,52
S019,B006,51,24,52
S019,S001,51,24,52
S019,S002,51,24,52
S019,S007,51,12,52
S019,K001,51,12,52
S019,K002,51,24,52
S019,K010,51,6,52
S019,R008,51,24,52
S019,B002V2,51,24,52
S019,B003V3,51,24,52
S019,B004V1,51,12,52
S019,B004V2,51,12,52
S019,B005V3,51,12,52
S019,B006V3,51,24,52
S019,B007V2,51,24,52
S019,B009V3,51,6,52
S019,S002V1,51,24,52
S019,S005V3,51,12,52
S019,K001V1,51,12,52
S019,K001V2,51,12,52
S019,K002V1,51,24,52
S019,K002V2,51,24,52
S019,K003V1,51,6,52
S019,K005V1,51,6,52
S019,K005V2,51,6,52
S019,K006V1,51,24,52
S019,K007V2,51,12,52
S019,K007V3,51,12,52
S019,R001V1,51,12,52
S019,R002V1,51,6,52
S019,R002V2,51,6,52
S019,R003V1,51,24,52
S019,R004V1,51,12,52
S019,R005V1,51,12,52
S019,R007V1,51,6,52
S019,Y002V3,51,24,52
S020,B002,1,24,2
S020,B005,1,12,2
S020,B007,1,24,2
S020,B009,1,6,2
S020,B010,1,6,2
S020,S002,1,24,2
S020,S005,1,12,2
S020,S008,1,6,2
S020,K004,1,6,2
S020,K005,1,18,2
S020,K007,1,12,2
S020,K010,1,6,2
S020,R005,1,12,2
S020,R006,1,6,2
S020,Y004,1,6,2
S020,A006,1,6,2
S020,B005V2,1,12,2
S020,B005V3,1,12,2
S020,B007V1,1,24,2
S020,B007V2,1,24,2
S020,B009V3,1,18,2
S020,S001V2,1,24,2
S020,S005V1,1,24,2
S020,S005V3,1,12,2
S020,S006V1,1,6,2
S020,S008V3,1,6,2
S020,K001V1,1,36,2
S020,K002V1,1,24,2
S020,K002V3,1,24,2
S020,K004V3,1,18,2
S020,K009V2,1,6,2
S020,R001V1,1,36,2
S020,R002V1,1,6,2
S020,R003V3,1,24,2
S020,R004V1,1,12,2
S020,R004V3,1,12,2
S020,R005V3,1,12,2
S020,R007V3,1,6,2
S020,R009V2,1,12,2
S020,Y002V2,1,24,2
S020,B002,2,24,3
S020,B005,2,12,3
S020,B009,2,6,3
S020,S002,2,24,3
S020,S003,2,24,3
S020,S004,2,12,3
S020,K002,2,24,3
S020,K004,2,12,3
S020,K005,2,30,3
S020,K006,2,24,3
S020,K008,2,6,3
S020,R001,2,12,3
S020,R002,2,6,3
S020,R003,2,24,3
S020,R004,2,12,3
S020,R008,2,24,3
S020,Y006,2,6,3
S020,A002,2,24,3
S020,B001V3,2,24,3
S020,B002V1,2,24,3
S020,B004V1,2,12,3
S020,B008V1,2,24,3
S020,B009V3,2,18,3
S020,B010V3,2,6,3
S020,S001V2,2,24,3
S020,S002V3,2,24,3
S020,S004V3,2,12,3
S020,S005V1,2,24,3
S020,S006V3,2,6,3
S020,S008V2,2,6,3
S020,S010V1,2,6,3
S020,K001V1,2,60,3
S020,K002V1,2,24,3
S020,K004V3,2,30,3
S020,K005V3,2,6,3
S020,K007V1,2,12,3
S020,K008V3,2,6,3
S020,K009V1,2,6,3
S020,K009V2,2,6,3
S020,K010V1,2,6,3
S020,R001V1,2,12,3
S020,R001V2,2,12,3
S020,R002V2,2,6,3
S020,R004V2,2,12,3
S020,R004V3,2,12,3
S020,R005V1,2,12,3
S020,R007V1,2,6,3
S020,R008V3,2,24,3
S020,R009V3,2,12,3
S020,Y001V3,2,24,3
S020,Y002V2,2,24,3
S020,B002,3,24,4
S020,B004,3,12,4
S020,S004,3,12,4
S020,K004,3,12,4
S020,K005,3,36,4
S020,K006,3,24,4
S020,R005,3,12,4
S020,R009,3,12,4
S020,Y001,3,24,4
S020,Y004,3,6,4
S020,A001,3,6,4
S020,B002V1,3,24,4
S020,B002V3,3,24,4
S020,B005V1,3,12,4
S020,B006V1,3,24,4
S020,B007V2,3,24,4
S020,B008V1,3,24,4
S020,B009V1,3,6,4
S020,B009V2,3,6,4
S020,B009V3,3,24,4
S020,B010V1,3,6,4
S020,B010V2,3,6,4
S020,B010V3,3,6,4
S020,S004V2,3,12,4
S020,S004V3,3,12,4
S020,S005V1,3,24,4
S020,S005V2,3,12,4
S020,S006V1,3,6,4
S020,S006V2,3,6,4
S020,S006V3,3,6,4
S020,S008V2,3,6,4
S020,K001V1,3,12,4
S020,K002V3,3,24,4
S020,K003V1,3,6,4
S020,K004V3,3,30,4
S020,K009V2,3,12,4
S020,K009V3,3,6,4
S020,K010V1,3,6,4
S020,R001V1,3,12,4
S020,R001V2,3,12,4
S020,R002V3,3,6,4
S020,R003V1,3,24,4
S020,R003V2,3,24,4
S020,R005V1,3,12,4
S020,Y002V3,3,24,4
S020,B005,4,12,5
S020,B010,4,6,5
S020,S002,4,24,5
S020,S003,4,24,5
S020,S008,4,6,5
S020,K002,4,24,5
S020,K004,4,12,5
S020,K005,4,6,5
S020,K007,4,12,5
S020,R005,4,12,5
S020,Y003,4,6,5
S020,A007,4,6,5
S020,B004V1,4,12,5
S020,B008V2,4,24,5
S020,B009V3,4,36,5
S020,B010V3,4,6,5
S020,S005V1,4,36,5
S020,S005V2,4,12,5
S020,S006V1,4,6,5
S020,S008V2,4,6,5
S020,K001V1,4,12,5
S020,K003V3,4,6,5
S020,K004V3,4,24,5
S020,K005V1,4,6,5
S020,K006V1,4,24,5
S020,K008V3,4,6,5
S020,K009V2,4,12,5
S020,R002V1,4,6,5
S020,R002V2,4,6,5
S020,R003V3,4,24,5
S020,R004V1,4,12,5
S020,R004V3,4,12,5
S020,R006V3,4,6,5
S020,Y001V2,4,24,5
S020,B007,5,24,6
S020,S005,5,12,6
S020,K004,5,12,6
S020,K005,5,6,6
S020,K007,5,12,6
S020,R002,5,6,6
S020,R004,5,12,6
S020,R010,5,24,6
S020,Y001,5,24,6
S020,A001,5,6,6
S020,B002V1,5,24,6
S020,B005V3,5,12,6
S020,B007V1,5,24,6
S020,B009V2,5,6,6
S020,B009V3,5,24,6
S020,S002V2,5,24,6
S020,S004V2,5,12,6
S020,S004V3,5,12,6
S020,S005V1,5,24,6
S020,S005V2,5,12,6
S020,S007V1,5,12,6
S020,S008V3,5,6,6
S020,K001V1,5,12,6
S020,K001V2,5,12,6
S020,K002V1,5,24,6
S020,K002V3,5,24,6
S020,K003V3,5,6,6
S020,K004V3,5,24,6
S020,K005V3,5,6,6
S020,K008V3,5,6,6
S020,K009V2,5,12,6
S020,R003V3,5,24,6
S020,R004V3,5,12,6
S020,R005V1,5,12,6
S020,R007V3,5,6,6
S020,R008V3,5,24,6
S020,Y001V2,5,24,6
S020,Y002V3,5,24,6
S020,B004,6,12,7
S020,B005,6,12,7
S020,B009,6,6,7
S020,B010,6,6,7
S020,S003,6,24,7
S020,K004,6,6,7
S020,K005,6,6,7
S020,K006,6,24,7
S020,R001,6,12,7
S020,R004,6,12,7
S020,R008,6,24,7
S020,R009,6,12,7
S020,B001V3,6,24,7
S020,B004V3,6,12,7
S020,B005V3,6,12,7
S020,B007V1,6,24,7
S020,B009V3,6,18,7
S020,B010V3,6,6,7
S020,S005V1,6,24,7
S020,S007V3,6,12,7
S020,K001V1,6,12,7
S020,K001V2,6,12,7
S020,K004V3,6,24,7
S020,K005V3,6,6,7
S020,K006V1,6,24,7
S020,K007V1,6,12,7
S020,K009V2,6,6,7
S020,R001V1,6,12,7
S020,R002V1,6,6,7
S020,R003V1,6,24,7
S020,R004V3,6,12,7
S020,R005V2,6,12,7
S020,R005V3,6,12,7
S020,R006V3,6,6,7
S020,R007V3,6,6,7
S020,R008V3,6,24,7
S020,R009V3,6,12,7
S020,B006,7,24,8
S020,B007,7,24,8
S020,K004,7,6,8
S020,K005,7,6,8
S020,R003,7,24,8
S020,R008,7,24,8
S020,R010,7,24,8
S020,Y001,7,24,8
S020,B002V3,7,24,8
S020,B004V1,7,12,8
S020,B005V2,7,12,8
S020,B007V1,7,24,8
S020,B009V2,7,6,8
S020,B009V3,7,6,8
S020,B010V1,7,6,8
S020,B010V2,7,6,8
S020,S003V2,7,24,8
S020,S005V1,7,24,8
S020,S006V3,7,6,8
S020,S008V2,7,6,8
S020,K001V1,7,12,8
S020,K002V3,7,24,8
S020,K004V3,7,18,8
S020,K005V3,7,6,8
S020,K007V1,7,12,8
S020,K009V2,7,6,8
S020,R001V1,7,12,8
S020,R003V2,7,24,8
S020,R003V3,7,24,8
S020,R004V1,7,12,8
S020,R005V2,7,12,8
S020,R006V3,7,6,8
S020,R008V2,7,24,8
S020,R009V2,7,12,8
S020,R009V3,7,12,8
S020,B010,8,6,9
S020,S003,8,24,9
S020,S005,8,12,9
S020,K004,8,12,9
S020,K005,8,6,9
S020,K006,8,24,9
S020,R002,8,6,9
S020,R008,8,24,9
S020,B002V2,8,24,9
S020,B005V1,8,12,9
S020,B005V3,8,12,9
S020,B006V1,8,24,9
S020,B007V1,8,24,9
S020,B007V2,8,24,9
S020,B009V3,8,6,9
S020,S003V2,8,24,9
S020,S005V1,8,24,9
S020,S006V1,8,6,9
S020,S006V2,8,6,9
S020,S008V2,8,6,9
S020,S008V3,8,6,9
S020,K001V1,8,12,9
S020,K003V1,8,6,9
S020,K003V2,8,6,9
S020,K004V3,8,6,9
S020,K005V1,8,6,9
S020,K007V2,8,12,9
S020,K008V1,8,6,9
S020,K009V2,8,6,9
S020,R001V1,8,12,9
S020,R002V2,8,6,9
S020,R002V3,8,6,9
S020,R003V1,8,24,9
S020,R004V1,8,12,9
S020,R004V2,8,12,9
S020,R005V2,8,12,9
S020,R005V3,8,12,9
S020,R007V1,8,6,9
S020,R007V3,8,6,9
S020,Y001V2,8,24,9
S020,Y002V3,8,24,9
S020,B002,9,24,10
S020,S003,9,24,10
S020,K004,9,6,10
S020,K005,9,6,10
S020,K006,9,24,10
S020,R001,9,12,10
S020,R002,9,6,10
S020,R005,9,12,10
S020,B002V2,9,24,10
S020,B002V3,9,24,10
S020,B003V2,9,24,10
S020,B004V1,9,12,10
S020,B007V1,9,24,10
S020,B008V1,9,24,10
S020,B009V1,9,6,10
S020,B010V1,9,6,10
S020,S003V2,9,24,10
S020,S004V3,9,12,10
S020,S005V1,9,12,10
S020,S005V2,9,12,10
S020,S005V3,9,12,10
S020,S006V2,9,6,10
S020,S008V2,9,6,10
S020,S008V3,9,6,10
S020,K001V1,9,12,10
S020,K002V3,9,24,10
S020,K004V3,9,6,10
S020,K007V1,9,12,10
S020,K010V1,9,6,10
S020,R001V1,9,12,10
S020,R002V1,9,6,10
S020,R003V3,9,24,10
S020,R004V1,9,12,10
S020,R004V3,9,12,10
S020,R006V3,9,6,10
S020,R007V1,9,6,10
S020,R010V3,9,24,10
S020,Y002V2,9,24,10
S020,B002,10,24,11
S020,B004,10,12,11
S020,B005,10,12,11
S020,S004,10,12,11
S020,K002,10,24,11
S020,K004,10,12,11
S020,K005,10,6,11
S020,R001,10,12,11
S020,R002,10,6,11
S020,R003,10,24,11
S020,R008,10,24,11
S020,A002,10,24,11
S020,A008,10,12,11
S020,B002V2,10,24,11
S020,B002V3,10,24,11
S020,B006V1,10,24,11
S020,B007V2,10,24,11
S020,B008V1,10,24,11
S020,B008V2,10,24,11
S020,B009V2,10,6,11
S020,B009V3,10,6,11
S020,S002V3,10,24,11
S020,S004V2,10,12,11
S020,S004V3,10,12,11
S020,S005V1,10,24,11
S020,S005V2,10,12,11
S020,S006V3,10,6,11
S020,S008V3,10,6,11
S020,K001V1,10,12,11
S020,K002V1,10,24,11
S020,K003V1,10,6,11
S020,K004V3,10,6,11
S020,K005V3,10,6,11
S020,R001V1,10,12,11
S020,R002V2,10,6,11
S020,R003V3,10,24,11
S020,R004V3,10,12,11
S020,R005V3,10,12,11
S020,R007V1,10,6,11
S020,R008V2,10,24,11
S020,R009V3,10,12,11
S020,R010V3,10,24,11
S020,B002,11,24,12
S020,B004,11,12,12
S020,S002,11,24,12
S020,S004,11,12,12
S020,S007,11,12,12
S020,K004,11,12,12
S020,R003,11,24,12
S020,R004,11,12,12
S020,R009,11,12,12
S020,B002V2,11,24,12
S020,B005V1,11,12,12
S020,B007V1,11,24,12
S020,B008V1,11,24,12
S020,B009V3,11,6,12
S020,B010V1,11,6,12
S020,S003V2,11,24,12
S020,S004V3,11,12,12
S020,S005V1,11,24,12
S020,S005V2,11,12,12
S020,S006V2,11,6,12
S020,S006V3,11,6,12
S020,K001V1,11,12,12
S020,K002V3,11,24,12
S020,K003V3,11,6,12
S020,K004V3,11,6,12
S020,K008V3,11,6,12
S020,R001V1,11,12,12
S020,R002V1,11,6,12
S020,R002V2,11,6,12
S020,R003V1,11,24,12
S020,R003V3,11,24,12
S020,R007V3,11,6,12
S020,R008V2,11,24,12
S020,R009V3,11,12,12
S020,B004,12,12,13
S020,B006,12,24,13
S020,B007,12,24,13
S020,S003,12,24,13
S020,K004,12,6,13
S020,K005,12,6,13
S020,K006,12,24,13
S020,R001,12,12,13
S020,R004,12,12,13
S020,R009,12,12,13
S020,R010,12,24,13
S020,Y006,12,6,13
S020,B002V2,12,24,13
S020,B002V3,12,24,13
S020,B007V2,12,24,13
S020,B009V3,12,6,13
S020,B010V3,12,6,13
S020,S005V1,12,36,13
S020,S006V2,12,6,13
S020,K001V1,12,12,13
S020,K002V3,12,24,13
S020,K005V1,12,6,13
S020,K005V3,12,6,13
S020,K007V3,12,12,13
S020,R002V3,12,6,13
S020,R003V1,12,24,13
S020,R003V3,12,24,13
S020,R004V3,12,12,13
S020,R005V2,12,12,13
S020,R006V3,12,6,13
S020,R009V3,12,12,13
S020,Y002V3,12,24,13
S020,B005,13,12,14
S020,B009,13,6,14
S020,S004,13,12,14
S020,S005,13,12,14
S020,K002,13,24,14
S020,K004,13,12,14
S020,K005,13,6,14
S020,K006,13,24,14
S020,K009,13,6,14
S020,R001,13,12,14
S020,R003,13,24,14
S020,R004,13,12,14
S020,R009,13,12,14
S020,A003,13,24,14
S020,B002V2,13,24,14
S020,B002V3,13,24,14
S020,B006V1,13,24,14
S020,B007V1,13,24,14
S020,B007V2,13,24,14
S020,B009V2,13,6,14
S020,B009V3,13,6,14
S020,S001V2,13,24,14
S020,S004V2,13,12,14
S020,S005V1,13,24,14
S020,S006V2,13,6,14
S020,S008V3,13,6,14
S020,S010V1,13,6,14
S020,K001V1,13,12,14
S020,K001V2,13,12,14
S020,K002V1,13,24,14
S020,K003V1,13,6,14
S020,K004V3,13,6,14
S020,K005V3,13,6,14
S020,R001V1,13,12,14
S020,R002V1,13,6,14
S020,R002V2,13,6,14
S020,R003V2,13,24,14
S020,R003V3,13,24,14
S020,R004V1,13,12,14
S020,R005V1,13,12,14
S020,Y002V3,13,24,14
S020,B004,14,12,15
S020,B005,14,12,15
S020,S007,14,12,15
S020,K004,14,12,15
S020,K005,14,6,15
S020,K007,14,12,15
S020,R001,14,12,15
S020,R002,14,6,15
S020,Y001,14,24,15
S020,Y004,14,6,15
S020,B001V3,14,24,15
S020,B008V1,14,24,15
S020,B009V3,14,6,15
S020,B010V3,14,6,15
S020,S002V3,14,24,15
S020,S003V2,14,24,15
S020,S004V1,14,12,15
S020,S005V1,14,36,15
S020,S005V2,14,12,15
S020,S010V1,14,6,15
S020,K002V1,14,24,15
S020,K003V3,14,6,15
S020,K007V1,14,12,15
S020,K008V1,14,6,15
S020,R001V1,14,12,15
S020,R002V1,14,6,15
S020,R003V2,14,24,15
S020,R004V2,14,12,15
S020,R004V3,14,12,15
S020,R007V3,14,6,15
S020,R009V3,14,12,15
S020,Y002V3,14,24,15
S020,B002,15,24,16
S020,B005,15,12,16
S020,B006,15,24,16
S020,S007,15,12,16
S020,K004,15,12,16
S020,K005,15,6,16
S020,K006,15,24,16
S020,K009,15,6,16
S020,R005,15,12,16
S020,B002V3,15,24,16
S020,B004V1,15,12,16
S020,B007V2,15,24,16
S020,B009V2,15,6,16
S020,B009V3,15,6,16
S020,B010V1,15,6,16
S020,B010V2,15,6,16
S020,S001V2,15,24,16
S020,S002V2,15,24,16
S020,S004V3,15,12,16
S020,S005V1,15,24,16
S020,S005V3,15,12,16
S020,K002V3,15,24,16
S020,K003V1,15,6,16
S020,K003V2,15,6,16
S020,K003V3,15,6,16
S020,K004V3,15,6,16
S020,K007V1,15,12,16
S020,K007V2,15,12,16
S020,K008V3,15,6,16
S020,R001V1,15,12,16
S020,R002V2,15,6,16
S020,R003V2,15,24,16
S020,R003V3,15,24,16
S020,R004V2,15,12,16
S020,R004V3,15,12,16
S020,R005V1,15,12,16
S020,R005V2,15,12,16
S020,R006V3,15,6,16
S020,R008V3,15,24,16
S020,R009V1,15,12,16
S020,R009V3,15,12,16
S020,Y002V3,15,24,16
S020,B004,16,12,17
S020,B009,16,6,17
S020,S002,16,24,17
S020,S003,16,24,17
S020,K002,16,24,17
S020,K004,16,12,17
S020,K005,16,6,17
S020,K008,16,6,17
S020,R005,16,12,17
S020,Y003,16,6,17
S020,B001V3,16,24,17
S020,B006V1,16,24,17
S020,B007V1,16,24,17
S020,B009V3,16,6,17
S020,B010V3,16,6,17
S020,S001V2,16,24,17
S020,S002V1,16,24,17
S020,S004V1,16,12,17
S020,S004V3,16,12,17
S020,S005V1,16,12,17
S020,S005V3,16,12,17
S020,S008V3,16,6,17
S020,S010V1,16,6,17
S020,K001V1,16,12,17
S020,K001V3,16,12,17
S020,K002V3,16,24,17
S020,K003V1,16,6,17
S020,K003V3,16,6,17
S020,K005V3,16,6,17
S020,K006V1,16,24,17
S020,K008V3,16,6,17
S020,R001V1,16,12,17
S020,R002V1,16,6,17
S020,R002V3,16,6,17
S020,R003V3,16,24,17
S020,R004V2,16,12,17
S020,R004V3,16,12,17
S020,R007V1,16,6,17
S020,R009V3,16,12,17
S020,B002,17,24,18
S020,B007,17,24,18
S020,S004,17,12,18
S020,K002,17,24,18
S020,K004,17,12,18
S020,K005,17,6,18
S020,K007,17,12,18
S020,K009,17,6,18
S020,R001,17,12,18
S020,R005,17,12,18
S020,R010,17,24,18
S020,Y002,17,24,18
S020,Y004,17,6,18
S020,Y006,17,6,18
S020,A001,17,6,18
S020,B001V3,17,24,18
S020,B002V2,17,24,18
S020,B005V3,17,12,18
S020,B006V1,17,24,18
S020,B009V3,17,6,18
S020,S002V1,17,24,18
S020,S003V2,17,24,18
S020,S003V3,17,24,18
S020,S005V1,17,36,18
S020,S005V3,17,12,18
S020,S007V3,17,12,18
S020,S008V3,17,6,18
S020,K001V1,17,12,18
S020,K002V1,17,24,18
S020,K003V1,17,6,18
S020,K005V1,17,6,18
S020,K007V1,17,12,18
S020,K007V2,17,12,18
S020,R002V1,17,6,18
S020,R002V2,17,6,18
S020,R003V2,17,24,18
S020,R003V3,17,24,18
S020,R004V2,17,12,18
S020,R005V1,17,12,18
S020,R006V3,17,6,18
S020,R007V2,17,6,18
S020,R007V3,17,6,18
S020,R008V3,17,24,18
S020,R009V3,17,12,18
S020,Y002V2,17,24,18
S020,Y002V3,17,24,18
S020,B005,18,12,19
S020,S005,18,12,19
S020,S007,18,12,19
S020,K002,18,24,19
S020,K004,18,12,19
S020,K005,18,6,19
S020,K010,18,6,19
S020,R005,18,12,19
S020,R006,18,6,19
S020,R008,18,24,19
S020,Y001,18,24,19
S020,Y003,18,6,19
S020,Y004,18,6,19
S020,A001,18,6,19
S020,A003,18,24,19
S020,B003V2,18,24,19
S020,B005V1,18,12,19
S020,B005V3,18,12,19
S020,B009V1,18,6,19
S020,B009V3,18,6,19
S020,B010V3,18,6,19
S020,S004V3,18,12,19
S020,S005V1,18,36,19
S020,S006V3,18,6,19
S020,S008V3,18,6,19
S020,K001V1,18,12,19
S020,K002V1,18,24,19
S020,K002V3,18,24,19
S020,K003V3,18,6,19
S020,K005V1,18,6,19
S020,K006V1,18,24,19
S020,R001V1,18,12,19
S020,R002V1,18,6,19
S020,R002V2,18,6,19
S020,R002V3,18,6,19
S020,R004V1,18,12,19
S020,R005V2,18,12,19
S020,B004,19,12,20
S020,B009,19,6,20
S020,S004,19,12,20
S020,K004,19,12,20
S020,K005,19,6,20
S020,K009,19,6,20
S020,R002,19,6,20
S020,R005,19,12,20
S020,R006,19,6,20
S020,R007,19,6,20
S020,R009,19,12,20
S020,Y004,19,6,20
S020,A001,19,6,20
S020,A006,19,6,20
S020,B002V2,19,24,20
S020,B002V3,19,24,20
S020,B004V1,19,12,20
S020,B006V3,19,24,20
S020,B009V2,19,6,20
S020,B009V3,19,6,20
S020,B010V1,19,6,20
S020,S001V2,19,24,20
S020,S002V3,19,24,20
S020,S003V3,19,24,20
S020,S005V1,19,12,20
S020,S005V2,19,12,20
S020,S006V2,19,6,20
S020,K001V1,19,12,20
S020,K001V2,19,12,20
S020,K002V3,19,24,20
S020,K004V3,19,6,20
S020,K005V3,19,6,20
S020,K007V1,19,12,20
S020,K007V2,19,12,20
S020,R001V1,19,12,20
S020,R003V1,19,24,20
S020,R004V1,19,12,20
S020,R004V2,19,12,20
S020,R006V3,19,6,20
S020,R007V3,19,6,20
S020,R008V3,19,24,20
S020,R009V3,19,12,20
S020,B006,20,24,21
S020,B009,20,6,21
S020,S005,20,12,21
S020,K004,20,12,21
S020,K007,20,12,21
S020,K009,20,6,21
S020,R003,20,24,21
S020,R006,20,6,21
S020,R009,20,12,21
S020,R010,20,24,21
S020,B001V3,20,24,21
S020,B004V1,20,12,21
S020,B005V3,20,12,21
S020,B006V1,20,24,21
S020,B009V3,20,6,21
S020,S001V2,20,24,21
S020,S002V2,20,24,21
S020,S002V3,20,24,21
S020,S005V1,20,12,21
S020,S005V2,20,12,21
S020,S006V3,20,6,21
S020,K001V1,20,12,21
S020,K004V3,20,6,21
S020,K005V3,20,6,21
S020,K006V1,20,24,21
S020,R002V1,20,6,21
S020,R002V2,20,6,21
S020,R002V3,20,6,21
S020,R004V1,20,12,21
S020,R004V3,20,12,21
S020,S002,21,24,22
S020,S003,21,24,22
S020,S006,21,6,22
S020,S007,21,12,22
S020,K004,21,12,22
S020,K005,21,6,22
S020,K009,21,6,22
S020,K010,21,6,22
S020,R001,21,12,22
S020,R010,21,24,22
S020,A002,21,24,22
S020,B002V2,21,24,22
S020,B004V1,21,12,22
S020,B005V1,21,12,22
S020,B006V1,21,24,22
S020,B007V1,21,24,22
S020,B008V2,21,24,22
S020,B009V2,21,6,22
S020,B010V3,21,6,22
S020,S001V2,21,24,22
S020,S002V1,21,24,22
S020,S003V2,21,24,22
S020,S004V3,21,12,22
S020,S007V1,21,12,22
S020,S007V3,21,12,22
S020,K003V1,21,6,22
S020,K005V3,21,6,22
S020,K007V1,21,12,22
S020,R001V1,21,12,22
S020,R001V2,21,12,22
S020,R002V2,21,6,22
S020,R003V3,21,24,22
S020,R005V2,21,12,22
S020,R006V3,21,6,22
S020,R007V1,21,6,22
S020,R007V2,21,6,22
S020,R007V3,21,6,22
S020,R009V3,21,12,22
S020,Y001V2,21,24,22
S020,B004,22,12,23
S020,B006,22,24,23
S020,B009,22,6,23
S020,S002,22,24,23
S020,S005,22,12,23
S020,K004,22,6,23
S020,K010,22,6,23
S020,R001,22,12,23
S020,R003,22,24,23
S020,R005,22,12,23
S020,A007,22,6,23
S020,B001V3,22,24,23
S020,B002V3,22,24,23
S020,B003V2,22,24,23
S020,B004V1,22,12,23
S020,B005V3,22,12,23
S020,B007V1,22,24,23
S020,B008V1,22,24,23
S020,B010V1,22,6,23
S020,S001V2,22,24,23
S020,S003V2,22,24,23
S020,S005V1,22,12,23
S020,S005V2,22,12,23
S020,S007V3,22,12,23
S020,K001V1,22,12,23
S020,K002V3,22,24,23
S020,K004V2,22,6,23
S020,K004V3,22,6,23
S020,K007V2,22,12,23
S020,R001V1,22,12,23
S020,R002V1,22,6,23
S020,R002V2,22,6,23
S020,R003V1,22,24,23
S020,R005V1,22,12,23
S020,R005V3,22,12,23
S020,R006V3,22,6,23
S020,R008V3,22,24,23
S020,R009V3,22,12,23
S020,B003,23,24,24
S020,B006,23,24,24
S020,S003,23,24,24
S020,S004,23,12,24
S020,S005,23,12,24
S020,K004,23,6,24
S020,K005,23,6,24
S020,K008,23,6,24
S020,K010,23,6,24
S020,R001,23,12,24
S020,R002,23,6,24
S020,A002,23,24,24
S020,B002V3,23,24,24
S020,B006V1,23,24,24
S020,B008V1,23,24,24
S020,B008V2,23,24,24
S020,B009V3,23,6,24
S020,S002V3,23,24,24
S020,S004V1,23,12,24
S020,S004V3,23,12,24
S020,S006V2,23,6,24
S020,S006V3,23,6,24
S020,S008V3,23,6,24
S020,K001V1,23,12,24
S020,K002V1,23,24,24
S020,K003V1,23,6,24
S020,K004V1,23,6,24
S020,R002V2,23,6,24
S020,R004V3,23,12,24
S020,R005V1,23,12,24
S020,R005V2,23,12,24
S020,R006V3,23,6,24
S020,R009V3,23,12,24
S020,R010V3,23,24,24
S020,B002,24,24,25
S020,B003,24,24,25
S020,B006,24,24,25
S020,S005,24,12,25
S020,K004,24,6,25
S020,K005,24,6,25
S020,K007,24,12,25
S020,K009,24,6,25
S020,K010,24,6,25
S020,R001,24,12,25
S020,R004,24,12,25
S020,R008,24,24,25
S020,R009,24,12,25
S020,R010,24,24,25
S020,Y004,24,6,25
S020,Y006,24,6,25
S020,A002,24,24,25
S020,B005V1,24,12,25
S020,B007V2,24,24,25
S020,B008V2,24,24,25
S020,B009V3,24,6,25
S020,B010V1,24,6,25
S020,S002V1,24,24,25
S020,S004V1,24,12,25
S020,S005V3,24,12,25
S020,S008V3,24,6,25
S020,K001V1,24,12,25
S020,K001V3,24,12,25
S020,K002V1,24,24,25
S020,K002V3,24,24,25
S020,K003V2,24,6,25
S020,K006V1,24,24,25
S020,K007V1,24,12,25
S020,K008V3,24,6,25
S020,R001V1,24,12,25
S020,R002V1,24,6,25
S020,R002V2,24,6,25
S020,R003V1,24,24,25
S020,R003V2,24,24,25
S020,R003V3,24,24,25
S020,R004V1,24,12,25
S020,R004V3,24,12,25
S020,R006V3,24,6,25
S020,R007V3,24,6,25
S020,R008V2,24,24,25
S020,Y002V2,24,24,25
S020,B004,25,12,26
S020,S002,25,24,26
S020,S004,25,12,26
S020,S007,25,12,26
S020,K004,25,6,26
S020,K006,25,24,26
S020,K009,25,6,26
S020,K010,25,6,26
S020,R001,25,12,26
S020,R002,25,6,26
S020,R003,25,24,26
S020,R009,25,12,26
S020,A003,25,24,26
S020,A007,25,6,26
S020,B004V1,25,12,26
S020,B005V1,25,12,26
S020,B005V3,25,12,26
S020,B006V1,25,24,26
S020,B010V3,25,6,26
S020,S002V2,25,24,26
S020,S004V1,25,12,26
S020,S005V1,25,12,26
S020,S006V2,25,6,26
S020,S010V3,25,6,26
S020,K002V1,25,24,26
S020,K002V3,25,24,26
S020,K004V3,25,6,26
S020,K006V1,25,24,26
S020,R001V1,25,12,26
S020,R001V2,25,12,26
S020,R002V1,25,6,26
S020,R002V3,25,6,26
S020,R003V3,25,24,26
S020,R004V2,25,12,26
S020,R005V1,25,12,26
S020,R006V3,25,6,26
S020,R008V2,25,24,26
S020,R009V1,25,12,26
S020,S003,26,24,27
S020,S004,26,12,27
S020,S007,26,12,27
S020,S010,26,6,27
S020,K004,26,6,27
S020,K006,26,24,27
S020,K010,26,6,27
S020,R004,26,12,27
S020,R008,26,24,27
S020,R009,26,12,27
S020,Y004,26,6,27
S020,B001V3,26,24,27
S020,B002V3,26,24,27
S020,B004V1,26,12,27
S020,B005V3,26,12,27
S020,B006V1,26,24,27
S020,B007V2,26,24,27
S020,B009V3,26,6,27
S020,S001V2,26,24,27
S020,S004V3,26,12,27
S020,S005V1,26,12,27
S020,S006V3,26,6,27
S020,S008V3,26,6,27
S020,K001V1,26,12,27
S020,K003V2,26,6,27
S020,K003V3,26,6,27
S020,K004V3,26,6,27
S020,K007V2,26,12,27
S020,K007V3,26,12,27
S020,R001V1,26,12,27
S020,R002V1,26,6,27
S020,R002V2,26,6,27
S020,R003V1,26,24,27
S020,R003V2,26,24,27
S020,R004V2,26,12,27
S020,R004V3,26,12,27
S020,R005V1,26,12,27
S020,R005V3,26,12,27
S020,R006V3,26,6,27
S020,R007V1,26,6,27
S020,R008V3,26,24,27
S020,R009V1,26,12,27
S020,R009V2,26,12,27
S020,R009V3,26,12,27
S020,Y002V2,26,24,27
S020,Y002V3,26,24,27
S020,B009,27,6,28
S020,S010,27,6,28
S020,K002,27,24,28
S020,K004,27,6,28
S020,K005,27,6,28
S020,Y001,27,24,28
S020,Y003,27,6,28
S020,B001V3,27,24,28
S020,B002V1,27,24,28
S020,B002V2,27,24,28
S020,B007V2,27,24,28
S020,B008V1,27,24,28
S020,B009V3,27,6,28
S020,S002V3,27,24,28
S020,S003V2,27,24,28
S020,S004V3,27,12,28
S020,S005V1,27,12,28
S020,S006V3,27,6,28
S020,S010V3,27,6,28
S020,K001V1,27,12,28
S020,K002V3,27,24,28
S020,K003V3,27,6,28
S020,K004V3,27,6,28
S020,K005V1,27,6,28
S020,K007V1,27,12,28
S020,K007V2,27,12,28
S020,K008V1,27,6,28
S020,K008V2,27,6,28
S020,R001V1,27,12,28
S020,R001V3,27,12,28
S020,R002V1,27,6,28
S020,R004V3,27,12,28
S020,R005V2,27,12,28
S020,R005V3,27,12,28
S020,R008V3,27,24,28
S020,R009V3,27,12,28
S020,B002,28,24,29
S020,B006,28,24,29
S020,B009,28,6,29
S020,S007,28,12,29
S020,S008,28,6,29
S020,K002,28,24,29
S020,K004,28,6,29
S020,K005,28,6,29
S020,K006,28,24,29
S020,K010,28,6,29
S020,R004,28,12,29
S020,R009,28,12,29
S020,Y003,28,6,29
S020,Y005,28,12,29
S020,B002V2,28,24,29
S020,B005V3,28,12,29
S020,B006V1,28,24,29
S020,B008V1,28,24,29
S020,S003V2,28,24,29
S020,S005V1,28,12,29
S020,S006V2,28,6,29
S020,S008V3,28,6,29
S020,S010V3,28,6,29
S020,K001V1,28,12,29
S020,K003V3,28,6,29
S020,K007V1,28,12,29
S020,K009V3,28,6,29
S020,R001V1,28,12,29
S020,R001V2,28,12,29
S020,R003V3,28,24,29
S020,R004V3,28,12,29
S020,R005V2,28,12,29
S020,R009V3,28,12,29
S020,Y002V2,28,24,29
S020,Y002V3,28,24,29
S020,K004,29,6,30
S020,K005,29,6,30
S020,R005,29,12,30
S020,R008,29,24,30
S020,Y003,29,6,30
S020,B002V2,29,24,30
S020,B007V1,29,24,30
S020,B009V2,29,6,30
S020,B009V3,29,6,30
S020,S002V1,29,24,30
S020,S002V2,29,24,30
S020,S004V1,29,12,30
S020,S004V3,29,12,30
S020,S005V1,29,12,30
S020,S008V1,29,6,30
S020,K002V3,29,24,30
S020,K005V3,29,6,30
S020,K007V2,29,12,30
S020,K007V3,29,12,30
S020,K008V2,29,6,30
S020,R001V1,29,12,30
S020,R002V1,29,6,30
S020,R003V1,29,24,30
S020,R003V2,29,24,30
S020,R003V3,29,24,30
S020,R004V3,29,12,30
S020,R005V1,29,12,30
S020,R007V1,29,6,30
S020,R009V3,29,12,30
S020,Y002V3,29,24,30
S020,B002,30,24,31
S020,B004,30,12,31
S020,S003,30,24,31
S020,S004,30,12,31
S020,S005,30,12,31
S020,S007,30,12,31
S020,K006,30,24,31
S020,K008,30,6,31
S020,K009,30,6,31
S020,K010,30,6,31
S020,R002,30,6,31
S020,R003,30,24,31
S020,R005,30,12,31
S020,A003,30,24,31
S020,A007,30,6,31
S020,B001V3,30,24,31
S020,B002V1,30,24,31
S020,B002V2,30,24,31
S020,B007V1,30,24,31
S020,B007V2,30,24,31
S020,B009V3,30,6,31
S020,B010V3,30,6,31
S020,S001V2,30,24,31
S020,S002V2,30,24,31
S020,S004V1,30,12,31
S020,S005V1,30,12,31
S020,S008V3,30,6,31
S020,K001V1,30,12,31
S020,K002V1,30,24,31
S020,K003V1,30,6,31
S020,K004V2,30,6,31
S020,K004V3,30,6,31
S020,K005V3,30,6,31
S020,K008V3,30,6,31
S020,R001V2,30,12,31
S020,R004V1,30,12,31
S020,R004V3,30,12,31
S020,R006V2,30,6,31
S020,R007V3,30,6,31
S020,B003,31,24,32
S020,K004,31,6,32
S020,K006,31,24,32
S020,R001,31,12,32
S020,A002,31,24,32
S020,A005,31,6,32
S020,B002V2,31,24,32
S020,B007V2,31,24,32
S020,B008V1,31,24,32
S020,S005V1,31,12,32
S020,S006V2,31,6,32
S020,K001V1,31,12,32
S020,K002V3,31,24,32
S020,K004V3,31,6,32
S020,K006V1,31,24,32
S020,K008V2,31,6,32
S020,R002V1,31,6,32
S020,R002V2,31,6,32
S020,R003V1,31,24,32
S020,R004V1,31,12,32
S020,R004V2,31,12,32
S020,R005V1,31,12,32
S020,R005V3,31,12,32
S020,R006V3,31,6,32
S020,R007V1,31,6,32
S020,R009V3,31,12,32
S020,Y002V3,31,24,32
S020,B010,32,6,33
S020,S006,32,6,33
S020,K004,32,6,33
S020,K010,32,6,33
S020,R001,32,12,33
S020,R008,32,24,33
S020,R009,32,12,33
S020,Y004,32,6,33
S020,B004V1,32,12,33
S020,B005V3,32,12,33
S020,B007V2,32,24,33
S020,B008V1,32,24,33
S020,B009V1,32,6,33
S020,B009V3,32,6,33
S020,B010V1,32,6,33
S020,S002V1,32,24,33
S020,S003V2,32,24,33
S020,S005V1,32,12,33
S020,S005V3,32,12,33
S020,S006V1,32,6,33
S020,S006V2,32,6,33
S020,S007V3,32,12,33
S020,S008V1,32,6,33
S020,S008V2,32,6,33
S020,S008V3,32,6,33
S020,S010V3,32,6,33
S020,K001V1,32,12,33
S020,K002V3,32,24,33
S020,K003V1,32,6,33
S020,K004V3,32,6,33
S020,K006V1,32,24,33
S020,R001V2,32,12,33
S020,R002V1,32,6,33
S020,R002V2,32,6,33
S020,R002V3,32,6,33
S020,R003V1,32,24,33
S020,R005V1,32,12,33
S020,R009V2,32,12,33
S020,Y002V2,32,24,33
S020,B004,33,12,34
S020,B006,33,24,34
S020,B009,33,6,34
S020,B010,33,6,34
S020,S002,33,24,34
S020,S003,33,24,34
S020,S004,33,12,34
S020,K005,33,6,34
S020,R008,33,24,34
S020,R009,33,12,34
S020,Y004,33,6,34
S020,A008,33,12,34
S020,B002V3,33,24,34
S020,B004V1,33,12,34
S020,B007V1,33,24,34
S020,B007V2,33,24,34
S020,B009V3,33,6,34
S020,B010V1,33,6,34
S020,S004V1,33,12,34
S020,S005V1,33,12,34
S020,S006V1,33,6,34
S020,S007V3,33,12,34
S020,S008V2,33,6,34
S020,S010V3,33,6,34
S020,K001V1,33,12,34
S020,K002V1,33,24,34
S020,K004V3,33,6,34
S020,K005V3,33,6,34
S020,K009V1,33,6,34
S020,K009V3,33,6,34
S020,R001V1,33,12,34
S020,R002V1,33,6,34
S020,R003V3,33,24,34
S020,R007V3,33,6,34
S020,R008V3,33,24,34
S020,B002,34,24,35
S020,B006,34,24,35
S020,B008,34,24,35
S020,S004,34,12,35
S020,S007,34,12,35
S020,S008,34,6,35
S020,S010,34,6,35
S020,K002,34,24,35
S020,K004,34,6,35
S020,K006,34,24,35
S020,K007,34,12,35
S020,K009,34,6,35
S020,R001,34,12,35
S020,R005,34,12,35
S020,R008,34,24,35
S020,R010,34,24,35
S020,Y001,34,24,35
S020,Y003,34,6,35
S020,Y004,34,6,35
S020,A001,34,6,35
S020,B001V1,34,24,35
S020,B001V3,34,24,35
S020,B002V2,34,24,35
S020,B003V2,34,24,35
S020,B007V1,34,24,35
S020,B007V2,34,24,35
S020,B008V1,34,24,35
S020,B009V2,34,6,35
S020,B009V3,34,6,35
S020,S001V2,34,24,35
S020,S002V2,34,24,35
S020,S003V2,34,24,35
S020,S004V1,34,12,35
S020,S005V2,34,12,35
S020,S006V1,34,6,35
S020,S006V2,34,6,35
S020,K001V1,34,12,35
S020,K002V1,34,24,35
S020,K003V3,34,6,35
S020,K004V3,34,6,35
S020,K005V1,34,6,35
S020,K007V3,34,12,35
S020,K008V2,34,6,35
S020,R001V1,34,12,35
S020,R001V3,34,12,35
S020,R003V1,34,24,35
S020,R003V2,34,24,35
S020,R004V1,34,12,35
S020,R005V1,34,12,35
S020,R006V3,34,6,35
S020,R009V3,34,12,35
S020,B003,35,24,36
S020,B004,35,12,36
S020,B005,35,12,36
S020,B009,35,6,36
S020,S003,35,24,36
S020,S004,35,12,36
S020,S005,35,12,36
S020,S008,35,6,36
S020,K004,35,6,36
S020,K005,35,6,36
S020,K007,35,12,36
S020,K010,35,6,36
S020,R002,35,6,36
S020,R003,35,24,36
S020,R005,35,12,36
S020,R006,35,6,36
S020,R007,35,6,36
S020,R010,35,24,36
S020,Y001,35,24,36
S020,Y006,35,6,36
S020,A001,35,6,36
S020,B001V1,35,24,36
S020,B002V1,35,24,36
S020,B003V1,35,24,36
S020,B004V1,35,12,36
S020,B005V1,35,12,36
S020,B005V2,35,12,36
S020,B006V1,35,24,36
S020,B007V1,35,24,36
S020,B007V2,35,24,36
S020,B009V2,35,6,36
S020,B009V3,35,6,36
S020,B010V1,35,6,36
S020,S002V1,35,24,36
S020,S002V2,35,24,36
S020,S003V3,35,24,36
S020,S004V1,35,12,36
S020,S004V3,35,12,36
S020,S006V2,35,6,36
S020,S007V3,35,12,36
S020,S008V3,35,6,36
S020,K001V1,35,12,36
S020,K002V1,35,24,36
S020,K002V3,35,24,36
S020,K005V1,35,6,36
S020,K006V1,35,24,36
S020,K007V3,35,12,36
S020,R001V1,35,12,36
S020,R002V1,35,6,36
S020,R002V2,35,6,36
S020,R003V2,35,24,36
S020,R003V3,35,24,36
S020,R005V3,35,12,36
S020,R007V1,35,6,36
S020,R008V3,35,24,36
S020,R010V3,35,24,36
S020,B002,36,24,37
S020,B003,36,24,37
S020,B005,36,12,37
S020,B006,36,24,37
S020,S004,36,12,37
S020,S007,36,12,37
S020,K002,36,24,37
S020,K004,36,6,37
S020,K009,36,6,37
S020,K010,36,6,37
S020,R001,36,12,37
S020,R002,36,6,37
S020,R003,36,24,37
S020,R004,36,12,37
S020,Y004,36,6,37
S020,A001,36,6,37
S020,A002,36,24,37
S020,A006,36,6,37
S020,B002V2,36,24,37
S020,B006V1,36,24,37
S020,B006V2,36,24,37
S020,B007V1,36,24,37
S020,B007V2,36,24,37
S020,B009V2,36,6,37
S020,B009V3,36,6,37
S020,S001V2,36,24,37
S020,S002V1,36,24,37
S020,S004V1,36,12,37
S020,S005V1,36,12,37
S020,S005V2,36,12,37
S020,S005V3,36,12,37
S020,S006V2,36,6,37
S020,S007V3,36,12,37
S020,S008V3,36,6,37
S020,S010V3,36,6,37
S020,K002V3,36,24,37
S020,K003V2,36,6,37
S020,K004V2,36,6,37
S020,K004V3,36,6,37
S020,K005V1,36,6,37
S020,K005V2,36,6,37
S020,K006V1,36,24,37
S020,R001V1,36,12,37
S020,R001V2,36,12,37
S020,R002V1,36,6,37
S020,R002V2,36,6,37
S020,R002V3,36,6,37
S020,R006V3,36,6,37
S020,R007V1,36,6,37
S020,R007V3,36,6,37
S020,R008V3,36,24,37
S020,R009V3,36,12,37
S020,Y001V2,36,24,37
S020,B002,37,24,38
S020,B004,37,12,38
S020,B009,37,6,38
S020,S002,37,24,38
S020,S005,37,12,38
S020,S007,37,12,38
S020,K001,37,12,38
S020,K004,37,6,38
S020,K005,37,6,38
S020,K006,37,24,38
S020,K010,37,6,38
S020,R004,37,12,38
S020,R008,37,24,38
S020,Y003,37,6,38
S020,A003,37,24,38
S020,A007,37,6,38
S020,B006V2,37,24,38
S020,B007V2,37,24,38
S020,B008V1,37,24,38
S020,B009V1,37,6,38
S020,B009V3,37,6,38
S020,B010V3,37,6,38
S020,S001V2,37,24,38
S020,S002V1,37,24,38
S020,S002V3,37,24,38
S020,S003V2,37,24,38
S020,S004V1,37,12,38
S020,S004V3,37,12,38
S020,S005V2,37,12,38
S020,S005V3,37,12,38
S020,S006V2,37,6,38
S020,S010V3,37,6,38
S020,K001V1,37,12,38
S020,K003V2,37,6,38
S020,K004V3,37,6,38
S020,R001V1,37,12,38
S020,R001V2,37,12,38
S020,R003V2,37,24,38
S020,R004V1,37,12,38
S020,R004V3,37,12,38
S020,R005V2,37,12,38
S020,R006V3,37,6,38
S020,R007V1,37,6,38
S020,R009V3,37,12,38
S020,Y001V2,37,24,38
S020,Y002V2,37,24,38
S020,B003,38,24,39
S020,B005,38,12,39
S020,B006,38,24,39
S020,B009,38,6,39
S020,S010,38,6,39
S020,K001,38,12,39
S020,K004,38,6,39
S020,K005,38,6,39
S020,K006,38,24,39
S020,K010,38,6,39
S020,Y002,38,24,39
S020,Y004,38,6,39
S020,B001V1,38,24,39
S020,B001V3,38,24,39
S020,B005V2,38,12,39
S020,B006V2,38,24,39
S020,B008V1,38,24,39
S020,B010V2,38,6,39
S020,S002V1,38,24,39
S020,S002V2,38,24,39
S020,S002V3,38,24,39
S020,S003V2,38,24,39
S020,S004V1,38,12,39
S020,S004V3,38,12,39
S020,S005V1,38,12,39
S020,S006V2,38,6,39
S020,S010V3,38,6,39
S020,K001V1,38,12,39
S020,K002V3,38,24,39
S020,K004V3,38,6,39
S020,K005V2,38,6,39
S020,K006V1,38,24,39
S020,K007V3,38,12,39
S020,R001V1,38,12,39
S020,R002V1,38,6,39
S020,R003V3,38,24,39
S020,R004V1,38,12,39
S020,B006,39,24,40
S020,S002,39,24,40
S020,K004,39,6,40
S020,R001,39,12,40
S020,R003,39,24,40
S020,R004,39,12,40
S020,Y004,39,6,40
S020,Y005,39,12,40
S020,B001V1,39,24,40
S020,B003V1,39,24,40
S020,B005V2,39,12,40
S020,B009V2,39,6,40
S020,B009V3,39,6,40
S020,B010V1,39,6,40
S020,B010V3,39,6,40
S020,S003V3,39,24,40
S020,S004V1,39,12,40
S020,S005V1,39,12,40
S020,S006V2,39,6,40
S020,S008V3,39,6,40
S020,S010V3,39,6,40
S020,K001V1,39,12,40
S020,K002V2,39,24,40
S020,K003V3,39,6,40
S020,K004V3,39,6,40
S020,K005V1,39,6,40
S020,K006V1,39,24,40
S020,K007V2,39,12,40
S020,K008V3,39,6,40
S020,K010V1,39,6,40
S020,R002V1,39,6,40
S020,R002V2,39,6,40
S020,R005V3,39,12,40
S020,R006V3,39,6,40
S020,R007V2,39,6,40
S020,R007V3,39,6,40
S020,R008V3,39,24,40
S020,Y002V1,39,24,40
S020,Y002V2,39,24,40
S020,Y002V3,39,24,40
S020,B002,40,24,41
S020,B010,40,6,41
S020,S007,40,12,41
S020,K002,40,24,41
S020,K004,40,6,41
S020,K007,40,12,41
S020,K009,40,6,41
S020,R003,40,24,41
S020,R008,40,24,41
S020,Y001,40,24,41
S020,B001V3,40,24,41
S020,B002V2,40,24,41
S020,B004V1,40,12,41
S020,B004V3,40,12,41
S020,B005V2,40,12,41
S020,B006V3,40,24,41
S020,B009V2,40,6,41
S020,B009V3,40,6,41
S020,B010V3,40,6,41
S020,S002V1,40,24,41
S020,S003V2,40,24,41
S020,S004V1,40,12,41
S020,S005V3,40,12,41
S020,S006V1,40,6,41
S020,S006V3,40,6,41
S020,K001V1,40,12,41
S020,K002V3,40,24,41
S020,K003V3,40,6,41
S020,K004V2,40,6,41
S020,K004V3,40,6,41
S020,K007V3,40,12,41
S020,K008V3,40,6,41
S020,R001V1,40,12,41
S020,R001V2,40,12,41
S020,R002V2,40,6,41
S020,R003V1,40,24,41
S020,R003V2,40,24,41
S020,R003V3,40,24,41
S020,R004V3,40,12,41
S020,R006V3,40,6,41
S020,R008V3,40,24,41
S020,R009V3,40,12,41
S020,B003,41,24,42
S020,B004,41,12,42
S020,B009,41,6,42
S020,S005,41,12,42
S020,S007,41,12,42
S020,S010,41,6,42
S020,K004,41,6,42
S020,K005,41,6,42
S020,K009,41,6,42
S020,R009,41,12,42
S020,Y004,41,6,42
S020,A001,41,6,42
S020,A002,41,24,42
S020,B005V1,41,12,42
S020,B007V1,41,24,42
S020,B008V1,41,24,42
S020,B009V1,41,6,42
S020,B009V3,41,6,42
S020,B010V2,41,6,42
S020,B010V3,41,6,42
S020,S002V3,41,24,42
S020,S003V2,41,24,42
S020,S006V1,41,6,42
S020,K001V1,41,12,42
S020,K002V1,41,24,42
S020,K002V3,41,24,42
S020,K003V1,41,6,42
S020,K004V3,41,6,42
S020,R002V2,41,6,42
S020,R003V3,41,24,42
S020,R004V3,41,12,42
S020,Y002V3,41,24,42
S020,B004,42,12,43
S020,B010,42,6,43
S020,S004,42,12,43
S020,S007,42,12,43
S020,S010,42,6,43
S020,K001,42,12,43
S020,K004,42,6,43
S020,K005,42,6,43
S020,R001,42,12,43
S020,R003,42,24,43
S020,Y002,42,24,43
S020,B001V3,42,24,43
S020,B002V2,42,24,43
S020,B005V2,42,12,43
S020,B005V3,42,12,43
S020,B009V2,42,6,43
S020,B009V3,42,6,43
S020,S002V3,42,24,43
S020,S003V1,42,24,43
S020,S004V1,42,12,43
S020,S004V3,42,12,43
S020,S005V2,42,12,43
S020,S005V3,42,12,43
S020,S006V3,42,6,43
S020,S010V3,42,6,43
S020,K001V1,42,12,43
S020,K002V1,42,24,43
S020,K002V3,42,24,43
S020,K004V3,42,6,43
S020,K007V1,42,12,43
S020,K007V2,42,12,43
S020,K007V3,42,12,43
S020,R001V1,42,12,43
S020,R001V2,42,12,43
S020,R002V1,42,6,43
S020,R003V1,42,24,43
S020,R003V3,42,24,43
S020,R004V1,42,12,43
S020,R005V1,42,12,43
S020,R006V3,42,6,43
S020,R007V1,42,6,43
S020,R007V2,42,6,43
S020,R009V3,42,12,43
S020,B003,43,24,44
S020,B009,43,6,44
S020,S002,43,24,44
S020,S005,43,12,44
S020,S007,43,12,44
S020,K001,43,12,44
S020,K006,43,24,44
S020,R001,43,12,44
S020,R008,43,24,44
S020,Y001,43,24,44
S020,A002,43,24,44
S020,A003,43,24,44
S020,A007,43,6,44
S020,B004V1,43,12,44
S020,B007V1,43,24,44
S020,B008V1,43,24,44
S020,B008V2,43,24,44
S020,B009V3,43,6,44
S020,S002V3,43,24,44
S020,S003V1,43,24,44
S020,S003V2,43,24,44
S020,S004V3,43,12,44
S020,S005V1,43,12,44
S020,S005V3,43,12,44
S020,S008V1,43,6,44
S020,S008V3,43,6,44
S020,S010V3,43,6,44
S020,K001V1,43,12,44
S020,K002V3,43,24,44
S020,K003V1,43,6,44
S020,K004V3,43,6,44
S020,R001V1,43,12,44
S020,R003V3,43,24,44
S020,R005V3,43,12,44
S020,R006V2,43,6,44
S020,R006V3,43,6,44
S020,R007V1,43,6,44
S020,B003,44,24,45
S020,B005,44,12,45
S020,B006,44,24,45
S020,S003,44,24,45
S020,S005,44,12,45
S020,S007,44,12,45
S020,K005,44,6,45
S020,K007,44,12,45
S020,K010,44,6,45
S020,R003,44,24,45
S020,R009,44,12,45
S020,Y001,44,24,45
S020,B001V3,44,24,45
S020,B002V2,44,24,45
S020,B005V3,44,12,45
S020,B006V1,44,24,45
S020,B007V1,44,24,45
S020,B008V2,44,24,45
S020,B008V3,44,24,45
S020,B009V2,44,6,45
S020,B010V1,44,6,45
S020,S002V1,44,24,45
S020,S003V2,44,24,45
S020,S004V3,44,12,45
S020,S005V3,44,12,45
S020,S007V3,44,12,45
S020,S008V3,44,6,45
S020,S010V1,44,6,45
S020,K001V1,44,12,45
S020,K004V3,44,6,45
S020,K006V1,44,24,45
S020,K007V2,44,12,45
S020,R003V3,44,24,45
S020,R008V3,44,24,45
S020,B005,45,12,46
S020,B010,45,6,46
S020,S005,45,12,46
S020,K004,45,6,46
S020,K005,45,6,46
S020,K006,45,24,46
S020,K010,45,6,46
S020,R002,45,6,46
S020,B001V1,45,24,46
S020,B002V2,45,24,46
S020,B005V1,45,12,46
S020,B005V2,45,12,46
S020,B006V1,45,24,46
S020,B008V1,45,24,46
S020,B008V2,45,24,46
S020,B009V3,45,6,46
S020,S002V1,45,24,46
S020,S005V1,45,12,46
S020,S010V1,45,6,46
S020,K001V1,45,12,46
S020,K003V3,45,6,46
S020,K004V3,45,6,46
S020,K005V3,45,6,46
S020,K007V1,45,12,46
S020,R002V2,45,6,46
S020,R003V1,45,24,46
S020,R004V1,45,12,46
S020,R004V3,45,12,46
S020,R005V2,45,12,46
S020,R005V3,45,12,46
S020,R006V3,45,6,46
S020,R008V3,45,24,46
S020,R009V2,45,12,46
S020,B002,46,24,47
S020,B006,46,24,47
S020,S003,46,24,47
S020,S005,46,12,47
S020,K005,46,6,47
S020,K006,46,24,47
S020,K009,46,6,47
S020,R002,46,6,47
S020,R003,46,24,47
S020,R005,46,12,47
S020,R006,46,6,47
S020,R008,46,24,47
S020,R009,46,12,47
S020,B001V3,46,24,47
S020,B004V1,46,12,47
S020,B005V1,46,12,47
S020,B005V3,46,12,47
S020,B006V2,46,24,47
S020,B007V3,46,24,47
S020,B009V2,46,6,47
S020,S003V1,46,24,47
S020,S003V2,46,24,47
S020,S004V1,46,12,47
S020,S005V1,46,12,47
S020,S005V3,46,12,47
S020,S006V2,46,6,47
S020,S006V3,46,6,47
S020,S010V1,46,6,47
S020,S010V3,46,6,47
S020,K001V1,46,12,47
S020,K005V2,46,6,47
S020,K007V1,46,12,47
S020,R001V1,46,12,47
S020,R002V1,46,6,47
S020,R003V2,46,24,47
S020,R003V3,46,24,47
S020,R004V2,46,12,47
S020,R005V2,46,12,47
S020,R006V2,46,6,47
S020,B005,47,12,48
S020,B009,47,6,48
S020,B010,47,6,48
S020,S010,47,6,48
S020,K004,47,6,48
S020,K005,47,6,48
S020,K006,47,24,48
S020,K010,47,6,48
S020,R004,47,12,48
S020,R009,47,12,48
S020,Y005,47,12,48
S020,A007,47,6,48
S020,B002V3,47,24,48
S020,B005V1,47,12,48
S020,B007V1,47,24,48
S020,B007V2,47,24,48
S020,B008V2,47,24,48
S020,B009V2,47,6,48
S020,B010V1,47,6,48
S020,S003V1,47,24,48
S020,S004V1,47,12,48
S020,S005V1,47,12,48
S020,S005V3,47,12,48
S020,S007V3,47,12,48
S020,S010V3,47,6,48
S020,K005V3,47,6,48
S020,K006V1,47,24,48
S020,K007V2,47,12,48
S020,K008V3,47,6,48
S020,K010V2,47,6,48
S020,R001V1,47,12,48
S020,R001V2,47,12,48
S020,R002V2,47,6,48
S020,R004V3,47,12,48
S020,R005V2,47,12,48
S020,R006V3,47,6,48
S020,R008V2,47,24,48
S020,Y002V2,47,24,48
S020,B003,48,24,49
S020,B005,48,12,49
S020,S002,48,24,49
S020,S004,48,12,49
S020,S008,48,6,49
S020,K001,48,12,49
S020,K004,48,6,49
S020,R002,48,6,49
S020,R004,48,12,49
S020,R005,48,12,49
S020,Y001,48,24,49
S020,A002,48,24,49
S020,B002V2,48,24,49
S020,B006V1,48,24,49
S020,B009V3,48,6,49
S020,S002V1,48,24,49
S020,S002V2,48,24,49
S020,S003V2,48,24,49
S020,S005V1,48,12,49
S020,S005V3,48,12,49
S020,S006V3,48,6,49
S020,S007V3,48,12,49
S020,K001V1,48,12,49
S020,K002V1,48,24,49
S020,K002V2,48,24,49
S020,K008V3,48,6,49
S020,R002V1,48,6,49
S020,R003V1,48,24,49
S020,R003V2,48,24,49
S020,R003V3,48,24,49
S020,R004V2,48,12,49
S020,R004V3,48,12,49
S020,R006V3,48,6,49
S020,R007V3,48,6,49
S020,R008V2,48,24,49
S020,R008V3,48,24,49
S020,Y002V2,48,24,49
S020,Y002V3,48,24,49
S020,B003,49,24,50
S020,S004,49,12,50
S020,S005,49,12,50
S020,S008,49,6,50
S020,K004,49,6,50
S020,K005,49,6,50
S020,K006,49,24,50
S020,K009,49,6,50
S020,R010,49,24,50
S020,Y003,49,6,50
S020,B002V2,49,24,50
S020,B004V1,49,12,50
S020,B005V1,49,12,50
S020,B005V3,49,12,50
S020,B007V2,49,24,50
S020,B009V3,49,6,50
S020,B010V3,49,6,50
S020,S002V1,49,24,50
S020,S003V1,49,24,50
S020,S003V2,49,24,50
S020,S004V3,49,12,50
S020,S005V1,49,12,50
S020,S007V3,49,12,50
S020,S010V3,49,6,50
S020,K001V1,49,12,50
S020,K004V3,49,6,50
S020,K006V1,49,24,50
S020,K010V2,49,6,50
S020,R001V1,49,12,50
S020,R001V2,49,12,50
S020,R003V1,49,24,50
S020,R003V2,49,24,50
S020,R005V3,49,12,50
S020,R008V3,49,24,50
S020,R009V3,49,12,50
S020,R010V3,49,24,50
S020,Y002V2,49,24,50
S020,B002,50,24,51
S020,B003,50,24,51
S020,S004,50,12,51
S020,S010,50,6,51
S020,K004,50,6,51
S020,K006,50,24,51
S020,K009,50,6,51
S020,R001,50,12,51
S020,R003,50,24,51
S020,R005,50,12,51
S020,R006,50,6,51
S020,R010,50,24,51
S020,B001V3,50,24,51
S020,B004V1,50,12,51
S020,B005V1,50,12,51
S020,B005V2,50,12,51
S020,B007V1,50,24,51
S020,B007V2,50,24,51
S020,S001V2,50,24,51
S020,S002V1,50,24,51
S020,S002V2,50,24,51
S020,S002V3,50,24,51
S020,S003V1,50,24,51
S020,S005V1,50,12,51
S020,K001V1,50,12,51
S020,K003V1,50,6,51
S020,K003V2,50,6,51
S020,K005V1,50,6,51
S020,K005V3,50,6,51
S020,K007V1,50,12,51
S020,K007V3,50,12,51
S020,R001V2,50,12,51
S020,R001V3,50,12,51
S020,R002V1,50,6,51
S020,R002V2,50,6,51
S020,R003V2,50,24,51
S020,R004V1,50,12,51
S020,R004V3,50,12,51
S020,R005V1,50,12,51
S020,R005V3,50,12,51
S020,R006V3,50,6,51
S020,R009V1,50,12,51
S020,Y001V2,50,24,51
S020,Y002V2,50,24,51
S020,Y002V3,50,24,51
S020,B003,51,24,52
S020,B005,51,12,52
S020,B006,51,24,52
S020,S007,51,12,52
S020,S008,51,6,52
S020,K004,51,6,52
S020,K005,51,6,52
S020,K006,51,24,52
S020,K007,51,12,52
S020,R001,51,12,52
S020,R006,51,6,52
S020,B005V2,51,12,52
S020,B006V1,51,24,52
S020,B008V1,51,24,52
S020,B009V1,51,6,52
S020,B009V3,51,6,52
S020,S001V2,51,24,52
S020,S002V2,51,24,52
S020,S003V1,51,24,52
S020,S004V1,51,12,52
S020,S004V3,51,12,52
S020,S005V1,51,12,52
S020,S008V3,51,6,52
S020,K001V1,51,12,52
S020,K003V3,51,6,52
S020,K004V3,51,6,52
S020,K007V2,51,12,52
S020,K007V3,51,12,52
S020,K008V3,51,6,52
S020,R002V1,51,6,52
S020,R003V2,51,24,52
S020,R008V3,51,24,52
S020,Y002V2,51,24,52
S021,B005,1,12,2
S021,B006,1,24,2
S021,B010,1,6,2
S021,K005,1,18,2
S021,K006,1,24,2
S021,R002,1,6,2
S021,R009,1,12,2
S021,Y006,1,6,2
S021,B004V2,1,12,2
S021,B007V1,1,24,2
S021,B009V3,1,18,2
S021,S002V1,1,24,2
S021,S003V1,1,24,2
S021,S003V2,1,24,2
S021,S004V1,1,12,2
S021,S004V2,1,12,2
S021,S005V1,1,24,2
S021,S006V2,1,6,2
S021,S006V3,1,6,2
S021,S007V3,1,12,2
S021,S008V2,1,6,2
S021,S009V1,1,6,2
S021,S009V3,1,6,2
S021,S010V2,1,6,2
S021,K001V1,1,24,2
S021,K002V3,1,24,2
S021,K004V3,1,18,2
S021,K009V1,1,6,2
S021,K009V2,1,6,2
S021,K010V1,1,6,2
S021,R001V1,1,12,2
S021,R002V1,1,6,2
S021,R003V1,1,24,2
S021,R004V2,1,12,2
S021,R004V3,1,12,2
S021,R008V1,1,24,2
S021,Y002V3,1,24,2
S021,B003,2,24,3
S021,S010,2,6,3
S021,K003,2,6,3
S021,K005,2,24,3
S021,K009,2,6,3
S021,R001,2,12,3
S021,R005,2,12,3
S021,Y002,2,24,3
S021,A003,2,24,3
S021,A005,2,6,3
S021,B002V2,2,24,3
S021,B005V2,2,12,3
S021,B005V3,2,12,3
S021,B007V1,2,24,3
S021,B008V2,2,24,3
S021,B009V3,2,36,3
S021,S003V3,2,24,3
S021,S004V2,2,12,3
S021,S005V1,2,12,3
S021,S006V3,2,6,3
S021,S007V3,2,12,3
S021,S009V1,2,6,3
S021,K001V1,2,48,3
S021,K003V2,2,6,3
S021,K004V3,2,24,3
S021,K007V2,2,12,3
S021,K009V2,2,6,3
S021,R001V1,2,24,3
S021,R002V1,2,6,3
S021,R002V2,2,6,3
S021,R003V1,2,24,3
S021,R004V1,2,12,3
S021,R004V2,2,12,3
S021,R005V1,2,12,3
S021,R009V3,2,12,3
S021,Y002V2,2,24,3
S021,Y002V3,2,24,3
S021,B002,3,24,4
S021,B006,3,24,4
S021,S004,3,12,4
S021,K005,3,18,4
S021,K009,3,6,4
S021,R003,3,24,4
S021,R008,3,24,4
S021,Y001,3,24,4
S021,Y006,3,6,4
S021,A008,3,12,4
S021,B004V1,3,12,4
S021,B004V2,3,12,4
S021,B004V3,3,12,4
S021,B007V1,3,24,4
S021,B009V3,3,24,4
S021,B010V3,3,6,4
S021,S002V1,3,24,4
S021,S004V1,3,12,4
S021,S005V1,3,24,4
S021,K001V1,3,12,4
S021,K003V2,3,6,4
S021,K004V3,3,24,4
S021,K006V2,3,24,4
S021,K009V2,3,6,4
S021,R001V1,3,24,4
S021,R001V2,3,12,4
S021,R003V1,3,24,4
S021,R004V3,3,12,4
S021,R005V2,3,12,4
S021,R006V3,3,6,4
S021,R008V1,3,24,4
S021,R009V2,3,12,4
S021,S004,4,12,5
S021,K005,4,6,5
S021,K009,4,6,5
S021,R001,4,12,5
S021,R009,4,12,5
S021,Y003,4,6,5
S021,B002V2,4,24,5
S021,B005V2,4,12,5
S021,B009V3,4,48,5
S021,S007V3,4,12,5
S021,S008V2,4,6,5
S021,S009V3,4,6,5
S021,K004V3,4,24,5
S021,K009V1,4,6,5
S021,K009V2,4,6,5
S021,K010V2,4,6,5
S021,K010V3,4,6,5
S021,R001V1,4,12,5
S021,R001V2,4,12,5
S021,R002V2,4,6,5
S021,R006V3,4,6,5
S021,R007V3,4,6,5
S021,R009V3,4,12,5
S021,Y002V3,4,24,5
S021,B002,5,24,6
S021,B003,5,24,6
S021,S005,5,12,6
S021,S010,5,6,6
S021,K005,5,6,6
S021,K006,5,24,6
S021,R008,5,24,6
S021,R010,5,24,6
S021,Y004,5,6,6
S021,B005V3,5,12,6
S021,B007V1,5,24,6
S021,B009V1,5,6,6
S021,B009V3,5,18,6
S021,S002V3,5,24,6
S021,S004V2,5,12,6
S021,S006V3,5,6,6
S021,S007V3,5,12,6
S021,S008V3,5,6,6
S021,K002V3,5,24,6
S021,K004V3,5,18,6
S021,K007V1,5,12,6
S021,K007V2,5,12,6
S021,K009V1,5,6,6
S021,K009V2,5,6,6
S021,R001V1,5,12,6
S021,R002V1,5,6,6
S021,R002V2,5,6,6
S021,R004V3,5,12,6
S021,R006V2,5,6,6
S021,B003,6,24,7
S021,B005,6,12,7
S021,B006,6,24,7
S021,B010,6,6,7
S021,S005,6,12,7
S021,S010,6,6,7
S021,K005,6,6,7
S021,K006,6,24,7
S021,R003,6,24,7
S021,B004V2,6,12,7
S021,B007V1,6,24,7
S021,B009V2,6,6,7
S021,B009V3,6,18,7
S021,B010V3,6,6,7
S021,S003V2,6,24,7
S021,S004V1,6,12,7
S021,S006V3,6,6,7
S021,S007V3,6,12,7
S021,S008V2,6,6,7
S021,K001V1,6,12,7
S021,K002V3,6,24,7
S021,K004V3,6,18,7
S021,K007V2,6,12,7
S021,K008V1,6,6,7
S021,K009V2,6,6,7
S021,R001V1,6,24,7
S021,R002V1,6,6,7
S021,R004V1,6,12,7
S021,R006V2,6,6,7
S021,R009V3,6,12,7
S021,R010V2,6,24,7
S021,Y001V2,6,24,7
S021,Y002V3,6,24,7
S021,B003,7,24,8
S021,B007,7,24,8
S021,K005,7,6,8
S021,K006,7,24,8
S021,R005,7,12,8
S021,R008,7,24,8
S021,Y004,7,6,8
S021,A005,7,6,8
S021,B002V2,7,24,8
S021,B007V1,7,24,8
S021,B009V3,7,36,8
S021,S003V2,7,24,8
S021,S007V3,7,12,8
S021,S008V2,7,6,8
S021,K001V1,7,12,8
S021,K004V3,7,18,8
S021,K009V1,7,6,8
S021,K009V2,7,6,8
S021,K010V2,7,6,8
S021,R001V1,7,12,8
S021,R002V1,7,6,8
S021,R002V2,7,6,8
S021,R005V3,7,12,8
S021,R006V3,7,6,8
S021,R008V1,7,24,8
S021,Y001V3,7,24,8
S021,Y002V3,7,24,8
S021,B002,8,24,9
S021,B005,8,12,9
S021,B010,8,6,9
S021,S004,8,12,9
S021,K005,8,6,9
S021,R001,8,12,9
S021,R003,8,24,9
S021,A001,8,6,9
S021,B004V2,8,12,9
S021,B006V3,8,24,9
S021,B008V3,8,24,9
S021,B009V3,8,6,9
S021,S002V3,8,24,9
S021,S003V1,8,24,9
S021,S004V1,8,12,9
S021,S009V3,8,6,9
S021,K001V1,8,12,9
S021,K002V1,8,24,9
S021,K004V3,8,6,9
S021,R001V1,8,12,9
S021,R001V2,8,12,9
S021,R002V1,8,6,9
S021,R003V1,8,24,9
S021,R005V1,8,12,9
S021,R005V3,8,12,9
S021,R008V1,8,24,9
S021,R010V1,8,24,9
S021,Y001V3,8,24,9
S021,Y002V1,8,24,9
S021,S001,9,24,10
S021,S007,9,12,10
S021,S008,9,6,10
S021,S010,9,6,10
S021,K003,9,6,10
S021,R001,9,12,10
S021,R003,9,24,10
S021,R004,9,12,10
S021,R009,9,12,10
S021,Y002,9,24,10
S021,A008,9,12,10
S021,B003V2,9,24,10
S021,B009V3,9,6,10
S021,S002V3,9,24,10
S021,S003V2,9,24,10
S021,S004V2,9,12,10
S021,S005V1,9,12,10
S021,S008V3,9,6,10
S021,K001V1,9,12,10
S021,K002V3,9,24,10
S021,K003V1,9,6,10
S021,K004V3,9,12,10
S021,R001V1,9,12,10
S021,R004V1,9,12,10
S021,R006V3,9,6,10
S021,R008V1,9,24,10
S021,R009V2,9,12,10
S021,R009V3,9,12,10
S021,R010V1,9,24,10
S021,S005,10,12,11
S021,S010,10,6,11
S021,K005,10,6,11
S021,K009,10,6,11
S021,R002,10,6,11
S021,R003,10,24,11
S021,B005V2,10,12,11
S021,B009V3,10,6,11
S021,S002V3,10,24,11
S021,S004V1,10,12,11
S021,S004V2,10,12,11
S021,S005V1,10,12,11
S021,S008V2,10,6,11
S021,S008V3,10,6,11
S021,S009V3,10,6,11
S021,K001V1,10,12,11
S021,K002V1,10,24,11
S021,K002V3,10,24,11
S021,K003V1,10,6,11
S021,K004V3,10,12,11
S021,K009V3,10,6,11
S021,R001V1,10,12,11
S021,R002V1,10,6,11
S021,R002V2,10,6,11
S021,R007V1,10,6,11
S021,Y002V1,10,24,11
S021,S001,11,24,12
S021,S004,11,12,12
S021,S005,11,12,12
S021,K005,11,6,12
S021,R001,11,12,12
S021,R005,11,12,12
S021,R009,11,12,12
S021,Y005,11,12,12
S021,B002V2,11,24,12
S021,B004V1,11,12,12
S021,B005V2,11,12,12
S021,B006V3,11,24,12
S021,B008V2,11,24,12
S021,B009V3,11,6,12
S021,S002V1,11,24,12
S021,S003V2,11,24,12
S021,S005V1,11,12,12
S021,S008V3,11,6,12
S021,K002V3,11,24,12
S021,K004V3,11,12,12
S021,K006V1,11,24,12
S021,K006V3,11,24,12
S021,R002V1,11,6,12
S021,R002V2,11,6,12
S021,R006V3,11,6,12
S021,R007V2,11,6,12
S021,R007V3,11,6,12
S021,B002,12,24,13
S021,B003,12,24,13
S021,S009,12,6,13
S021,K005,12,6,13
S021,K009,12,6,13
S021,B002V2,12,24,13
S021,B005V2,12,12,13
S021,B007V1,12,24,13
S021,B009V3,12,6,13
S021,S002V1,12,24,13
S021,S004V2,12,12,13
S021,S005V1,12,12,13
S021,S007V3,12,12,13
S021,S008V3,12,6,13
S021,S009V1,12,6,13
S021,K001V1,12,12,13
S021,K002V3,12,24,13
S021,K003V2,12,6,13
S021,K004V3,12,6,13
S021,R001V1,12,12,13
S021,R002V2,12,6,13
S021,R009V3,12,12,13
S021,R010V3,12,24,13
S021,Y002V2,12,24,13
S021,Y002V3,12,24,13
S021,S001,13,24,14
S021,S004,13,12,14
S021,S009,13,6,14
S021,S010,13,6,14
S021,K003,13,6,14
S021,K005,13,6,14
S021,K009,13,6,14
S021,R004,13,12,14
S021,R009,13,12,14
S021,B005V3,13,12,14
S021,B007V1,13,24,14
S021,B009V3,13,6,14
S021,S003V2,13,24,14
S021,S006V3,13,6,14
S021,S008V2,13,6,14
S021,S008V3,13,6,14
S021,K003V1,13,6,14
S021,K004V3,13,6,14
S021,K010V1,13,6,14
S021,R001V1,13,12,14
S021,R004V1,13,12,14
S021,R004V3,13,12,14
S021,R006V3,13,6,14
S021,R007V1,13,6,14
S021,B002,14,24,15
S021,B003,14,24,15
S021,K005,14,6,15
S021,R001,14,12,15
S021,R008,14,24,15
S021,B001V1,14,24,15
S021,B004V2,14,12,15
S021,B005V1,14,12,15
S021,B005V3,14,12,15
S021,B009V3,14,6,15
S021,S002V3,14,24,15
S021,S005V1,14,12,15
S021,S008V2,14,6,15
S021,K001V1,14,12,15
S021,K002V2,14,24,15
S021,K006V1,14,24,15
S021,K008V1,14,6,15
S021,K009V1,14,6,15
S021,K010V2,14,6,15
S021,R001V1,14,12,15
S021,R001V2,14,12,15
S021,R005V3,14,12,15
S021,R006V3,14,6,15
S021,R007V1,14,6,15
S021,R008V1,14,24,15
S021,R008V2,14,24,15
S021,Y002V3,14,24,15
S021,B003,15,24,16
S021,B008,15,24,16
S021,S001,15,24,16
S021,S004,15,12,16
S021,S007,15,12,16
S021,K008,15,6,16
S021,K009,15,6,16
S021,R001,15,12,16
S021,R008,15,24,16
S021,Y004,15,6,16
S021,A007,15,6,16
S021,B004V2,15,12,16
S021,B005V1,15,12,16
S021,B006V3,15,24,16
S021,B007V1,15,24,16
S021,B008V2,15,24,16
S021,B009V3,15,6,16
S021,S002V1,15,24,16
S021,S003V2,15,24,16
S021,S009V1,15,6,16
S021,K001V1,15,12,16
S021,K002V3,15,24,16
S021,K003V1,15,6,16
S021,K004V3,15,6,16
S021,R002V1,15,6,16
S021,R002V2,15,6,16
S021,R003V1,15,24,16
S021,R006V3,15,6,16
S021,R008V1,15,24,16
S021,B004,16,12,17
S021,S001,16,24,17
S021,S005,16,12,17
S021,S007,16,12,17
S021,S009,16,6,17
S021,S010,16,6,17
S021,K003,16,6,17
S021,K005,16,6,17
S021,K006,16,24,17
S021,R003,16,24,17
S021,R008,16,24,17
S021,A006,16,6,17
S021,B004V1,16,12,17
S021,B004V2,16,12,17
S021,B009V1,16,6,17
S021,B009V3,16,6,17
S021,S002V1,16,24,17
S021,S004V1,16,12,17
S021,S004V2,16,12,17
S021,S005V1,16,12,17
S021,S008V3,16,6,17
S021,K001V1,16,12,17
S021,K002V1,16,24,17
S021,K003V1,16,6,17
S021,K003V2,16,6,17
S021,K006V2,16,24,17
S021,K006V3,16,24,17
S021,K007V2,16,12,17
S021,K009V3,16,6,17
S021,K010V2,16,6,17
S021,R001V1,16,12,17
S021,R001V2,16,12,17
S021,R003V1,16,24,17
S021,R004V1,16,12,17
S021,R004V3,16,12,17
S021,R008V1,16,24,17
S021,R009V1,16,12,17
S021,Y002V3,16,24,17
S021,B003,17,24,18
S021,B004,17,12,18
S021,B006,17,24,18
S021,S001,17,24,18
S021,S004,17,12,18
S021,S005,17,12,18
S021,K003,17,6,18
S021,K005,17,6,18
S021,K006,17,24,18
S021,R009,17,12,18
S021,Y004,17,6,18
S021,A004,17,6,18
S021,A005,17,6,18
S021,B005V2,17,12,18
S021,B009V3,17,6,18
S021,S004V1,17,12,18
S021,S004V3,17,12,18
S021,S005V1,17,12,18
S021,S005V2,17,12,18
S021,S008V2,17,6,18
S021,S009V3,17,6,18
S021,K003V2,17,6,18
S021,K004V3,17,6,18
S021,K006V1,17,24,18
S021,K006V3,17,24,18
S021,K009V2,17,6,18
S021,K009V3,17,6,18
S021,K010V2,17,6,18
S021,R001V1,17,12,18
S021,R003V1,17,24,18
S021,R004V1,17,12,18
S021,R004V2,17,12,18
S021,R008V1,17,24,18
S021,R009V3,17,12,18
S021,R010V2,17,24,18
S021,R010V3,17,24,18
S021,Y001V2,17,24,18
S021,B003,18,24,19
S021,S001,18,24,19
S021,K005,18,6,19
S021,K009,18,6,19
S021,R002,18,6,19
S021,B004V2,18,12,19
S021,B005V2,18,12,19
S021,B009V3,18,6,19
S021,S002V3,18,24,19
S021,S007V2,18,12,19
S021,S007V3,18,12,19
S021,S008V2,18,6,19
S021,S009V1,18,6,19
S021,S009V3,18,6,19
S021,K001V1,18,12,19
S021,K003V1,18,6,19
S021,K003V3,18,6,19
S021,K004V3,18,6,19
S021,K006V1,18,24,19
S021,K006V3,18,24,19
S021,K007V3,18,12,19
S021,K009V2,18,6,19
S021,R001V1,18,12,19
S021,R001V3,18,12,19
S021,R004V3,18,12,19
S021,R006V2,18,6,19
S021,R006V3,18,6,19
S021,R007V3,18,6,19
S021,R008V1,18,24,19
S021,R009V3,18,12,19
S021,Y002V3,18,24,19
S021,B003,19,24,20
S021,B006,19,24,20
S021,K005,19,6,20
S021,K006,19,24,20
S021,R003,19,24,20
S021,R005,19,12,20
S021,Y004,19,6,20
S021,A001,19,6,20
S021,B004V1,19,12,20
S021,B004V2,19,12,20
S021,B005V1,19,12,20
S021,B005V2,19,12,20
S021,B007V1,19,24,20
S021,B008V2,19,24,20
S021,B009V3,19,6,20
S021,B010V3,19,6,20
S021,S004V2,19,12,20
S021,S005V1,19,12,20
S021,S005V2,19,12,20
S021,S005V3,19,12,20
S021,S006V3,19,6,20
S021,S008V2,19,6,20
S021,S008V3,19,6,20
S021,S009V3,19,6,20
S021,K001V1,19,12,20
S021,K002V1,19,24,20
S021,K002V3,19,24,20
S021,K003V3,19,6,20
S021,K004V3,19,6,20
S021,K007V1,19,12,20
S021,K009V2,19,6,20
S021,R001V1,19,12,20
S021,R002V1,19,6,20
S021,R003V1,19,24,20
S021,R004V3,19,12,20
S021,R005V1,19,12,20
S021,R010V2,19,24,20
S021,Y002V2,19,24,20
S021,Y002V3,19,24,20
S021,B007,20,24,21
S021,S001,20,24,21
S021,S004,20,12,21
S021,S005,20,12,21
S021,S007,20,12,21
S021,K002,20,24,21
S021,K005,20,6,21
S021,K009,20,6,21
S021,R002,20,6,21
S021,R009,20,12,21
S021,B004V1,20,12,21
S021,B005V2,20,12,21
S021,B009V2,20,6,21
S021,B009V3,20,6,21
S021,S003V2,20,24,21
S021,S004V1,20,12,21
S021,S004V2,20,12,21
S021,S005V1,20,12,21
S021,S005V2,20,12,21
S021,S006V3,20,6,21
S021,S007V2,20,12,21
S021,K001V1,20,12,21
S021,K004V3,20,6,21
S021,R001V1,20,12,21
S021,R002V2,20,6,21
S021,R004V1,20,12,21
S021,R006V3,20,6,21
S021,R007V1,20,6,21
S021,R009V3,20,12,21
S021,Y002V2,20,24,21
S021,Y002V3,20,24,21
S021,B007,21,24,22
S021,S004,21,12,22
S021,S005,21,12,22
S021,S006,21,6,22
S021,K002,21,24,22
S021,K006,21,24,22
S021,K009,21,6,22
S021,R004,21,12,22
S021,R009,21,12,22
S021,B005V1,21,12,22
S021,B005V3,21,12,22
S021,B007V1,21,24,22
S021,B008V2,21,24,22
S021,B009V1,21,6,22
S021,B009V3,21,6,22
S021,S002V3,21,24,22
S021,S004V1,21,12,22
S021,S005V1,21,12,22
S021,S009V1,21,6,22
S021,S010V1,21,6,22
S021,K001V1,21,12,22
S021,K002V1,21,24,22
S021,K003V1,21,6,22
S021,K004V3,21,6,22
S021,K006V1,21,24,22
S021,K009V2,21,6,22
S021,R002V1,21,6,22
S021,R002V2,21,6,22
S021,R004V1,21,12,22
S021,R004V3,21,12,22
S021,R007V1,21,6,22
S021,R009V3,21,12,22
S021,Y002V3,21,24,22
S021,B002,22,24,23
S021,B007,22,24,23
S021,S004,22,12,23
S021,S007,22,12,23
S021,S009,22,6,23
S021,K002,22,24,23
S021,R009,22,12,23
S021,R010,22,24,23
S021,A006,22,6,23
S021,B005V2,22,12,23
S021,B008V2,22,24,23
S021,B009V3,22,6,23
S021,S002V3,22,24,23
S021,S003V2,22,24,23
S021,S005V1,22,12,23
S021,S005V2,22,12,23
S021,S005V3,22,12,23
S021,S008V2,22,6,23
S021,S009V1,22,6,23
S021,K002V3,22,24,23
S021,K004V3,22,6,23
S021,K010V3,22,6,23
S021,R001V1,22,12,23
S021,R002V1,22,6,23
S021,R002V2,22,6,23
S021,R006V3,22,6,23
S021,R007V3,22,6,23
S021,R009V1,22,12,23
S021,B001,23,24,24
S021,B004,23,12,24
S021,B007,23,24,24
S021,K005,23,6,24
S021,K006,23,24,24
S021,R001,23,12,24
S021,R005,23,12,24
S021,R008,23,24,24
S021,B009V3,23,6,24
S021,S004V2,23,12,24
S021,S005V1,23,12,24
S021,S007V3,23,12,24
S021,S008V2,23,6,24
S021,S009V3,23,6,24
S021,S010V1,23,6,24
S021,K002V1,23,24,24
S021,K002V2,23,24,24
S021,K002V3,23,24,24
S021,K003V1,23,6,24
S021,K009V2,23,6,24
S021,R001V1,23,12,24
S021,R002V1,23,6,24
S021,R002V2,23,6,24
S021,R004V1,23,12,24
S021,R009V3,23,12,24
S021,Y002V3,23,24,24
S021,B002,24,24,25
S021,B003,24,24,25
S021,B006,24,24,25
S021,S001,24,24,25
S021,S004,24,12,25
S021,S005,24,12,25
S021,S010,24,6,25
S021,K006,24,24,25
S021,R001,24,12,25
S021,R002,24,6,25
S021,Y006,24,6,25
S021,A001,24,6,25
S021,B005V1,24,12,25
S021,B005V2,24,12,25
S021,B007V1,24,24,25
S021,B009V1,24,6,25
S021,B009V2,24,6,25
S021,B010V2,24,6,25
S021,S002V1,24,24,25
S021,S002V3,24,24,25
S021,S003V2,24,24,25
S021,S007V3,24,12,25
S021,S008V2,24,6,25
S021,S009V1,24,6,25
S021,S010V1,24,6,25
S021,K002V1,24,24,25
S021,K002V3,24,24,25
S021,K004V3,24,6,25
S021,K007V1,24,12,25
S021,K007V2,24,12,25
S021,K009V2,24,6,25
S021,R001V1,24,12,25
S021,R004V2,24,12,25
S021,R005V2,24,12,25
S021,R007V3,24,6,25
S021,R008V1,24,24,25
S021,R010V2,24,24,25
S021,R010V3,24,24,25
S021,Y002V3,24,24,25
S021,B003,25,24,26
S021,B006,25,24,26
S021,B007,25,24,26
S021,S004,25,12,26
S021,S005,25,12,26
S021,S007,25,12,26
S021,S009,25,6,26
S021,K005,25,6,26
S021,K006,25,24,26
S021,R002,25,6,26
S021,R004,25,12,26
S021,R005,25,12,26
S021,R008,25,24,26
S021,Y001,25,24,26
S021,A001,25,6,26
S021,A004,25,6,26
S021,B001V1,25,24,26
S021,B002V2,25,24,26
S021,B004V1,25,12,26
S021,B007V1,25,24,26
S021,B009V2,25,6,26
S021,B009V3,25,6,26
S021,S002V3,25,24,26
S021,S003V2,25,24,26
S021,S004V1,25,12,26
S021,S005V1,25,12,26
S021,S005V3,25,12,26
S021,S006V3,25,6,26
S021,S008V2,25,6,26
S021,S008V3,25,6,26
S021,K001V1,25,12,26
S021,K004V3,25,6,26
S021,K009V2,25,6,26
S021,K010V2,25,6,26
S021,R001V1,25,12,26
S021,R001V2,25,12,26
S021,R002V1,25,6,26
S021,R004V2,25,12,26
S021,R006V3,25,6,26
S021,R007V1,25,6,26
S021,R008V1,25,24,26
S021,R008V2,25,24,26
S021,R010V3,25,24,26
S021,Y002V3,25,24,26
S021,B004,26,12,27
S021,B006,26,24,27
S021,S001,26,24,27
S021,S005,26,12,27
S021,S009,26,6,27
S021,K002,26,24,27
S021,K005,26,6,27
S021,K006,26,24,27
S021,R005,26,12,27
S021,R008,26,24,27
S021,B005V2,26,12,27
S021,B005V3,26,12,27
S021,B007V1,26,24,27
S021,B009V1,26,6,27
S021,B009V3,26,6,27
S021,S002V1,26,24,27
S021,S005V1,26,12,27
S021,S006V3,26,6,27
S021,S007V2,26,12,27
S021,K001V1,26,12,27
S021,K002V1,26,24,27
S021,K002V3,26,24,27
S021,R001V1,26,12,27
S021,R001V2,26,12,27
S021,R002V1,26,6,27
S021,R003V1,26,24,27
S021,R004V2,26,12,27
S021,R004V3,26,12,27
S021,R005V1,26,12,27
S021,R006V3,26,6,27
S021,R007V1,26,6,27
S021,R010V3,26,24,27
S021,B002,27,24,28
S021,S001,27,24,28
S021,K002,27,24,28
S021,K003,27,6,28
S021,R008,27,24,28
S021,A001,27,6,28
S021,B009V3,27,6,28
S021,S002V3,27,24,28
S021,S005V1,27,12,28
S021,S006V3,27,6,28
S021,S007V2,27,12,28
S021,S007V3,27,12,28
S021,S009V3,27,6,28
S021,K001V1,27,12,28
S021,K002V1,27,24,28
S021,K004V3,27,6,28
S021,K009V2,27,6,28
S021,K010V2,27,6,28
S021,R001V1,27,12,28
S021,R002V1,27,6,28
S021,R002V2,27,6,28
S021,R005V1,27,12,28
S021,R006V3,27,6,28
S021,R009V3,27,12,28
S021,Y001V2,27,24,28
S021,B006,28,24,29
S021,B008,28,24,29
S021,S004,28,12,29
S021,S007,28,12,29
S021,K005,28,6,29
S021,R009,28,12,29
S021,A004,28,6,29
S021,A007,28,6,29
S021,B009V2,28,6,29
S021,S002V1,28,24,29
S021,S003V2,28,24,29
S021,S004V1,28,12,29
S021,S005V1,28,12,29
S021,S005V2,28,12,29
S021,S005V3,28,12,29
S021,S007V2,28,12,29
S021,S007V3,28,12,29
S021,S008V3,28,6,29
S021,S009V3,28,6,29
S021,K001V1,28,12,29
S021,K002V2,28,24,29
S021,K004V3,28,6,29
S021,K006V1,28,24,29
S021,K010V2,28,6,29
S021,R001V1,28,12,29
S021,R003V1,28,24,29
S021,R004V3,28,12,29
S021,R010V2,28,24,29
S021,Y002V2,28,24,29
S021,Y002V3,28,24,29
S021,B008,29,24,30
S021,S001,29,24,30
S021,S009,29,6,30
S021,K005,29,6,30
S021,R009,29,12,30
S021,Y004,29,6,30
S021,Y006,29,6,30
S021,A001,29,6,30
S021,B001V1,29,24,30
S021,B005V2,29,12,30
S021,B007V1,29,24,30
S021,B007V3,29,24,30
S021,S004V2,29,12,30
S021,S005V1,29,12,30
S021,S005V2,29,12,30
S021,S008V2,29,6,30
S021,K001V1,29,12,30
S021,K007V1,29,12,30
S021,R001V1,29,12,30
S021,R003V1,29,24,30
S021,R004V1,29,12,30
S021,R004V2,29,12,30
S021,R004V3,29,12,30
S021,R005V3,29,12,30
S021,R006V3,29,6,30
S021,Y002V2,29,24,30
S021,Y002V3,29,24,30
S021,B002,30,24,31
S021,B003,30,24,31
S021,B004,30,12,31
S021,B007,30,24,31
S021,S009,30,6,31
S021,S010,30,6,31
S021,K005,30,6,31
S021,K006,30,24,31
S021,K009,30,6,31
S021,R003,30,24,31
S021,R004,30,12,31
S021,R005,30,12,31
S021,Y001,30,24,31
S021,A001,30,6,31
S021,B004V1,30,12,31
S021,B005V2,30,12,31
S021,B005V3,30,12,31
S021,B009V3,30,6,31
S021,S001V1,30,24,31
S021,S002V1,30,24,31
S021,S003V2,30,24,31
S021,S005V1,30,12,31
S021,S007V3,30,12,31
S021,S008V3,30,6,31
S021,S009V1,30,6,31
S021,S010V3,30,6,31
S021,K001V1,30,12,31
S021,K002V1,30,24,31
S021,K003V3,30,6,31
S021,K004V3,30,6,31
S021,K009V2,30,6,31
S021,K010V2,30,6,31
S021,R001V1,30,12,31
S021,R002V2,30,6,31
S021,R004V3,30,12,31
S021,R006V3,30,6,31
S021,R009V2,30,12,31
S021,R009V3,30,12,31
S021,B003,31,24,32
S021,B007,31,24,32
S021,S004,31,12,32
S021,S007,31,12,32
S021,S009,31,6,32
S021,K002,31,24,32
S021,K005,31,6,32
S021,R002,31,6,32
S021,R003,31,24,32
S021,R009,31,12,32
S021,Y001,31,24,32
S021,Y004,31,6,32
S021,A006,31,6,32
S021,B004V2,31,12,32
S021,S003V2,31,24,32
S021,S005V1,31,12,32
S021,S008V2,31,6,32
S021,S009V1,31,6,32
S021,S010V3,31,6,32
S021,K001V1,31,12,32
S021,K006V3,31,24,32
S021,R001V1,31,12,32
S021,R004V1,31,12,32
S021,R008V1,31,24,32
S021,R009V3,31,12,32
S021,Y001V2,31,24,32
S021,Y002V2,31,24,32
S021,B010,32,6,33
S021,S001,32,24,33
S021,S009,32,6,33
S021,K005,32,6,33
S021,R002,32,6,33
S021,R007,32,6,33
S021,A004,32,6,33
S021,B004V1,32,12,33
S021,B005V2,32,12,33
S021,B008V2,32,24,33
S021,B009V1,32,6,33
S021,B009V2,32,6,33
S021,S004V2,32,12,33
S021,S005V1,32,12,33
S021,S005V2,32,12,33
S021,S007V3,32,12,33
S021,S009V3,32,6,33
S021,S010V3,32,6,33
S021,K001V1,32,12,33
S021,K002V1,32,24,33
S021,K002V3,32,24,33
S021,K004V3,32,6,33
S021,R001V1,32,12,33
S021,R002V2,32,6,33
S021,R004V3,32,12,33
S021,R007V1,32,6,33
S021,Y002V3,32,24,33
S021,B002,33,24,34
S021,B004,33,12,34
S021,B006,33,24,34
S021,S001,33,24,34
S021,S007,33,12,34
S021,K003,33,6,34
S021,K005,33,6,34
S021,K006,33,24,34
S021,K009,33,6,34
S021,R005,33,12,34
S021,A001,33,6,34
S021,B002V2,33,24,34
S021,B004V1,33,12,34
S021,B009V3,33,6,34
S021,S005V1,33,12,34
S021,S005V2,33,12,34
S021,S005V3,33,12,34
S021,S006V3,33,6,34
S021,S008V2,33,6,34
S021,K001V2,33,12,34
S021,K002V1,33,24,34
S021,K003V1,33,6,34
S021,K004V3,33,6,34
S021,K006V3,33,24,34
S021,K009V2,33,6,34
S021,R001V1,33,12,34
S021,R002V1,33,6,34
S021,R006V3,33,6,34
S021,R009V3,33,12,34
S021,B010,34,6,35
S021,S005,34,12,35
S021,S007,34,12,35
S021,Y005,34,12,35
S021,A008,34,12,35
S021,B005V2,34,12,35
S021,B005V3,34,12,35
S021,B008V2,34,24,35
S021,S002V1,34,24,35
S021,S002V3,34,24,35
S021,S003V2,34,24,35
S021,S004V1,34,12,35
S021,S005V1,34,12,35
S021,S005V3,34,12,35
S021,S006V3,34,6,35
S021,S007V2,34,12,35
S021,S009V1,34,6,35
S021,K004V3,34,6,35
S021,K006V1,34,24,35
S021,K006V3,34,24,35
S021,K007V1,34,12,35
S021,K009V2,34,6,35
S021,K010V1,34,6,35
S021,R001V1,34,12,35
S021,R002V1,34,6,35
S021,R002V2,34,6,35
S021,R003V1,34,24,35
S021,R004V2,34,12,35
S021,R005V1,34,12,35
S021,R008V1,34,24,35
S021,R009V2,34,12,35
S021,R009V3,34,12,35
S021,B006,35,24,36
S021,B007,35,24,36
S021,S001,35,24,36
S021,S004,35,12,36
S021,S009,35,6,36
S021,S010,35,6,36
S021,R002,35,6,36
S021,R003,35,24,36
S021,R005,35,12,36
S021,Y004,35,6,36
S021,B004V2,35,12,36
S021,B005V2,35,12,36
S021,B005V3,35,12,36
S021,B006V3,35,24,36
S021,B008V3,35,24,36
S021,B009V2,35,6,36
S021,B009V3,35,6,36
S021,S002V1,35,24,36
S021,S004V2,35,12,36
S021,S005V1,35,12,36
S021,S005V2,35,12,36
S021,S007V2,35,12,36
S021,S009V1,35,6,36
S021,S009V3,35,6,36
S021,K001V1,35,12,36
S021,K002V1,35,24,36
S021,K002V3,35,24,36
S021,K003V1,35,6,36
S021,K004V3,35,6,36
S021,K006V1,35,24,36
S021,K006V3,35,24,36
S021,R001V1,35,12,36
S021,R001V2,35,12,36
S021,R002V1,35,6,36
S021,R004V2,35,12,36
S021,R010V2,35,24,36
S021,Y001V2,35,24,36
S021,Y002V3,35,24,36
S021,B004,36,12,37
S021,S001,36,24,37
S021,S005,36,12,37
S021,K003,36,6,37
S021,R001,36,12,37
S021,R002,36,6,37
S021,R005,36,12,37
S021,R009,36,12,37
S021,B001V1,36,24,37
S021,B004V1,36,12,37
S021,B005V2,36,12,37
S021,B009V3,36,6,37
S021,S001V1,36,24,37
S021,S002V1,36,24,37
S021,S005V1,36,12,37
S021,S005V2,36,12,37
S021,K001V1,36,12,37
S021,K001V2,36,12,37
S021,K002V3,36,24,37
S021,K003V1,36,6,37
S021,K004V3,36,6,37
S021,K009V2,36,6,37
S021,K010V1,36,6,37
S021,R001V1,36,12,37
S021,R002V1,36,6,37
S021,R002V2,36,6,37
S021,R004V2,36,12,37
S021,R004V3,36,12,37
S021,R007V2,36,6,37
S021,R009V3,36,12,37
S021,R010V2,36,24,37
S021,B002,37,24,38
S021,B004,37,12,38
S021,S007,37,12,38
S021,S009,37,6,38
S021,K005,37,6,38
S021,K006,37,24,38
S021,R009,37,12,38
S021,A003,37,24,38
S021,B005V3,37,12,38
S021,B009V1,37,6,38
S021,B009V3,37,6,38
S021,S001V1,37,24,38
S021,S003V2,37,24,38
S021,S003V3,37,24,38
S021,S004V1,37,12,38
S021,S005V1,37,12,38
S021,S005V2,37,12,38
S021,S005V3,37,12,38
S021,K001V1,37,12,38
S021,K002V3,37,24,38
S021,K007V3,37,12,38
S021,R001V1,37,12,38
S021,R003V1,37,24,38
S021,R005V1,37,12,38
S021,R006V3,37,6,38
S021,R009V3,37,12,38
S021,B003,38,24,39
S021,B007,38,24,39
S021,K003,38,6,39
S021,K005,38,6,39
S021,R002,38,6,39
S021,R008,38,24,39
S021,R009,38,12,39
S021,Y004,38,6,39
S021,A007,38,6,39
S021,B004V1,38,12,39
S021,B007V1,38,24,39
S021,B009V3,38,6,39
S021,B010V3,38,6,39
S021,S003V3,38,24,39
S021,S007V3,38,12,39
S021,K001V1,38,12,39
S021,K002V3,38,24,39
S021,K003V1,38,6,39
S021,K004V3,38,6,39
S021,K007V1,38,12,39
S021,K007V2,38,12,39
S021,K009V2,38,6,39
S021,R001V1,38,12,39
S021,R002V1,38,6,39
S021,R002V2,38,6,39
S021,R004V3,38,12,39
S021,R007V1,38,6,39
S021,R008V2,38,24,39
S021,R009V3,38,12,39
S021,Y002V3,38,24,39
S021,B004,39,12,40
S021,B007,39,24,40
S021,K003,39,6,40
S021,K005,39,6,40
S021,K006,39,24,40
S021,R001,39,12,40
S021,R005,39,12,40
S021,Y006,39,6,40
S021,A007,39,6,40
S021,B001V1,39,24,40
S021,B005V3,39,12,40
S021,B008V3,39,24,40
S021,B009V3,39,6,40
S021,S001V1,39,24,40
S021,S002V3,39,24,40
S021,S003V1,39,24,40
S021,S003V2,39,24,40
S021,S004V2,39,12,40
S021,S005V2,39,12,40
S021,S005V3,39,12,40
S021,S009V3,39,6,40
S021,K002V3,39,24,40
S021,K004V3,39,6,40
S021,K009V2,39,6,40
S021,R004V1,39,12,40
S021,R005V1,39,12,40
S021,R006V3,39,6,40
S021,R009V3,39,12,40
S021,B004,40,12,41
S021,B007,40,24,41
S021,S004,40,12,41
S021,S005,40,12,41
S021,S007,40,12,41
S021,K006,40,24,41
S021,R002,40,6,41
S021,R003,40,24,41
S021,R007,40,6,41
S021,R009,40,12,41
S021,A006,40,6,41
S021,B006V3,40,24,41
S021,B007V1,40,24,41
S021,B009V2,40,6,41
S021,B010V3,40,6,41
S021,S005V1,40,12,41
S021,S005V2,40,12,41
S021,S005V3,40,12,41
S021,S006V3,40,6,41
S021,S007V2,40,12,41
S021,S009V3,40,6,41
S021,K001V1,40,12,41
S021,K002V1,40,24,41
S021,K003V2,40,6,41
S021,K004V3,40,6,41
S021,K007V2,40,12,41
S021,K009V2,40,6,41
S021,R002V1,40,6,41
S021,R003V1,40,24,41
S021,R004V1,40,12,41
S021,R004V3,40,12,41
S021,R006V3,40,6,41
S021,R010V2,40,24,41
S021,Y002V2,40,24,41
S021,B004,41,12,42
S021,S004,41,12,42
S021,S010,41,6,42
S021,K005,41,6,42
S021,R005,41,12,42
S021,R009,41,12,42
S021,A006,41,6,42
S021,B004V1,41,12,42
S021,B007V1,41,24,42
S021,B007V2,41,24,42
S021,B009V2,41,6,42
S021,B009V3,41,6,42
S021,S001V1,41,24,42
S021,S002V1,41,24,42
S021,S003V1,41,24,42
S021,S003V2,41,24,42
S021,S005V1,41,12,42
S021,S007V3,41,12,42
S021,S009V1,41,6,42
S021,K001V1,41,12,42
S021,K003V1,41,6,42
S021,K003V3,41,6,42
S021,K004V3,41,6,42
S021,K006V1,41,24,42
S021,K007V2,41,12,42
S021,K009V2,41,6,42
S021,K009V3,41,6,42
S021,R001V1,41,12,42
S021,R002V1,41,6,42
S021,R004V1,41,12,42
S021,R004V3,41,12,42
S021,B002,42,24,43
S021,K005,42,6,43
S021,R002,42,6,43
S021,R008,42,24,43
S021,R010,42,24,43
S021,B004V2,42,12,43
S021,B005V3,42,12,43
S021,B007V1,42,24,43
S021,B009V3,42,6,43
S021,B010V3,42,6,43
S021,S002V3,42,24,43
S021,S003V1,42,24,43
S021,S003V2,42,24,43
S021,S004V1,42,12,43
S021,S004V2,42,12,43
S021,S005V1,42,12,43
S021,S008V2,42,6,43
S021,S010V3,42,6,43
S021,K002V1,42,24,43
S021,K004V3,42,6,43
S021,K010V1,42,6,43
S021,R001V1,42,12,43
S021,R002V2,42,6,43
S021,R003V1,42,24,43
S021,R004V3,42,12,43
S021,R009V3,42,12,43
S021,Y001V3,42,24,43
S021,Y002V2,42,24,43
S021,Y002V3,42,24,43
S021,B001,43,24,44
S021,B002,43,24,44
S021,B004,43,12,44
S021,B006,43,24,44
S021,B007,43,24,44
S021,S001,43,24,44
S021,S004,43,12,44
S021,S005,43,12,44
S021,K005,43,6,44
S021,R008,43,24,44
S021,R009,43,12,44
S021,A006,43,6,44
S021,B004V1,43,12,44
S021,B004V2,43,12,44
S021,B005V1,43,12,44
S021,B005V2,43,12,44
S021,B008V2,43,24,44
S021,S003V1,43,24,44
S021,S003V2,43,24,44
S021,S004V1,43,12,44
S021,S005V1,43,12,44
S021,S006V3,43,6,44
S021,S008V2,43,6,44
S021,S009V3,43,6,44
S021,K001V1,43,12,44
S021,K002V3,43,24,44
S021,K007V2,43,12,44
S021,K009V2,43,6,44
S021,K010V1,43,6,44
S021,R002V2,43,6,44
S021,R004V3,43,12,44
S021,R010V2,43,24,44
S021,B002,44,24,45
S021,B006,44,24,45
S021,K003,44,6,45
S021,K005,44,6,45
S021,R009,44,12,45
S021,Y001,44,24,45
S021,B004V2,44,12,45
S021,B004V3,44,12,45
S021,B005V1,44,12,45
S021,B007V1,44,24,45
S021,B009V3,44,6,45
S021,S005V1,44,12,45
S021,S007V1,44,12,45
S021,S008V2,44,6,45
S021,K001V1,44,12,45
S021,K002V1,44,24,45
S021,K004V3,44,6,45
S021,K006V1,44,24,45
S021,K007V1,44,12,45
S021,K009V2,44,6,45
S021,K010V2,44,6,45
S021,R002V1,44,6,45
S021,R005V1,44,12,45
S021,R005V3,44,12,45
S021,R006V3,44,6,45
S021,R008V1,44,24,45
S021,R009V3,44,12,45
S021,Y002V3,44,24,45
S021,B003,45,24,46
S021,B006,45,24,46
S021,S001,45,24,46
S021,S004,45,12,46
S021,S007,45,12,46
S021,S010,45,6,46
S021,K005,45,6,46
S021,K006,45,24,46
S021,K009,45,6,46
S021,R008,45,24,46
S021,R009,45,12,46
S021,A005,45,6,46
S021,B002V2,45,24,46
S021,B005V3,45,12,46
S021,B007V1,45,24,46
S021,B007V2,45,24,46
S021,B009V1,45,6,46
S021,B009V2,45,6,46
S021,B009V3,45,6,46
S021,S002V3,45,24,46
S021,S004V1,45,12,46
S021,S004V3,45,12,46
S021,S005V1,45,12,46
S021,S005V2,45,12,46
S021,S005V3,45,12,46
S021,S006V2,45,6,46
S021,S006V3,45,6,46
S021,S010V3,45,6,46
S021,K001V1,45,12,46
S021,K003V2,45,6,46
S021,K003V3,45,6,46
S021,K004V3,45,6,46
S021,K006V1,45,24,46
S021,K009V2,45,6,46
S021,K009V3,45,6,46
S021,K010V1,45,6,46
S021,R002V1,45,6,46
S021,R002V2,45,6,46
S021,R003V1,45,24,46
S021,R005V3,45,12,46
S021,R006V3,45,6,46
S021,R010V1,45,24,46
S021,Y002V1,45,24,46
S021,Y002V2,45,24,46
S021,B003,46,24,47
S021,B004,46,12,47
S021,B006,46,24,47
S021,S001,46,24,47
S021,S004,46,12,47
S021,K005,46,6,47
S021,K006,46,24,47
S021,K009,46,6,47
S021,R010,46,24,47
S021,B005V2,46,12,47
S021,B007V1,46,24,47
S021,B007V2,46,24,47
S021,B008V2,46,24,47
S021,B009V3,46,6,47
S021,B010V2,46,6,47
S021,S002V3,46,24,47
S021,S003V1,46,24,47
S021,S005V1,46,12,47
S021,S005V3,46,12,47
S021,S007V3,46,12,47
S021,S008V3,46,6,47
S021,S009V3,46,6,47
S021,K001V1,46,12,47
S021,K002V3,46,24,47
S021,K006V1,46,24,47
S021,K009V2,46,6,47
S021,R001V1,46,12,47
S021,R002V2,46,6,47
S021,R005V1,46,12,47
S021,R006V3,46,6,47
S021,Y002V2,46,24,47
S021,Y002V3,46,24,47
S021,B004,47,12,48
S021,B010,47,6,48
S021,S007,47,12,48
S021,S010,47,6,48
S021,K005,47,6,48
S021,R002,47,6,48
S021,B004V1,47,12,48
S021,B004V2,47,12,48
S021,B007V1,47,24,48
S021,B007V2,47,24,48
S021,B008V2,47,24,48
S021,B009V3,47,6,48
S021,S002V1,47,24,48
S021,S002V3,47,24,48
S021,S005V2,47,12,48
S021,S005V3,47,12,48
S021,S006V3,47,6,48
S021,S008V3,47,6,48
S021,S009V1,47,6,48
S021,S010V3,47,6,48
S021,K001V1,47,12,48
S021,K002V1,47,24,48
S021,K004V3,47,6,48
S021,K009V1,47,6,48
S021,K009V2,47,6,48
S021,K010V3,47,6,48
S021,R005V2,47,12,48
S021,R007V3,47,6,48
S021,R008V1,47,24,48
S021,R009V3,47,12,48
S021,R010V2,47,24,48
S021,S001,48,24,49
S021,S010,48,6,49
S021,K005,48,6,49
S021,K006,48,24,49
S021,R002,48,6,49
S021,R009,48,12,49
S021,Y001,48,24,49
S021,A008,48,12,49
S021,B002V2,48,24,49
S021,B009V1,48,6,49
S021,B009V3,48,6,49
S021,S001V1,48,24,49
S021,S002V1,48,24,49
S021,S002V3,48,24,49
S021,S003V1,48,24,49
S021,S003V2,48,24,49
S021,S004V2,48,12,49
S021,S004V3,48,12,49
S021,S005V1,48,12,49
S021,S005V3,48,12,49
S021,S009V1,48,6,49
S021,S009V3,48,6,49
S021,K002V3,48,24,49
S021,K003V3,48,6,49
S021,K004V3,48,6,49
S021,K006V1,48,24,49
S021,K007V1,48,12,49
S021,R001V1,48,12,49
S021,R002V2,48,6,49
S021,R004V1,48,12,49
S021,R006V3,48,6,49
S021,R007V3,48,6,49
S021,R009V1,48,12,49
S021,Y002V3,48,24,49
S021,B004,49,12,50
S021,S007,49,12,50
S021,K005,49,6,50
S021,R001,49,12,50
S021,Y003,49,6,50
S021,B005V2,49,12,50
S021,B007V1,49,24,50
S021,B009V3,49,6,50
S021,B010V3,49,6,50
S021,S001V1,49,24,50
S021,S003V1,49,24,50
S021,S004V1,49,12,50
S021,S004V2,49,12,50
S021,S004V3,49,12,50
S021,S005V1,49,12,50
S021,S005V2,49,12,50
S021,S007V2,49,12,50
S021,S008V3,49,6,50
S021,S010V3,49,6,50
S021,K001V1,49,12,50
S021,K004V3,49,6,50
S021,K007V1,49,12,50
S021,R001V1,49,12,50
S021,R002V1,49,6,50
S021,R004V2,49,12,50
S021,R008V2,49,24,50
S021,B004,50,12,51
S021,S005,50,12,51
S021,K003,50,6,51
S021,K006,50,24,51
S021,K008,50,6,51
S021,R001,50,12,51
S021,R002,50,6,51
S021,R003,50,24,51
S021,R008,50,24,51
S021,Y003,50,6,51
S021,B009V3,50,6,51
S021,S003V2,50,24,51
S021,S004V1,50,12,51
S021,S004V3,50,12,51
S021,S005V1,50,12,51
S021,S007V2,50,12,51
S021,S009V3,50,6,51
S021,K001V1,50,12,51
S021,K003V1,50,6,51
S021,K003V2,50,6,51
S021,K004V3,50,6,51
S021,K006V1,50,24,51
S021,K006V3,50,24,51
S021,K009V1,50,6,51
S021,R001V1,50,12,51
S021,R004V1,50,12,51
S021,R006V2,50,6,51
S021,R008V1,50,24,51
S021,B003,51,24,52
S021,K006,51,24,52
S021,K009,51,6,52
S021,R001,51,12,52
S021,B002V2,51,24,52
S021,B007V2,51,24,52
S021,B009V2,51,6,52
S021,S002V3,51,24,52
S021,S003V2,51,24,52
S021,S004V2,51,12,52
S021,S005V2,51,12,52
S021,S005V3,51,12,52
S021,S006V2,51,6,52
S021,S007V1,51,12,52
S021,S007V3,51,12,52
S021,S009V1,51,6,52
S021,S010V3,51,6,52
S021,K004V3,51,6,52
S021,K006V1,51,24,52
S021,K007V2,51,12,52
S021,K009V1,51,6,52
S021,K010V2,51,6,52
S021,R002V1,51,6,52
S021,R002V2,51,6,52
S021,R006V3,51,6,52
S021,R007V1,51,6,52
S021,Y002V2,51,24,52
S022,S001,1,24,3
S022,S002,1,24,3
S022,S008,1,6,3
S022,K004,1,6,3
S022,R008,1,24,3
S022,A004,1,6,3
S022,B001V2,1,24,3
S022,B009V3,1,6,3
S022,S001V1,1,24,3
S022,S003V1,1,24,3
S022,S006V1,1,6,3
S022,S006V3,1,6,3
S022,S007V2,1,12,3
S022,S008V2,1,6,3
S022,S009V2,1,6,3
S022,K004V3,1,6,3
S022,K008V1,1,6,3
S022,K009V2,1,6,3
S022,R001V1,1,24,3
S022,R001V3,1,12,3
S022,R002V2,1,6,3
S022,R003V1,1,24,3
S022,R007V3,1,6,3
S022,Y002V3,1,24,3
S022,S003,2,24,4
S022,K004,2,6,4
S022,R009,2,12,4
S022,A002,2,24,4
S022,A006,2,6,4
S022,A007,2,6,4
S022,B003V1,2,24,4
S022,B009V3,2,12,4
S022,S004V1,2,12,4
S022,S005V2,2,12,4
S022,S007V2,2,12,4
S022,K004V3,2,6,4
S022,K010V1,2,6,4
S022,R001V2,2,12,4
S022,R002V1,2,6,4
S022,R003V1,2,24,4
S022,R003V3,2,24,4
S022,R004V1,2,12,4
S022,R004V3,2,12,4
S022,R007V3,2,6,4
S022,R008V1,2,24,4
S022,R010V3,2,24,4
S022,B007,3,24,5
S022,S010,3,6,5
S022,R001,3,12,5
S022,R009,3,12,5
S022,A002,3,24,5
S022,A006,3,6,5
S022,B006V3,3,24,5
S022,B007V2,3,24,5
S022,B009V1,3,6,5
S022,B009V3,3,6,5
S022,S002V1,3,24,5
S022,S002V2,3,24,5
S022,S003V1,3,24,5
S022,S004V2,3,12,5
S022,S006V1,3,6,5
S022,S006V3,3,6,5
S022,K004V3,3,6,5
S022,R001V2,3,12,5
S022,R002V1,3,6,5
S022,R003V1,3,24,5
S022,R003V2,3,24,5
S022,R003V3,3,24,5
S022,R006V3,3,6,5
S022,R008V1,3,24,5
S022,R008V3,3,24,5
S022,R010V3,3,24,5
S022,B006,4,24,6
S022,S002,4,24,6
S022,S009,4,6,6
S022,S010,4,6,6
S022,K003,4,6,6
S022,K004,4,6,6
S022,K005,4,6,6
S022,R001,4,12,6
S022,R009,4,12,6
S022,Y006,4,6,6
S022,A001,4,6,6
S022,A002,4,24,6
S022,B002V2,4,24,6
S022,B007V2,4,24,6
S022,B009V3,4,12,6
S022,S002V3,4,24,6
S022,S003V1,4,24,6
S022,S009V2,4,6,6
S022,S010V3,4,6,6
S022,K002V1,4,24,6
S022,K004V3,4,6,6
S022,R001V1,4,12,6
S022,R002V1,4,6,6
S022,R002V2,4,6,6
S022,R004V1,4,12,6
S022,R009V3,4,12,6
S022,Y002V3,4,24,6
S022,B007,5,24,7
S022,S006,5,6,7
S022,S009,5,6,7
S022,K004,5,6,7
S022,R008,5,24,7
S022,A001,5,6,7
S022,B004V1,5,12,7
S022,B008V1,5,24,7
S022,B010V1,5,6,7
S022,B010V3,5,6,7
S022,S003V1,5,24,7
S022,K001V2,5,12,7
S022,K002V1,5,24,7
S022,K004V1,5,6,7
S022,K008V2,5,6,7
S022,K009V1,5,6,7
S022,K009V2,5,6,7
S022,R001V1,5,12,7
S022,R003V1,5,24,7
S022,R003V3,5,24,7
S022,R004V3,5,12,7
S022,R009V3,5,12,7
S022,S001,6,24,8
S022,K004,6,6,8
S022,K005,6,6,8
S022,R007,6,6,8
S022,B002V2,6,24,8
S022,B002V3,6,24,8
S022,B003V1,6,24,8
S022,B006V1,6,24,8
S022,B008V1,6,24,8
S022,B009V3,6,6,8
S022,S005V2,6,12,8
S022,S009V2,6,6,8
S022,S010V1,6,6,8
S022,K010V2,6,6,8
S022,R001V1,6,12,8
S022,R006V3,6,6,8
S022,R008V2,6,24,8
S022,R009V3,6,12,8
S022,B003,7,24,9
S022,S001,7,24,9
S022,K003,7,6,9
S022,K004,7,6,9
S022,R002,7,6,9
S022,R009,7,12,9
S022,A006,7,6,9
S022,B007V2,7,24,9
S022,B007V3,7,24,9
S022,B009V3,7,6,9
S022,S001V1,7,24,9
S022,S003V1,7,24,9
S022,S004V1,7,12,9
S022,S005V2,7,12,9
S022,S010V1,7,6,9
S022,K008V2,7,6,9
S022,K009V3,7,6,9
S022,R002V2,7,6,9
S022,R004V1,7,12,9
S022,R006V3,7,6,9
S022,R010V1,7,24,9
S022,B003,8,24,10
S022,R002,8,6,10
S022,R009,8,12,10
S022,A007,8,6,10
S022,B001V2,8,24,10
S022,B005V3,8,12,10
S022,B007V2,8,24,10
S022,S006V1,8,6,10
S022,S009V2,8,6,10
S022,S010V1,8,6,10
S022,K005V2,8,6,10
S022,K009V2,8,6,10
S022,R001V1,8,12,10
S022,R003V1,8,24,10
S022,R003V3,8,24,10
S022,R008V1,8,24,10
S022,Y002V3,8,24,10
S022,S001,9,24,11
S022,S002,9,24,11
S022,S006,9,6,11
S022,S007,9,12,11
S022,S010,9,6,11
S022,R001,9,12,11
S022,R002,9,6,11
S022,R003,9,24,11
S022,R008,9,24,11
S022,A002,9,24,11
S022,B001V1,9,24,11
S022,B005V3,9,12,11
S022,B009V2,9,6,11
S022,S002V2,9,24,11
S022,S009V2,9,6,11
S022,S010V1,9,6,11
S022,K003V1,9,6,11
S022,K007V1,9,12,11
S022,R001V1,9,12,11
S022,R002V1,9,6,11
S022,R003V1,9,24,11
S022,R003V3,9,24,11
S022,R004V2,9,12,11
S022,R004V3,9,12,11
S022,R005V3,9,12,11
S022,R008V1,9,24,11
S022,S001,10,24,12
S022,K004,10,6,12
S022,R002,10,6,12
S022,R003,10,24,12
S022,A002,10,24,12
S022,B001V2,10,24,12
S022,B002V2,10,24,12
S022,B006V1,10,24,12
S022,B007V2,10,24,12
S022,B009V2,10,6,12
S022,B010V1,10,6,12
S022,S003V1,10,24,12
S022,S010V1,10,6,12
S022,K009V2,10,6,12
S022,R001V1,10,12,12
S022,R002V1,10,6,12
S022,R004V2,10,12,12
S022,R005V1,10,12,12
S022,R005V3,10,12,12
S022,R006V1,10,6,12
S022,R006V3,10,6,12
S022,R007V3,10,6,12
S022,R009V3,10,12,12
S022,B006,11,24,13
S022,B007,11,24,13
S022,S008,11,6,13
S022,K007,11,12,13
S022,R002,11,6,13
S022,B006V1,11,24,13
S022,B008V2,11,24,13
S022,S009V2,11,6,13
S022,S010V1,11,6,13
S022,K004V2,11,6,13
S022,K009V2,11,6,13
S022,R001V1,11,12,13
S022,R002V2,11,6,13
S022,R009V3,11,12,13
S022,S001,12,24,14
S022,S003,12,24,14
S022,R003,12,24,14
S022,B009V2,12,6,14
S022,S003V1,12,24,14
S022,S010V1,12,6,14
S022,K001V3,12,12,14
S022,K003V2,12,6,14
S022,K005V3,12,6,14
S022,K009V2,12,6,14
S022,R002V2,12,6,14
S022,R003V3,12,24,14
S022,R004V1,12,12,14
S022,R009V1,12,12,14
S022,Y002V1,12,24,14
S022,Y002V3,12,24,14
S022,B007,13,24,15
S022,S007,13,12,15
S022,S010,13,6,15
S022,K007,13,12,15
S022,K008,13,6,15
S022,R001,13,12,15
S022,R009,13,12,15
S022,Y004,13,6,15
S022,A002,13,24,15
S022,B009V3,13,6,15
S022,S001V1,13,24,15
S022,S006V1,13,6,15
S022,S006V2,13,6,15
S022,S010V1,13,6,15
S022,R001V1,13,12,15
S022,R002V1,13,6,15
S022,R003V1,13,24,15
S022,R004V3,13,12,15
S022,R005V3,13,12,15
S022,R006V1,13,6,15
S022,R006V3,13,6,15
S022,R007V3,13,6,15
S022,R010V3,13,24,15
S022,S001,14,24,16
S022,S003,14,24,16
S022,K003,14,6,16
S022,R009,14,12,16
S022,A008,14,12,16
S022,B003V1,14,24,16
S022,S005V3,14,12,16
S022,S006V1,14,6,16
S022,S006V2,14,6,16
S022,S008V2,14,6,16
S022,R002V1,14,6,16
S022,R002V2,14,6,16
S022,R003V1,14,24,16
S022,R004V3,14,12,16
S022,R005V3,14,12,16
S022,R009V2,14,12,16
S022,R010V3,14,24,16
S022,B007,15,24,17
S022,S004,15,12,17
S022,S009,15,6,17
S022,K005,15,6,17
S022,R001,15,12,17
S022,R002,15,6,17
S022,R005,15,12,17
S022,R009,15,12,17
S022,R010,15,24,17
S022,A008,15,12,17
S022,B003V1,15,24,17
S022,B008V1,15,24,17
S022,S002V2,15,24,17
S022,S004V2,15,12,17
S022,S005V2,15,12,17
S022,S010V3,15,6,17
S022,K009V3,15,6,17
S022,R003V2,15,24,17
S022,R003V3,15,24,17
S022,R004V3,15,12,17
S022,R005V2,15,12,17
S022,R006V3,15,6,17
S022,R008V1,15,24,17
S022,R009V2,15,12,17
S022,B006,16,24,18
S022,B007,16,24,18
S022,B010,16,6,18
S022,S004,16,12,18
S022,K003,16,6,18
S022,K004,16,6,18
S022,R005,16,12,18
S022,R007,16,6,18
S022,B007V2,16,24,18
S022,S002V2,16,24,18
S022,S010V3,16,6,18
S022,K006V3,16,24,18
S022,K010V1,16,6,18
S022,R001V1,16,12,18
S022,R002V2,16,6,18
S022,R004V2,16,12,18
S022,R004V3,16,12,18
S022,R005V2,16,12,18
S022,S008,17,6,19
S022,K005,17,6,19
S022,K007,17,12,19
S022,R001,17,12,19
S022,R003,17,24,19
S022,R008,17,24,19
S022,Y004,17,6,19
S022,A005,17,6,19
S022,A007,17,6,19
S022,B007V1,17,24,19
S022,S002V2,17,24,19
S022,S002V3,17,24,19
S022,S004V1,17,12,19
S022,S004V3,17,12,19
S022,S005V3,17,12,19
S022,S008V2,17,6,19
S022,S009V3,17,6,19
S022,S010V2,17,6,19
S022,K001V1,17,12,19
S022,R001V2,17,12,19
S022,R002V2,17,6,19
S022,R002V3,17,6,19
S022,R003V1,17,24,19
S022,R008V3,17,24,19
S022,R009V1,17,12,19
S022,R009V3,17,12,19
S022,R010V2,17,24,19
S022,Y001V3,17,24,19
S022,B002,18,24,20
S022,S002,18,24,20
S022,S007,18,12,20
S022,S008,18,6,20
S022,S010,18,6,20
S022,K008,18,6,20
S022,R006,18,6,20
S022,R007,18,6,20
S022,R009,18,12,20
S022,A001,18,6,20
S022,A004,18,6,20
S022,A005,18,6,20
S022,A007,18,6,20
S022,S001V1,18,24,20
S022,S002V3,18,24,20
S022,S004V3,18,12,20
S022,S006V1,18,6,20
S022,S006V2,18,6,20
S022,S007V2,18,12,20
S022,S009V3,18,6,20
S022,S010V3,18,6,20
S022,K003V3,18,6,20
S022,K010V1,18,6,20
S022,R001V1,18,12,20
S022,R001V2,18,12,20
S022,R002V2,18,6,20
S022,R002V3,18,6,20
S022,R003V2,18,24,20
S022,R003V3,18,24,20
S022,R004V1,18,12,20
S022,R004V2,18,12,20
S022,R006V3,18,6,20
S022,R008V1,18,24,20
S022,R009V2,18,12,20
S022,R009V3,18,12,20
S022,R010V2,18,24,20
S022,Y001V3,18,24,20
S022,B007,19,24,21
S022,S001,19,24,21
S022,S003,19,24,21
S022,S004,19,12,21
S022,S007,19,12,21
S022,R004,19,12,21
S022,R008,19,24,21
S022,B001V2,19,24,21
S022,B007V1,19,24,21
S022,B007V2,19,24,21
S022,B008V1,19,24,21
S022,S002V3,19,24,21
S022,S005V2,19,12,21
S022,S009V3,19,6,21
S022,S010V1,19,6,21
S022,K001V1,19,12,21
S022,K009V2,19,6,21
S022,K010V3,19,6,21
S022,R001V1,19,12,21
S022,R002V1,19,6,21
S022,R002V2,19,6,21
S022,R002V3,19,6,21
S022,R003V1,19,24,21
S022,R004V1,19,12,21
S022,R006V3,19,6,21
S022,R007V3,19,6,21
S022,R009V3,19,12,21
S022,Y002V3,19,24,21
S022,S007,20,12,22
S022,K005,20,6,22
S022,R001,20,12,22
S022,R004,20,12,22
S022,B007V1,20,24,22
S022,B007V2,20,24,22
S022,B009V1,20,6,22
S022,S001V3,20,24,22
S022,S004V1,20,12,22
S022,S004V2,20,12,22
S022,S006V1,20,6,22
S022,S008V2,20,6,22
S022,R002V1,20,6,22
S022,R004V3,20,12,22
S022,R005V2,20,12,22
S022,Y001V2,20,24,22
S022,S001,21,24,23
S022,R001,21,12,23
S022,R009,21,12,23
S022,B001V2,21,24,23
S022,B002V2,21,24,23
S022,B005V3,21,12,23
S022,B006V2,21,24,23
S022,S002V2,21,24,23
S022,S003V1,21,24,23
S022,S008V1,21,6,23
S022,K001V1,21,12,23
S022,K009V2,21,6,23
S022,K009V3,21,6,23
S022,R002V2,21,6,23
S022,R003V3,21,24,23
S022,R004V1,21,12,23
S022,R004V3,21,12,23
S022,B007,22,24,24
S022,S001,22,24,24
S022,S002,22,24,24
S022,S007,22,12,24
S022,S010,22,6,24
S022,K004,22,6,24
S022,R008,22,24,24
S022,B005V3,22,12,24
S022,B010V3,22,6,24
S022,S002V2,22,24,24
S022,S005V2,22,12,24
S022,S006V1,22,6,24
S022,S009V2,22,6,24
S022,K001V1,22,12,24
S022,R001V1,22,12,24
S022,R002V1,22,6,24
S022,R003V2,22,24,24
S022,R004V1,22,12,24
S022,R004V3,22,12,24
S022,B002,23,24,25
S022,B010,23,6,25
S022,S003,23,24,25
S022,S007,23,12,25
S022,K004,23,6,25
S022,R008,23,24,25
S022,B005V3,23,12,25
S022,B007V2,23,24,25
S022,B008V3,23,24,25
S022,B009V1,23,6,25
S022,S001V3,23,24,25
S022,S002V2,23,24,25
S022,S006V1,23,6,25
S022,S006V3,23,6,25
S022,K009V2,23,6,25
S022,R001V1,23,12,25
S022,R004V2,23,12,25
S022,R004V3,23,12,25
S022,R006V3,23,6,25
S022,R008V1,23,24,25
S022,S001,24,24,26
S022,S008,24,6,26
S022,K003,24,6,26
S022,R009,24,12,26
S022,A005,24,6,26
S022,A006,24,6,26
S022,S002V2,24,24,26
S022,S009V3,24,6,26
S022,K001V1,24,12,26
S022,R001V1,24,12,26
S022,R004V2,24,12,26
S022,R006V3,24,6,26
S022,R009V1,24,12,26
S022,Y001V1,24,24,26
S022,Y001V3,24,24,26
S022,B002,25,24,27
S022,B007,25,24,27
S022,S001,25,24,27
S022,S010,25,6,27
S022,K004,25,6,27
S022,R004,25,12,27
S022,R005,25,12,27
S022,Y006,25,6,27
S022,A001,25,6,27
S022,B001V2,25,24,27
S022,B007V1,25,24,27
S022,S003V2,25,24,27
S022,S004V1,25,12,27
S022,S005V2,25,12,27
S022,S006V1,25,6,27
S022,S010V1,25,6,27
S022,S010V3,25,6,27
S022,K002V2,25,24,27
S022,K006V2,25,24,27
S022,R001V1,25,12,27
S022,R002V1,25,6,27
S022,R006V3,25,6,27
S022,R008V1,25,24,27
S022,Y001V1,25,24,27
S022,Y002V3,25,24,27
S022,B007,26,24,28
S022,S008,26,6,28
S022,K008,26,6,28
S022,K009,26,6,28
S022,R003,26,24,28
S022,R010,26,24,28
S022,Y003,26,6,28
S022,A001,26,6,28
S022,A002,26,24,28
S022,A006,26,6,28
S022,B001V2,26,24,28
S022,B007V1,26,24,28
S022,B007V2,26,24,28
S022,S004V3,26,12,28
S022,S007V2,26,12,28
S022,K002V1,26,24,28
S022,K002V3,26,24,28
S022,K004V1,26,6,28
S022,R003V1,26,24,28
S022,R003V3,26,24,28
S022,R004V1,26,12,28
S022,Y002V3,26,24,28
S022,B001,27,24,29
S022,K004,27,6,29
S022,R001,27,12,29
S022,R002,27,6,29
S022,Y003,27,6,29
S022,Y006,27,6,29
S022,A007,27,6,29
S022,B001V2,27,24,29
S022,B007V2,27,24,29
S022,B009V3,27,6,29
S022,S003V1,27,24,29
S022,S004V2,27,12,29
S022,S006V1,27,6,29
S022,S008V2,27,6,29
S022,S009V1,27,6,29
S022,S010V3,27,6,29
S022,K002V3,27,24,29
S022,K009V3,27,6,29
S022,R001V1,27,12,29
S022,R002V2,27,6,29
S022,R004V2,27,12,29
S022,R008V1,27,24,29
S022,B007,28,24,30
S022,K003,28,6,30
S022,K004,28,6,30
S022,R001,28,12,30
S022,R009,28,12,30
S022,A002,28,24,30
S022,B001V2,28,24,30
S022,B007V1,28,24,30
S022,B008V3,28,24,30
S022,S002V1,28,24,30
S022,S003V1,28,24,30
S022,S004V2,28,12,30
S022,S006V3,28,6,30
S022,S007V2,28,12,30
S022,S009V1,28,6,30
S022,S010V2,28,6,30
S022,K009V2,28,6,30
S022,R001V1,28,12,30
S022,R001V3,28,12,30
S022,R003V1,28,24,30
S022,R004V3,28,12,30
S022,R009V1,28,12,30
S022,Y002V3,28,24,30
S022,B006,29,24,31
S022,B010,29,6,31
S022,S001,29,24,31
S022,S007,29,12,31
S022,K005,29,6,31
S022,K006,29,24,31
S022,R001,29,12,31
S022,R003,29,24,31
S022,A001,29,6,31
S022,B010V1,29,6,31
S022,S002V1,29,24,31
S022,S003V1,29,24,31
S022,S006V1,29,6,31
S022,S008V2,29,6,31
S022,S010V1,29,6,31
S022,S010V2,29,6,31
S022,S010V3,29,6,31
S022,K001V2,29,12,31
S022,K003V3,29,6,31
S022,K009V2,29,6,31
S022,R003V3,29,24,31
S022,R006V3,29,6,31
S022,R008V1,29,24,31
S022,B007,30,24,32
S022,S005,30,12,32
S022,S010,30,6,32
S022,R009,30,12,32
S022,A002,30,24,32
S022,B001V2,30,24,32
S022,B007V2,30,24,32
S022,S006V1,30,6,32
S022,K005V3,30,6,32
S022,K009V2,30,6,32
S022,R001V1,30,12,32
S022,R003V2,30,24,32
S022,R004V1,30,12,32
S022,R004V2,30,12,32
S022,R005V3,30,12,32
S022,R006V3,30,6,32
S022,R008V1,30,24,32
S022,R010V3,30,24,32
S022,B006,31,24,33
S022,B007,31,24,33
S022,S001,31,24,33
S022,S005,31,12,33
S022,B001V2,31,24,33
S022,B002V2,31,24,33
S022,B007V1,31,24,33
S022,S001V1,31,24,33
S022,K003V2,31,6,33
S022,R001V1,31,12,33
S022,R002V1,31,6,33
S022,R002V2,31,6,33
S022,R003V1,31,24,33
S022,R003V2,31,24,33
S022,R005V2,31,12,33
S022,R008V3,31,24,33
S022,R009V2,31,12,33
S022,R010V3,31,24,33
S022,Y002V3,31,24,33
S022,S002,32,24,34
S022,S003,32,24,34
S022,S008,32,6,34
S022,K002,32,24,34
S022,K004,32,6,34
S022,K005,32,6,34
S022,R001,32,12,34
S022,R002,32,6,34
S022,R008,32,24,34
S022,R009,32,12,34
S022,A001,32,6,34
S022,A002,32,24,34
S022,A003,32,24,34
S022,S008V2,32,6,34
S022,R001V1,32,12,34
S022,R002V1,32,6,34
S022,R002V2,32,6,34
S022,R003V1,32,24,34
S022,R003V3,32,24,34
S022,R006V3,32,6,34
S022,R008V1,32,24,34
S022,R009V3,32,12,34
S022,Y001V2,32,24,34
S022,B007,33,24,35
S022,R003,33,24,35
S022,A001,33,6,35
S022,B007V1,33,24,35
S022,B010V3,33,6,35
S022,S001V1,33,24,35
S022,S006V2,33,6,35
S022,S008V2,33,6,35
S022,K002V1,33,24,35
S022,R001V1,33,12,35
S022,R003V3,33,24,35
S022,R004V3,33,12,35
S022,R006V1,33,6,35
S022,R009V3,33,12,35
S022,Y001V2,33,24,35
S022,B007,34,24,36
S022,K005,34,6,36
S022,A007,34,6,36
S022,B008V3,34,24,36
S022,B009V1,34,6,36
S022,S001V1,34,24,36
S022,S003V1,34,24,36
S022,S007V3,34,12,36
S022,S008V2,34,6,36
S022,K001V3,34,12,36
S022,K005V3,34,6,36
S022,K010V1,34,6,36
S022,R001V1,34,12,36
S022,R003V1,34,24,36
S022,R003V2,34,24,36
S022,R003V3,34,24,36
S022,R009V3,34,12,36
S022,Y002V3,34,24,36
S022,B003,35,24,37
S022,B006,35,24,37
S022,B007,35,24,37
S022,S001,35,24,37
S022,S008,35,6,37
S022,K001,35,12,37
S022,R009,35,12,37
S022,Y006,35,6,37
S022,A003,35,24,37
S022,A004,35,6,37
S022,A006,35,6,37
S022,B003V1,35,24,37
S022,B010V3,35,6,37
S022,S002V2,35,24,37
S022,S004V3,35,12,37
S022,S005V2,35,12,37
S022,S006V1,35,6,37
S022,S010V1,35,6,37
S022,K002V3,35,24,37
S022,K003V2,35,6,37
S022,R002V1,35,6,37
S022,R002V2,35,6,37
S022,R002V3,35,6,37
S022,R003V1,35,24,37
S022,R003V3,35,24,37
S022,R004V1,35,12,37
S022,R006V3,35,6,37
S022,R008V3,35,24,37
S022,R009V2,35,12,37
S022,Y002V3,35,24,37
S022,B002,36,24,38
S022,B004,36,12,38
S022,B007,36,24,38
S022,S002,36,24,38
S022,S003,36,24,38
S022,S008,36,6,38
S022,K005,36,6,38
S022,R001,36,12,38
S022,Y002,36,24,38
S022,A006,36,6,38
S022,B001V2,36,24,38
S022,B002V3,36,24,38
S022,B007V1,36,24,38
S022,B007V2,36,24,38
S022,B008V2,36,24,38
S022,S001V1,36,24,38
S022,S004V3,36,12,38
S022,S008V2,36,6,38
S022,K007V1,36,12,38
S022,R001V1,36,12,38
S022,R002V1,36,6,38
S022,R002V2,36,6,38
S022,R002V3,36,6,38
S022,R003V3,36,24,38
S022,R006V1,36,6,38
S022,R006V3,36,6,38
S022,Y001V2,36,24,38
S022,B007,37,24,39
S022,B008,37,24,39
S022,S008,37,6,39
S022,K005,37,6,39
S022,R009,37,12,39
S022,Y003,37,6,39
S022,A001,37,6,39
S022,A007,37,6,39
S022,S003V2,37,24,39
S022,S005V3,37,12,39
S022,S006V1,37,6,39
S022,S006V3,37,6,39
S022,S008V2,37,6,39
S022,S010V1,37,6,39
S022,K001V1,37,12,39
S022,K006V3,37,24,39
S022,K007V2,37,12,39
S022,K009V2,37,6,39
S022,R001V1,37,12,39
S022,R002V1,37,6,39
S022,R002V2,37,6,39
S022,R003V1,37,24,39
S022,R003V2,37,24,39
S022,R003V3,37,24,39
S022,R004V3,37,12,39
S022,R006V3,37,6,39
S022,R008V2,37,24,39
S022,Y002V3,37,24,39
S022,B007,38,24,40
S022,R001,38,12,40
S022,A002,38,24,40
S022,B001V1,38,24,40
S022,B001V2,38,24,40
S022,B009V1,38,6,40
S022,S003V1,38,24,40
S022,S005V2,38,12,40
S022,S006V1,38,6,40
S022,K002V1,38,24,40
S022,R001V3,38,12,40
S022,R004V1,38,12,40
S022,R008V1,38,24,40
S022,R010V2,38,24,40
S022,Y002V3,38,24,40
S022,S008,39,6,41
S022,K005,39,6,41
S022,R002,39,6,41
S022,B001V2,39,24,41
S022,B007V2,39,24,41
S022,B009V1,39,6,41
S022,S004V2,39,12,41
S022,S004V3,39,12,41
S022,S007V3,39,12,41
S022,S008V1,39,6,41
S022,K001V1,39,12,41
S022,K009V2,39,6,41
S022,R001V1,39,12,41
S022,R002V2,39,6,41
S022,R002V3,39,6,41
S022,R006V2,39,6,41
S022,R006V3,39,6,41
S022,R008V1,39,24,41
S022,R009V3,39,12,41
S022,B004,40,12,42
S022,B007,40,24,42
S022,S002,40,24,42
S022,S004,40,12,42
S022,S005,40,12,42
S022,S010,40,6,42
S022,K010,40,6,42
S022,R001,40,12,42
S022,R009,40,12,42
S022,R010,40,24,42
S022,A002,40,24,42
S022,B004V3,40,12,42
S022,B007V1,40,24,42
S022,S004V2,40,12,42
S022,S005V3,40,12,42
S022,S006V1,40,6,42
S022,S009V2,40,6,42
S022,K002V1,40,24,42
S022,R001V3,40,12,42
S022,R003V3,40,24,42
S022,R004V1,40,12,42
S022,R005V3,40,12,42
S022,R008V1,40,24,42
S022,Y002V3,40,24,42
S022,S006,41,6,43
S022,K005,41,6,43
S022,K010,41,6,43
S022,R001,41,12,43
S022,R009,41,12,43
S022,Y006,41,6,43
S022,A002,41,24,43
S022,B007V2,41,24,43
S022,S004V2,41,12,43
S022,S010V1,41,6,43
S022,S010V3,41,6,43
S022,K003V2,41,6,43
S022,K006V1,41,24,43
S022,R002V1,41,6,43
S022,R002V2,41,6,43
S022,R002V3,41,6,43
S022,R006V3,41,6,43
S022,R008V1,41,24,43
S022,Y002V3,41,24,43
S022,S008,42,6,44
S022,K003,42,6,44
S022,K005,42,6,44
S022,R003,42,24,44
S022,R008,42,24,44
S022,R009,42,12,44
S022,B003V1,42,24,44
S022,B004V3,42,12,44
S022,B007V2,42,24,44
S022,B008V2,42,24,44
S022,B009V3,42,6,44
S022,B010V1,42,6,44
S022,S002V1,42,24,44
S022,S002V3,42,24,44
S022,S010V1,42,6,44
S022,K001V1,42,12,44
S022,K001V2,42,12,44
S022,K005V1,42,6,44
S022,K006V2,42,24,44
S022,K009V2,42,6,44
S022,R001V1,42,12,44
S022,R002V2,42,6,44
S022,R003V3,42,24,44
S022,R004V1,42,12,44
S022,R006V3,42,6,44
S022,Y002V3,42,24,44
S022,B002,43,24,45
S022,B010,43,6,45
S022,S002,43,24,45
S022,S003,43,24,45
S022,S008,43,6,45
S022,K010,43,6,45
S022,R001,43,12,45
S022,R003,43,24,45
S022,R005,43,12,45
S022,R009,43,12,45
S022,A001,43,6,45
S022,B001V2,43,24,45
S022,B003V1,43,24,45
S022,B006V3,43,24,45
S022,B007V2,43,24,45
S022,S001V3,43,24,45
S022,S009V2,43,6,45
S022,K002V1,43,24,45
S022,R001V1,43,12,45
S022,R004V1,43,12,45
S022,R004V3,43,12,45
S022,R009V3,43,12,45
S022,Y002V3,43,24,45
S022,S008,44,6,46
S022,K005,44,6,46
S022,R008,44,24,46
S022,Y003,44,6,46
S022,A002,44,24,46
S022,B007V1,44,24,46
S022,S006V1,44,6,46
S022,K009V2,44,6,46
S022,R001V1,44,12,46
S022,R002V1,44,6,46
S022,R002V2,44,6,46
S022,R002V3,44,6,46
S022,R003V1,44,24,46
S022,R003V2,44,24,46
S022,R005V1,44,12,46
S022,R006V3,44,6,46
S022,R008V2,44,24,46
S022,B002,45,24,47
S022,B007,45,24,47
S022,K005,45,6,47
S022,R001,45,12,47
S022,R008,45,24,47
S022,R009,45,12,47
S022,B002V2,45,24,47
S022,B004V3,45,12,47
S022,B007V1,45,24,47
S022,S002V2,45,24,47
S022,S005V2,45,12,47
S022,S007V3,45,12,47
S022,S009V2,45,6,47
S022,K001V2,45,12,47
S022,K002V3,45,24,47
S022,K003V1,45,6,47
S022,K005V2,45,6,47
S022,R002V1,45,6,47
S022,R002V2,45,6,47
S022,R003V1,45,24,47
S022,R005V3,45,12,47
S022,S001,46,24,48
S022,K004,46,6,48
S022,K005,46,6,48
S022,R008,46,24,48
S022,Y006,46,6,48
S022,A006,46,6,48
S022,B002V2,46,24,48
S022,S001V3,46,24,48
S022,S003V1,46,24,48
S022,S009V2,46,6,48
S022,S010V1,46,6,48
S022,K004V1,46,6,48
S022,K004V2,46,6,48
S022,K004V3,46,6,48
S022,R001V1,46,12,48
S022,R002V1,46,6,48
S022,R008V1,46,24,48
S022,R008V2,46,24,48
S022,Y002V3,46,24,48
S022,K008,47,6,49
S022,R001,47,12,49
S022,A001,47,6,49
S022,A007,47,6,49
S022,A008,47,12,49
S022,B001V1,47,24,49
S022,B001V2,47,24,49
S022,B007V1,47,24,49
S022,S005V2,47,12,49
S022,S006V1,47,6,49
S022,S007V3,47,12,49
S022,S009V2,47,6,49
S022,R001V1,47,12,49
S022,R002V1,47,6,49
S022,R004V3,47,12,49
S022,R006V3,47,6,49
S022,S005,48,12,50
S022,K005,48,6,50
S022,R008,48,24,50
S022,B001V2,48,24,50
S022,B005V3,48,12,50
S022,S003V2,48,24,50
S022,S005V2,48,12,50
S022,S006V1,48,6,50
S022,K008V2,48,6,50
S022,K009V3,48,6,50
S022,R003V1,48,24,50
S022,R003V2,48,24,50
S022,R004V3,48,12,50
S022,R005V3,48,12,50
S022,R007V2,48,6,50
S022,R009V3,48,12,50
S022,R010V2,48,24,50
S022,B002,49,24,51
S022,S001,49,24,51
S022,K005,49,6,51
S022,K009,49,6,51
S022,R001,49,12,51
S022,R009,49,12,51
S022,Y004,49,6,51
S022,A006,49,6,51
S022,S006V1,49,6,51
S022,S007V3,49,12,51
S022,S008V2,49,6,51
S022,K006V3,49,24,51
S022,R001V1,49,12,51
S022,R002V1,49,6,51
S022,R002V2,49,6,51
S022,R003V2,49,24,51
S022,R004V2,49,12,51
S022,R005V2,49,12,51
S022,R007V3,49,6,51
S022,R009V3,49,12,51
S022,R010V2,49,24,51
S022,B002,50,24,52
S022,B007,50,24,52
S022,S008,50,6,52
S022,S010,50,6,52
S022,R008,50,24,52
S022,A002,50,24,52
S022,A007,50,6,52
S022,S001V1,50,24,52
S022,S002V2,50,24,52
S022,S004V2,50,12,52
S022,S006V1,50,6,52
S022,S009V2,50,6,52
S022,S010V1,50,6,52
S022,K002V1,50,24,52
S022,K005V1,50,6,52
S022,K005V3,50,6,52
S022,R001V1,50,12,52
S022,R002V1,50,6,52
S022,R004V1,50,12,52
S022,R005V2,50,12,52
S022,R009V3,50,12,52
S023,B007,1,24,3
S023,S002,1,24,3
S023,S003,1,24,3
S023,S007,1,12,3
S023,S008,1,6,3
S023,K005,1,6,3
S023,R002,1,6,3
S023,R004,1,12,3
S023,R008,1,24,3
S023,Y004,1,6,3
S023,A001,1,6,3
S023,A002,1,24,3
S023,A006,1,6,3
S023,A007,1,6,3
S023,A008,1,12,3
S023,B001V2,1,24,3
S023,B009V3,1,6,3
S023,S001V1,1,24,3
S023,S001V2,1,24,3
S023,S002V2,1,24,3
S023,S003V2,1,24,3
S023,S005V1,1,12,3
S023,S010V1,1,6,3
S023,S010V2,1,6,3
S023,K001V3,1,12,3
S023,K003V1,1,6,3
S023,K004V3,1,6,3
S023,R001V1,1,24,3
S023,R002V1,1,6,3
S023,R003V1,1,24,3
S023,R003V3,1,24,3
S023,R004V1,1,12,3
S023,R004V3,1,12,3
S023,R006V3,1,6,3
S023,R007V3,1,6,3
S023,R008V3,1,24,3
S023,B006,2,24,4
S023,B007,2,24,4
S023,S004,2,12,4
S023,K007,2,12,4
S023,R001,2,12,4
S023,R002,2,6,4
S023,R004,2,12,4
S023,R008,2,24,4
S023,R009,2,12,4
S023,Y001,2,24,4
S023,Y003,2,6,4
S023,A002,2,24,4
S023,A006,2,6,4
S023,A007,2,6,4
S023,B001V2,2,24,4
S023,B007V3,2,24,4
S023,B009V3,2,12,4
S023,S002V2,2,24,4
S023,S004V3,2,12,4
S023,S010V3,2,6,4
S023,K001V1,2,12,4
S023,K002V3,2,24,4
S023,K004V3,2,6,4
S023,K009V1,2,6,4
S023,K010V1,2,6,4
S023,R001V1,2,12,4
S023,R002V1,2,6,4
S023,R002V2,2,6,4
S023,R003V2,2,24,4
S023,R003V3,2,24,4
S023,R004V1,2,12,4
S023,R004V3,2,12,4
S023,R005V2,2,12,4
S023,R005V3,2,12,4
S023,R006V3,2,6,4
S023,R007V3,2,6,4
S023,R009V3,2,12,4
S023,Y002V2,2,24,4
S023,B002,3,24,5
S023,B005,3,12,5
S023,S009,3,6,5
S023,K005,3,6,5
S023,R001,3,12,5
S023,R002,3,6,5
S023,R004,3,12,5
S023,R009,3,12,5
S023,R010,3,24,5
S023,Y001,3,24,5
S023,B009V3,3,12,5
S023,S002V1,3,24,5
S023,S008V3,3,6,5
S023,S010V2,3,6,5
S023,R002V1,3,6,5
S023,R003V2,3,24,5
S023,R003V3,3,24,5
S023,R004V1,3,12,5
S023,R005V2,3,12,5
S023,R007V1,3,6,5
S023,R008V1,3,24,5
S023,R008V3,3,24,5
S023,R009V3,3,12,5
S023,Y002V2,3,24,5
S023,Y002V3,3,24,5
S023,B006,4,24,6
S023,S002,4,24,6
S023,R002,4,6,6
S023,R003,4,24,6
S023,R005,4,12,6
S023,Y001,4,24,6
S023,A001,4,6,6
S023,A002,4,24,6
S023,A007,4,6,6
S023,B002V2,4,24,6
S023,B003V2,4,24,6
S023,B005V3,4,12,6
S023,B006V2,4,24,6
S023,B008V1,4,24,6
S023,B009V2,4,6,6
S023,B009V3,4,6,6
S023,S008V2,4,6,6
S023,S010V1,4,6,6
S023,K008V1,4,6,6
S023,R001V1,4,12,6
S023,R001V2,4,12,6
S023,R001V3,4,12,6
S023,R002V2,4,6,6
S023,R002V3,4,6,6
S023,R003V3,4,24,6
S023,R004V2,4,12,6
S023,R008V1,4,24,6
S023,R008V2,4,24,6
S023,R010V2,4,24,6
S023,Y001V1,4,24,6
S023,Y002V2,4,24,6
S023,B002,5,24,7
S023,S002,5,24,7
S023,K005,5,6,7
S023,R003,5,24,7
S023,R005,5,12,7
S023,Y001,5,24,7
S023,Y002,5,24,7
S023,A001,5,6,7
S023,A006,5,6,7
S023,B001V2,5,24,7
S023,B006V1,5,24,7
S023,B009V1,5,6,7
S023,B009V3,5,12,7
S023,S008V3,5,6,7
S023,K006V2,5,24,7
S023,R001V2,5,12,7
S023,R002V1,5,6,7
S023,R002V2,5,6,7
S023,R002V3,5,6,7
S023,R003V2,5,24,7
S023,R004V2,5,12,7
S023,R004V3,5,12,7
S023,R005V3,5,12,7
S023,R006V3,5,6,7
S023,R008V1,5,24,7
S023,R008V3,5,24,7
S023,R009V3,5,12,7
S023,R010V2,5,24,7
S023,R010V3,5,24,7
S023,Y001V1,5,24,7
S023,B002,6,24,8
S023,B005,6,12,8
S023,R006,6,6,8
S023,A001,6,6,8
S023,A002,6,24,8
S023,B004V1,6,12,8
S023,B009V3,6,6,8
S023,S001V1,6,24,8
S023,S008V2,6,6,8
S023,S008V3,6,6,8
S023,S010V3,6,6,8
S023,K006V2,6,24,8
S023,R001V1,6,12,8
S023,R001V2,6,12,8
S023,R002V1,6,6,8
S023,R003V1,6,24,8
S023,R003V3,6,24,8
S023,R004V3,6,12,8
S023,R005V1,6,12,8
S023,R005V3,6,12,8
S023,R006V3,6,6,8
S023,R007V3,6,6,8
S023,R008V1,6,24,8
S023,R009V3,6,12,8
S023,R010V3,6,24,8
S023,Y002V3,6,24,8
S023,B005,7,12,9
S023,B007,7,24,9
S023,S004,7,12,9
S023,K005,7,6,9
S023,R001,7,12,9
S023,R003,7,24,9
S023,R004,7,12,9
S023,R008,7,24,9
S023,R009,7,12,9
S023,A004,7,6,9
S023,A006,7,6,9
S023,B001V2,7,24,9
S023,B006V1,7,24,9
S023,B009V3,7,6,9
S023,B010V3,7,6,9
S023,S001V1,7,24,9
S023,S006V2,7,6,9
S023,S010V1,7,6,9
S023,S010V3,7,6,9
S023,K004V1,7,6,9
S023,K005V2,7,6,9
S023,K010V2,7,6,9
S023,R001V1,7,12,9
S023,R001V2,7,12,9
S023,R002V1,7,6,9
S023,R004V1,7,12,9
S023,R004V3,7,12,9
S023,R008V1,7,24,9
S023,Y002V2,7,24,9
S023,S002,8,24,10
S023,S005,8,12,10
S023,K005,8,6,10
S023,R001,8,12,10
S023,Y006,8,6,10
S023,A002,8,24,10
S023,B009V2,8,6,10
S023,S001V1,8,24,10
S023,S002V2,8,24,10
S023,S004V3,8,12,10
S023,K005V3,8,6,10
S023,K007V1,8,12,10
S023,K007V3,8,12,10
S023,K009V3,8,6,10
S023,R001V1,8,12,10
S023,R001V2,8,12,10
S023,R002V2,8,6,10
S023,R002V3,8,6,10
S023,R003V1,8,24,10
S023,R003V3,8,24,10
S023,R004V1,8,12,10
S023,R006V3,8,6,10
S023,R008V1,8,24,10
S023,R009V2,8,12,10
S023,R010V2,8,24,10
S023,Y002V3,8,24,10
S023,R002,9,6,11
S023,R008,9,24,11
S023,A006,9,6,11
S023,B004V1,9,12,11
S023,B005V3,9,12,11
S023,B008V2,9,24,11
S023,B009V3,9,6,11
S023,B010V2,9,6,11
S023,S001V1,9,24,11
S023,S004V3,9,12,11
S023,S006V1,9,6,11
S023,S008V2,9,6,11
S023,K006V3,9,24,11
S023,R001V1,9,12,11
S023,R002V1,9,6,11
S023,R002V2,9,6,11
S023,R003V1,9,24,11
S023,R003V3,9,24,11
S023,R004V1,9,12,11
S023,R005V1,9,12,11
S023,R006V3,9,6,11
S023,R009V1,9,12,11
S023,R009V2,9,12,11
S023,Y002V3,9,24,11
S023,S007,10,12,12
S023,S010,10,6,12
S023,K005,10,6,12
S023,K008,10,6,12
S023,K010,10,6,12
S023,Y004,10,6,12
S023,A006,10,6,12
S023,B001V2,10,24,12
S023,B002V2,10,24,12
S023,B004V1,10,12,12
S023,B005V3,10,12,12
S023,B008V1,10,24,12
S023,B008V2,10,24,12
S023,S001V1,10,24,12
S023,S001V2,10,24,12
S023,S003V1,10,24,12
S023,S008V2,10,6,12
S023,R001V1,10,12,12
S023,R002V1,10,6,12
S023,R002V2,10,6,12
S023,R003V2,10,24,12
S023,R004V1,10,12,12
S023,R004V2,10,12,12
S023,R004V3,10,12,12
S023,R005V1,10,12,12
S023,R006V3,10,6,12
S023,R007V1,10,6,12
S023,R010V2,10,24,12
S023,B005,11,12,13
S023,B009,11,6,13
S023,S003,11,24,13
S023,S007,11,12,13
S023,S009,11,6,13
S023,A002,11,24,13
S023,B003V3,11,24,13
S023,B005V3,11,12,13
S023,S001V2,11,24,13
S023,S005V1,11,12,13
S023,S005V3,11,12,13
S023,S008V2,11,6,13
S023,K007V1,11,12,13
S023,R001V1,11,12,13
S023,R001V2,11,12,13
S023,R001V3,11,12,13
S023,R002V1,11,6,13
S023,R004V2,11,12,13
S023,R005V3,11,12,13
S023,R007V1,11,6,13
S023,R007V3,11,6,13
S023,R009V2,11,12,13
S023,R009V3,11,12,13
S023,R010V2,11,24,13
S023,Y002V3,11,24,13
S023,B009,12,6,14
S023,S002,12,24,14
S023,S007,12,12,14
S023,S010,12,6,14
S023,R007,12,6,14
S023,R008,12,24,14
S023,Y004,12,6,14
S023,A007,12,6,14
S023,B003V3,12,24,14
S023,B009V3,12,6,14
S023,S002V1,12,24,14
S023,S002V2,12,24,14
S023,S004V3,12,12,14
S023,S010V3,12,6,14
S023,R001V1,12,12,14
S023,R003V1,12,24,14
S023,R004V1,12,12,14
S023,R004V3,12,12,14
S023,R005V1,12,12,14
S023,R006V2,12,6,14
S023,R008V1,12,24,14
S023,R008V2,12,24,14
S023,Y002V3,12,24,14
S023,B002,13,24,15
S023,S002,13,24,15
S023,S003,13,24,15
S023,K009,13,6,15
S023,R002,13,6,15
S023,R008,13,24,15
S023,Y004,13,6,15
S023,A005,13,6,15
S023,A006,13,6,15
S023,S001V2,13,24,15
S023,S002V2,13,24,15
S023,S005V1,13,12,15
S023,S007V1,13,12,15
S023,S008V1,13,6,15
S023,K010V3,13,6,15
S023,R001V1,13,12,15
S023,R002V2,13,6,15
S023,R003V1,13,24,15
S023,R003V3,13,24,15
S023,R005V1,13,12,15
S023,R007V1,13,6,15
S023,B008,14,24,16
S023,S002,14,24,16
S023,S003,14,24,16
S023,K002,14,24,16
S023,K007,14,12,16
S023,A001,14,6,16
S023,A002,14,24,16
S023,A005,14,6,16
S023,A006,14,6,16
S023,S001V2,14,24,16
S023,S005V3,14,12,16
S023,K003V1,14,6,16
S023,K003V3,14,6,16
S023,K007V3,14,12,16
S023,R001V1,14,12,16
S023,R001V2,14,12,16
S023,R002V2,14,6,16
S023,R003V3,14,24,16
S023,R006V3,14,6,16
S023,R008V2,14,24,16
S023,R009V3,14,12,16
S023,R010V2,14,24,16
S023,B005,15,12,17
S023,B006,15,24,17
S023,B007,15,24,17
S023,R002,15,6,17
S023,R004,15,12,17
S023,A002,15,24,17
S023,B001V2,15,24,17
S023,B007V3,15,24,17
S023,B009V2,15,6,17
S023,B009V3,15,6,17
S023,B010V3,15,6,17
S023,S001V1,15,24,17
S023,S003V1,15,24,17
S023,S005V1,15,12,17
S023,S007V1,15,12,17
S023,S008V2,15,6,17
S023,S010V1,15,6,17
S023,S010V3,15,6,17
S023,K001V1,15,12,17
S023,K003V2,15,6,17
S023,R001V1,15,12,17
S023,R002V1,15,6,17
S023,R003V2,15,24,17
S023,R007V1,15,6,17
S023,R007V3,15,6,17
S023,Y002V1,15,24,17
S023,S007,16,12,18
S023,R001,16,12,18
S023,R003,16,24,18
S023,R008,16,24,18
S023,R009,16,12,18
S023,Y001,16,24,18
S023,A006,16,6,18
S023,B007V2,16,24,18
S023,S002V2,16,24,18
S023,S009V3,16,6,18
S023,R001V1,16,12,18
S023,R002V1,16,6,18
S023,R002V3,16,6,18
S023,R003V3,16,24,18
S023,R004V1,16,12,18
S023,R004V3,16,12,18
S023,R008V3,16,24,18
S023,R010V2,16,24,18
S023,R010V3,16,24,18
S023,Y002V2,16,24,18
S023,B007,17,24,19
S023,S002,17,24,19
S023,S004,17,12,19
S023,R001,17,12,19
S023,R002,17,6,19
S023,R006,17,6,19
S023,Y001,17,24,19
S023,A005,17,6,19
S023,B001V2,17,24,19
S023,B003V2,17,24,19
S023,B005V3,17,12,19
S023,S001V2,17,24,19
S023,S003V2,17,24,19
S023,S005V1,17,12,19
S023,S008V2,17,6,19
S023,K001V2,17,12,19
S023,K010V1,17,6,19
S023,R002V1,17,6,19
S023,R002V2,17,6,19
S023,R003V1,17,24,19
S023,R003V3,17,24,19
S023,R004V1,17,12,19
S023,R004V3,17,12,19
S023,R005V1,17,12,19
S023,R005V2,17,12,19
S023,R006V3,17,6,19
S023,R010V2,17,24,19
S023,Y002V2,17,24,19
S023,Y002V3,17,24,19
S023,B005,18,12,20
S023,S002,18,24,20
S023,S003,18,24,20
S023,S004,18,12,20
S023,S005,18,12,20
S023,S009,18,6,20
S023,R001,18,12,20
S023,R003,18,24,20
S023,R005,18,12,20
S023,R008,18,24,20
S023,Y001,18,24,20
S023,Y004,18,6,20
S023,A002,18,24,20
S023,A004,18,6,20
S023,B005V3,18,12,20
S023,B007V2,18,24,20
S023,B008V1,18,24,20
S023,B009V3,18,6,20
S023,B010V3,18,6,20
S023,S005V3,18,12,20
S023,S008V3,18,6,20
S023,S009V3,18,6,20
S023,S010V3,18,6,20
S023,K005V3,18,6,20
S023,K006V2,18,24,20
S023,K009V1,18,6,20
S023,R001V1,18,12,20
S023,R001V2,18,12,20
S023,R001V3,18,12,20
S023,R002V1,18,6,20
S023,R002V2,18,6,20
S023,R003V1,18,24,20
S023,R003V3,18,24,20
S023,R004V3,18,12,20
S023,R005V2,18,12,20
S023,R006V3,18,6,20
S023,R007V1,18,6,20
S023,R008V2,18,24,20
S023,R010V2,18,24,20
S023,B001,19,24,21
S023,B002,19,24,21
S023,B005,19,12,21
S023,S007,19,12,21
S023,R001,19,12,21
S023,R003,19,24,21
S023,R004,19,12,21
S023,R010,19,24,21
S023,Y001,19,24,21
S023,A001,19,6,21
S023,B001V2,19,24,21
S023,B003V2,19,24,21
S023,B007V2,19,24,21
S023,B008V1,19,24,21
S023,B009V3,19,6,21
S023,S003V1,19,24,21
S023,S003V2,19,24,21
S023,S006V2,19,6,21
S023,K003V1,19,6,21
S023,K003V3,19,6,21
S023,K009V1,19,6,21
S023,R001V1,19,12,21
S023,R003V2,19,24,21
S023,R003V3,19,24,21
S023,R004V3,19,12,21
S023,R008V2,19,24,21
S023,R009V1,19,12,21
S023,R010V1,19,24,21
S023,R010V2,19,24,21
S023,Y001V2,19,24,21
S023,B002,20,24,22
S023,B005,20,12,22
S023,B009,20,6,22
S023,S007,20,12,22
S023,S010,20,6,22
S023,K008,20,6,22
S023,R008,20,24,22
S023,R009,20,12,22
S023,R010,20,24,22
S023,A001,20,6,22
S023,A006,20,6,22
S023,A007,20,6,22
S023,B002V2,20,24,22
S023,B003V2,20,24,22
S023,B005V3,20,12,22
S023,B006V1,20,24,22
S023,B006V2,20,24,22
S023,B010V3,20,6,22
S023,S001V1,20,24,22
S023,S003V1,20,24,22
S023,S003V2,20,24,22
S023,S008V2,20,6,22
S023,R001V1,20,12,22
S023,R003V3,20,24,22
S023,R004V1,20,12,22
S023,R007V1,20,6,22
S023,R008V3,20,24,22
S023,Y002V1,20,24,22
S023,Y002V3,20,24,22
S023,B006,21,24,23
S023,B009,21,6,23
S023,S003,21,24,23
S023,R001,21,12,23
S023,R003,21,24,23
S023,R004,21,12,23
S023,R005,21,12,23
S023,R006,21,6,23
S023,R008,21,24,23
S023,R009,21,12,23
S023,Y006,21,6,23
S023,A001,21,6,23
S023,A002,21,24,23
S023,B002V2,21,24,23
S023,B003V2,21,24,23
S023,B005V3,21,12,23
S023,B009V2,21,6,23
S023,S002V2,21,24,23
S023,S003V1,21,24,23
S023,S008V2,21,6,23
S023,S010V3,21,6,23
S023,K002V2,21,24,23
S023,K006V1,21,24,23
S023,R002V2,21,6,23
S023,R003V3,21,24,23
S023,R004V3,21,12,23
S023,R006V3,21,6,23
S023,R008V2,21,24,23
S023,Y002V2,21,24,23
S023,B002,22,24,24
S023,A001,22,6,24
S023,A003,22,24,24
S023,A004,22,6,24
S023,A007,22,6,24
S023,B001V2,22,24,24
S023,B002V2,22,24,24
S023,B003V1,22,24,24
S023,B004V1,22,12,24
S023,B008V1,22,24,24
S023,B009V1,22,6,24
S023,B009V2,22,6,24
S023,S003V2,22,24,24
S023,S010V3,22,6,24
S023,K010V1,22,6,24
S023,R001V1,22,12,24
S023,R001V2,22,12,24
S023,R001V3,22,12,24
S023,R002V2,22,6,24
S023,R003V1,22,24,24
S023,R003V2,22,24,24
S023,R003V3,22,24,24
S023,R005V2,22,12,24
S023,R006V3,22,6,24
S023,R008V1,22,24,24
S023,R010V2,22,24,24
S023,Y001V3,22,24,24
S023,Y002V3,22,24,24
S023,S004,23,12,25
S023,S009,23,6,25
S023,K002,23,24,25
S023,R006,23,6,25
S023,R009,23,12,25
S023,A001,23,6,25
S023,A007,23,6,25
S023,B001V2,23,24,25
S023,B009V3,23,6,25
S023,S008V3,23,6,25
S023,K010V1,23,6,25
S023,R001V1,23,12,25
S023,R002V1,23,6,25
S023,R002V2,23,6,25
S023,R002V3,23,6,25
S023,R003V2,23,24,25
S023,R003V3,23,24,25
S023,R004V1,23,12,25
S023,R004V2,23,12,25
S023,R005V2,23,12,25
S023,R007V1,23,6,25
S023,R008V3,23,24,25
S023,R009V3,23,12,25
S023,Y001V1,23,24,25
S023,Y001V3,23,24,25
S023,Y002V3,23,24,25
S023,B002,24,24,26
S023,B005,24,12,26
S023,B008,24,24,26
S023,S004,24,12,26
S023,S005,24,12,26
S023,S007,24,12,26
S023,R004,24,12,26
S023,R008,24,24,26
S023,Y003,24,6,26
S023,A001,24,6,26
S023,A004,24,6,26
S023,A008,24,12,26
S023,B006V1,24,24,26
S023,B007V2,24,24,26
S023,S001V1,24,24,26
S023,S009V3,24,6,26
S023,R002V1,24,6,26
S023,R003V2,24,24,26
S023,R003V3,24,24,26
S023,R004V2,24,12,26
S023,R005V1,24,12,26
S023,R005V3,24,12,26
S023,R006V3,24,6,26
S023,R007V1,24,6,26
S023,R007V3,24,6,26
S023,R008V1,24,24,26
S023,R009V3,24,12,26
S023,R010V2,24,24,26
S023,Y001V1,24,24,26
S023,Y002V3,24,24,26
S023,B001,25,24,27
S023,B007,25,24,27
S023,S002,25,24,27
S023,S010,25,6,27
S023,R003,25,24,27
S023,R005,25,12,27
S023,Y003,25,6,27
S023,Y004,25,6,27
S023,Y006,25,6,27
S023,A003,25,24,27
S023,B003V1,25,24,27
S023,B005V3,25,12,27
S023,B006V2,25,24,27
S023,B006V3,25,24,27
S023,B009V3,25,6,27
S023,B010V3,25,6,27
S023,S003V2,25,24,27
S023,S007V2,25,12,27
S023,S008V2,25,6,27
S023,S009V3,25,6,27
S023,S010V3,25,6,27
S023,K002V2,25,24,27
S023,K003V2,25,6,27
S023,K004V3,25,6,27
S023,R002V1,25,6,27
S023,R002V2,25,6,27
S023,R002V3,25,6,27
S023,R005V3,25,12,27
S023,R007V1,25,6,27
S023,R007V2,25,6,27
S023,R007V3,25,6,27
S023,R008V3,25,24,27
S023,R009V2,25,12,27
S023,R010V2,25,24,27
S023,R010V3,25,24,27
S023,Y001V2,25,24,27
S023,B002,26,24,28
S023,B007,26,24,28
S023,S009,26,6,28
S023,K010,26,6,28
S023,R008,26,24,28
S023,R009,26,12,28
S023,Y003,26,6,28
S023,Y004,26,6,28
S023,A002,26,24,28
S023,A005,26,6,28
S023,A006,26,6,28
S023,A008,26,12,28
S023,B004V1,26,12,28
S023,B007V2,26,24,28
S023,B009V2,26,6,28
S023,B009V3,26,6,28
S023,B010V1,26,6,28
S023,S001V1,26,24,28
S023,S002V2,26,24,28
S023,S004V3,26,12,28
S023,S008V2,26,6,28
S023,S010V2,26,6,28
S023,K009V3,26,6,28
S023,K010V1,26,6,28
S023,R001V1,26,12,28
S023,R002V2,26,6,28
S023,R004V1,26,12,28
S023,R004V3,26,12,28
S023,R005V2,26,12,28
S023,R005V3,26,12,28
S023,R006V3,26,6,28
S023,R007V3,26,6,28
S023,R008V3,26,24,28
S023,R009V2,26,12,28
S023,R009V3,26,12,28
S023,Y002V3,26,24,28
S023,B002,27,24,29
S023,B005,27,12,29
S023,S007,27,12,29
S023,K005,27,6,29
S023,R001,27,12,29
S023,R004,27,12,29
S023,A001,27,6,29
S023,B006V2,27,24,29
S023,B009V3,27,6,29
S023,S001V1,27,24,29
S023,S001V2,27,24,29
S023,S002V2,27,24,29
S023,S009V3,27,6,29
S023,K004V3,27,6,29
S023,K010V1,27,6,29
S023,R001V1,27,12,29
S023,R002V1,27,6,29
S023,R003V1,27,24,29
S023,R003V2,27,24,29
S023,R004V1,27,12,29
S023,R004V3,27,12,29
S023,R006V3,27,6,29
S023,R008V1,27,24,29
S023,R010V2,27,24,29
S023,B005,28,12,30
S023,B007,28,24,30
S023,S002,28,24,30
S023,S007,28,12,30
S023,S009,28,6,30
S023,K002,28,24,30
S023,R002,28,6,30
S023,R007,28,6,30
S023,Y003,28,6,30
S023,Y006,28,6,30
S023,A001,28,6,30
S023,B001V2,28,24,30
S023,B003V1,28,24,30
S023,B007V2,28,24,30
S023,B009V1,28,6,30
S023,S001V1,28,24,30
S023,S001V2,28,24,30
S023,S002V1,28,24,30
S023,S002V2,28,24,30
S023,S003V1,28,24,30
S023,S003V2,28,24,30
S023,S008V2,28,6,30
S023,K001V1,28,12,30
S023,K005V3,28,6,30
S023,K007V1,28,12,30
S023,K009V1,28,6,30
S023,R001V1,28,12,30
S023,R002V2,28,6,30
S023,R002V3,28,6,30
S023,R003V1,28,24,30
S023,R003V2,28,24,30
S023,R004V1,28,12,30
S023,R004V3,28,12,30
S023,R005V1,28,12,30
S023,R005V2,28,12,30
S023,R010V2,28,24,30
S023,Y001V3,28,24,30
S023,Y002V3,28,24,30
S023,B005,29,12,31
S023,B007,29,24,31
S023,B010,29,6,31
S023,S009,29,6,31
S023,K005,29,6,31
S023,R005,29,12,31
S023,Y003,29,6,31
S023,A001,29,6,31
S023,A006,29,6,31
S023,A007,29,6,31
S023,B001V2,29,24,31
S023,B005V3,29,12,31
S023,B007V2,29,24,31
S023,B009V1,29,6,31
S023,S005V3,29,12,31
S023,S007V1,29,12,31
S023,S007V2,29,12,31
S023,S010V3,29,6,31
S023,K002V2,29,24,31
S023,R001V2,29,12,31
S023,R002V1,29,6,31
S023,R002V2,29,6,31
S023,R003V2,29,24,31
S023,R004V1,29,12,31
S023,R004V2,29,12,31
S023,R005V3,29,12,31
S023,R008V1,29,24,31
S023,Y001V1,29,24,31
S023,S002,30,24,32
S023,S003,30,24,32
S023,S007,30,12,32
S023,R003,30,24,32
S023,R009,30,12,32
S023,A005,30,6,32
S023,A008,30,12,32
S023,B001V2,30,24,32
S023,B009V3,30,6,32
S023,S003V2,30,24,32
S023,S008V2,30,6,32
S023,S008V3,30,6,32
S023,K005V3,30,6,32
S023,R001V2,30,12,32
S023,R001V3,30,12,32
S023,R002V1,30,6,32
S023,R002V3,30,6,32
S023,R003V3,30,24,32
S023,R004V2,30,12,32
S023,R005V1,30,12,32
S023,R006V3,30,6,32
S023,R007V1,30,6,32
S023,R009V2,30,12,32
S023,Y002V3,30,24,32
S023,B007,31,24,33
S023,S002,31,24,33
S023,S008,31,6,33
S023,K005,31,6,33
S023,R002,31,6,33
S023,A004,31,6,33
S023,B002V2,31,24,33
S023,B006V1,31,24,33
S023,B009V2,31,6,33
S023,B009V3,31,6,33
S023,B010V3,31,6,33
S023,S002V3,31,24,33
S023,S003V1,31,24,33
S023,S004V3,31,12,33
S023,K010V3,31,6,33
S023,R001V2,31,12,33
S023,R002V1,31,6,33
S023,R002V2,31,6,33
S023,R003V1,31,24,33
S023,R004V2,31,12,33
S023,R004V3,31,12,33
S023,R005V3,31,12,33
S023,R006V3,31,6,33
S023,R008V3,31,24,33
S023,R009V1,31,12,33
S023,R009V3,31,12,33
S023,R010V2,31,24,33
S023,Y002V3,31,24,33
S023,S004,32,12,34
S023,S005,32,12,34
S023,S007,32,12,34
S023,K005,32,6,34
S023,R009,32,12,34
S023,A001,32,6,34
S023,A002,32,24,34
S023,A004,32,6,34
S023,B001V1,32,24,34
S023,B001V2,32,24,34
S023,B009V3,32,6,34
S023,S003V1,32,24,34
S023,S006V2,32,6,34
S023,R001V1,32,12,34
S023,R002V2,32,6,34
S023,R003V1,32,24,34
S023,R004V2,32,12,34
S023,R007V3,32,6,34
S023,R008V3,32,24,34
S023,Y002V2,32,24,34
S023,B005,33,12,35
S023,S002,33,24,35
S023,K005,33,6,35
S023,K008,33,6,35
S023,R009,33,12,35
S023,R010,33,24,35
S023,A002,33,24,35
S023,B003V1,33,24,35
S023,B006V1,33,24,35
S023,B009V2,33,6,35
S023,B009V3,33,6,35
S023,B010V2,33,6,35
S023,B010V3,33,6,35
S023,S001V2,33,24,35
S023,S002V2,33,24,35
S023,S006V2,33,6,35
S023,S006V3,33,6,35
S023,S008V3,33,6,35
S023,S010V3,33,6,35
S023,K010V1,33,6,35
S023,R001V1,33,12,35
S023,R002V2,33,6,35
S023,R002V3,33,6,35
S023,R003V1,33,24,35
S023,R003V2,33,24,35
S023,R004V1,33,12,35
S023,R005V1,33,12,35
S023,R005V3,33,12,35
S023,R006V2,33,6,35
S023,R008V3,33,24,35
S023,S009,34,6,36
S023,K005,34,6,36
S023,R001,34,12,36
S023,R008,34,24,36
S023,Y001,34,24,36
S023,Y003,34,6,36
S023,A006,34,6,36
S023,B001V2,34,24,36
S023,B002V2,34,24,36
S023,B003V1,34,24,36
S023,B008V2,34,24,36
S023,B009V3,34,6,36
S023,B010V3,34,6,36
S023,S001V1,34,24,36
S023,S007V2,34,12,36
S023,S008V1,34,6,36
S023,S008V2,34,6,36
S023,S009V3,34,6,36
S023,S010V1,34,6,36
S023,R001V1,34,12,36
S023,R002V2,34,6,36
S023,R005V2,34,12,36
S023,R006V3,34,6,36
S023,R007V3,34,6,36
S023,R008V1,34,24,36
S023,R008V2,34,24,36
S023,R008V3,34,24,36
S023,R009V3,34,12,36
S023,Y002V3,34,24,36
S023,B005,35,12,37
S023,B007,35,24,37
S023,B009,35,6,37
S023,S005,35,12,37
S023,S008,35,6,37
S023,S009,35,6,37
S023,R002,35,6,37
S023,R007,35,6,37
S023,R008,35,24,37
S023,Y001,35,24,37
S023,Y004,35,6,37
S023,A001,35,6,37
S023,B001V2,35,24,37
S023,B001V3,35,24,37
S023,B002V2,35,24,37
S023,B004V3,35,12,37
S023,B007V3,35,24,37
S023,B009V3,35,6,37
S023,B010V3,35,6,37
S023,S001V2,35,24,37
S023,S001V3,35,24,37
S023,S002V1,35,24,37
S023,S003V1,35,24,37
S023,S005V1,35,12,37
S023,S008V3,35,6,37
S023,S009V3,35,6,37
S023,K001V1,35,12,37
S023,R001V2,35,12,37
S023,R002V1,35,6,37
S023,R005V2,35,12,37
S023,R007V1,35,6,37
S023,R007V3,35,6,37
S023,R010V3,35,24,37
S023,S002,36,24,38
S023,S005,36,12,38
S023,K005,36,6,38
S023,R010,36,24,38
S023,Y004,36,6,38
S023,A002,36,24,38
S023,A004,36,6,38
S023,A006,36,6,38
S023,B002V1,36,24,38
S023,B005V3,36,12,38
S023,B007V2,36,24,38
S023,B007V3,36,24,38
S023,S001V2,36,24,38
S023,S002V1,36,24,38
S023,S002V2,36,24,38
S023,S003V1,36,24,38
S023,S006V3,36,6,38
S023,S008V3,36,6,38
S023,S009V2,36,6,38
S023,K006V1,36,24,38
S023,K008V1,36,6,38
S023,R001V1,36,12,38
S023,R002V1,36,6,38
S023,R002V3,36,6,38
S023,R003V1,36,24,38
S023,R005V3,36,12,38
S023,R008V1,36,24,38
S023,R008V2,36,24,38
S023,R009V3,36,12,38
S023,Y002V2,36,24,38
S023,B002,37,24,39
S023,B007,37,24,39
S023,S002,37,24,39
S023,S004,37,12,39
S023,K010,37,6,39
S023,R005,37,12,39
S023,R008,37,24,39
S023,R009,37,12,39
S023,Y006,37,6,39
S023,B001V2,37,24,39
S023,B007V2,37,24,39
S023,B009V3,37,6,39
S023,S001V1,37,24,39
S023,S005V1,37,12,39
S023,S009V1,37,6,39
S023,K003V3,37,6,39
S023,R001V1,37,12,39
S023,R002V3,37,6,39
S023,R003V2,37,24,39
S023,R005V1,37,12,39
S023,R005V2,37,12,39
S023,R005V3,37,12,39
S023,R006V3,37,6,39
S023,R007V3,37,6,39
S023,R008V2,37,24,39
S023,R010V2,37,24,39
S023,R010V3,37,24,39
S023,Y002V2,37,24,39
S023,B005,38,12,40
S023,B007,38,24,40
S023,S002,38,24,40
S023,S006,38,6,40
S023,S007,38,12,40
S023,S009,38,6,40
S023,S010,38,6,40
S023,R003,38,24,40
S023,R004,38,12,40
S023,R005,38,12,40
S023,A001,38,6,40
S023,B004V1,38,12,40
S023,B009V3,38,6,40
S023,S001V2,38,24,40
S023,S006V1,38,6,40
S023,S006V2,38,6,40
S023,S008V2,38,6,40
S023,S009V3,38,6,40
S023,K005V1,38,6,40
S023,K007V1,38,12,40
S023,R001V1,38,12,40
S023,R002V1,38,6,40
S023,R002V2,38,6,40
S023,R002V3,38,6,40
S023,R003V3,38,24,40
S023,R006V3,38,6,40
S023,R008V1,38,24,40
S023,R009V1,38,12,40
S023,Y001V2,38,24,40
S023,S002,39,24,41
S023,S008,39,6,41
S023,S010,39,6,41
S023,K003,39,6,41
S023,R008,39,24,41
S023,Y002,39,24,41
S023,A004,39,6,41
S023,A005,39,6,41
S023,A007,39,6,41
S023,B001V2,39,24,41
S023,B001V3,39,24,41
S023,B008V2,39,24,41
S023,B008V3,39,24,41
S023,B010V3,39,6,41
S023,S001V1,39,24,41
S023,S003V1,39,24,41
S023,S003V3,39,24,41
S023,S004V3,39,12,41
S023,S007V2,39,12,41
S023,S008V3,39,6,41
S023,R001V1,39,12,41
S023,R001V2,39,12,41
S023,R002V1,39,6,41
S023,R003V3,39,24,41
S023,R009V1,39,12,41
S023,R009V3,39,12,41
S023,B002,40,24,42
S023,S002,40,24,42
S023,S003,40,24,42
S023,S004,40,12,42
S023,S007,40,12,42
S023,S009,40,6,42
S023,R001,40,12,42
S023,R002,40,6,42
S023,R003,40,24,42
S023,R008,40,24,42
S023,A001,40,6,42
S023,A007,40,6,42
S023,B001V2,40,24,42
S023,B001V3,40,24,42
S023,B002V1,40,24,42
S023,B007V2,40,24,42
S023,B009V3,40,6,42
S023,S001V1,40,24,42
S023,S002V2,40,24,42
S023,S002V3,40,24,42
S023,S003V1,40,24,42
S023,S005V1,40,12,42
S023,S008V3,40,6,42
S023,S009V2,40,6,42
S023,K010V1,40,6,42
S023,R002V3,40,6,42
S023,R003V2,40,24,42
S023,R003V3,40,24,42
S023,R004V1,40,12,42
S023,R006V3,40,6,42
S023,R008V3,40,24,42
S023,R009V3,40,12,42
S023,Y002V3,40,24,42
S023,B007,41,24,43
S023,R001,41,12,43
S023,R005,41,12,43
S023,R009,41,12,43
S023,R010,41,24,43
S023,Y001,41,24,43
S023,A006,41,6,43
S023,B002V1,41,24,43
S023,B007V2,41,24,43
S023,B009V3,41,6,43
S023,S001V1,41,24,43
S023,S004V3,41,12,43
S023,S005V1,41,12,43
S023,S007V2,41,12,43
S023,S008V2,41,6,43
S023,S009V3,41,6,43
S023,K004V1,41,6,43
S023,K009V1,41,6,43
S023,R001V1,41,12,43
S023,R003V1,41,24,43
S023,R003V3,41,24,43
S023,R004V1,41,12,43
S023,R004V3,41,12,43
S023,R006V3,41,6,43
S023,R008V1,41,24,43
S023,R010V2,41,24,43
S023,B007,42,24,44
S023,S007,42,12,44
S023,A001,42,6,44
S023,A004,42,6,44
S023,A006,42,6,44
S023,B009V3,42,6,44
S023,S001V3,42,24,44
S023,S003V1,42,24,44
S023,S004V3,42,12,44
S023,S009V2,42,6,44
S023,S009V3,42,6,44
S023,K003V3,42,6,44
S023,K009V1,42,6,44
S023,R001V1,42,12,44
S023,R002V1,42,6,44
S023,R002V2,42,6,44
S023,R003V2,42,24,44
S023,R004V2,42,12,44
S023,R005V1,42,12,44
S023,R005V3,42,12,44
S023,R006V3,42,6,44
S023,R007V1,42,6,44
S023,R007V3,42,6,44
S023,R008V1,42,24,44
S023,R009V3,42,12,44
S023,Y001V2,42,24,44
S023,Y002V3,42,24,44
S023,B002,43,24,45
S023,B008,43,24,45
S023,S008,43,6,45
S023,R003,43,24,45
S023,R008,43,24,45
S023,R009,43,12,45
S023,A002,43,24,45
S023,A004,43,6,45
S023,A008,43,12,45
S023,B006V2,43,24,45
S023,S003V2,43,24,45
S023,S004V3,43,12,45
S023,S007V1,43,12,45
S023,S008V2,43,6,45
S023,K008V1,43,6,45
S023,R002V2,43,6,45
S023,R003V2,43,24,45
S023,R003V3,43,24,45
S023,R004V2,43,12,45
S023,R005V1,43,12,45
S023,R008V1,43,24,45
S023,B006,44,24,46
S023,K009,44,6,46
S023,R002,44,6,46
S023,R004,44,12,46
S023,R005,44,12,46
S023,R009,44,12,46
S023,A007,44,6,46
S023,B003V2,44,24,46
S023,B009V3,44,6,46
S023,B010V1,44,6,46
S023,S001V1,44,24,46
S023,S001V2,44,24,46
S023,S003V1,44,24,46
S023,S006V1,44,6,46
S023,S007V2,44,12,46
S023,S008V2,44,6,46
S023,S009V3,44,6,46
S023,K003V2,44,6,46
S023,K010V1,44,6,46
S023,R001V1,44,12,46
S023,R004V2,44,12,46
S023,R007V1,44,6,46
S023,R008V2,44,24,46
S023,Y002V3,44,24,46
S023,B002,45,24,47
S023,B005,45,12,47
S023,K003,45,6,47
S023,A008,45,12,47
S023,B001V3,45,24,47
S023,B003V3,45,24,47
S023,B005V3,45,12,47
S023,B007V2,45,24,47
S023,B008V1,45,24,47
S023,B010V3,45,6,47
S023,S001V2,45,24,47
S023,S002V2,45,24,47
S023,S004V1,45,12,47
S023,S006V3,45,6,47
S023,S008V2,45,6,47
S023,S009V1,45,6,47
S023,K009V1,45,6,47
S023,K009V3,45,6,47
S023,K010V1,45,6,47
S023,R001V1,45,12,47
S023,R002V2,45,6,47
S023,R003V1,45,24,47
S023,R004V2,45,12,47
S023,R004V3,45,12,47
S023,R005V1,45,12,47
S023,R007V3,45,6,47
S023,R008V2,45,24,47
S023,Y001V3,45,24,47
S023,Y002V2,45,24,47
S023,B002,46,24,48
S023,B005,46,12,48
S023,R003,46,24,48
S023,R004,46,12,48
S023,R007,46,6,48
S023,A001,46,6,48
S023,B003V1,46,24,48
S023,B005V3,46,12,48
S023,B006V3,46,24,48
S023,B009V3,46,6,48
S023,S001V1,46,24,48
S023,S006V1,46,6,48
S023,S006V2,46,6,48
S023,S010V1,46,6,48
S023,K007V1,46,12,48
S023,R001V1,46,12,48
S023,R002V1,46,6,48
S023,R002V3,46,6,48
S023,R003V1,46,24,48
S023,R003V3,46,24,48
S023,R004V2,46,12,48
S023,R005V2,46,12,48
S023,R006V3,46,6,48
S023,R008V1,46,24,48
S023,R009V3,46,12,48
S023,R010V2,46,24,48
S023,B002,47,24,49
S023,B005,47,12,49
S023,B006,47,24,49
S023,B007,47,24,49
S023,R001,47,12,49
S023,R003,47,24,49
S023,R008,47,24,49
S023,Y004,47,6,49
S023,A003,47,24,49
S023,B002V1,47,24,49
S023,B007V2,47,24,49
S023,B009V3,47,6,49
S023,S008V2,47,6,49
S023,S008V3,47,6,49
S023,S010V3,47,6,49
S023,K003V3,47,6,49
S023,K004V1,47,6,49
S023,K006V2,47,24,49
S023,R001V3,47,12,49
S023,R002V1,47,6,49
S023,R002V3,47,6,49
S023,R003V2,47,24,49
S023,R004V2,47,12,49
S023,R006V3,47,6,49
S023,R009V3,47,12,49
S023,Y002V2,47,24,49
S023,B005,48,12,50
S023,S003,48,24,50
S023,R002,48,6,50
S023,R006,48,6,50
S023,R007,48,6,50
S023,R010,48,24,50
S023,Y001,48,24,50
S023,Y002,48,24,50
S023,A002,48,24,50
S023,A004,48,6,50
S023,A006,48,6,50
S023,B003V1,48,24,50
S023,B005V2,48,12,50
S023,B009V3,48,6,50
S023,S001V1,48,24,50
S023,S002V1,48,24,50
S023,S006V1,48,6,50
S023,S006V3,48,6,50
S023,S008V3,48,6,50
S023,K010V1,48,6,50
S023,R001V1,48,12,50
S023,R001V2,48,12,50
S023,R002V2,48,6,50
S023,R002V3,48,6,50
S023,R004V1,48,12,50
S023,R004V3,48,12,50
S023,R005V1,48,12,50
S023,R005V2,48,12,50
S023,R006V3,48,6,50
S023,R008V1,48,24,50
S023,Y002V3,48,24,50
S023,S003,49,24,51
S023,R006,49,6,51
S023,R010,49,24,51
S023,A001,49,6,51
S023,A007,49,6,51
S023,B002V1,49,24,51
S023,B009V3,49,6,51
S023,S002V1,49,24,51
S023,S003V1,49,24,51
S023,S006V3,49,6,51
S023,S008V1,49,6,51
S023,K009V1,49,6,51
S023,R001V1,49,12,51
S023,R001V2,49,12,51
S023,R001V3,49,12,51
S023,R002V2,49,6,51
S023,R004V1,49,12,51
S023,R005V3,49,12,51
S023,R007V1,49,6,51
S023,R009V1,49,12,51
S023,R009V3,49,12,51
S023,Y002V2,49,24,51
S023,S006,50,6,52
S023,S009,50,6,52
S023,R006,50,6,52
S023,Y003,50,6,52
S023,Y004,50,6,52
S023,A001,50,6,52
S023,A002,50,24,52
S023,B002V1,50,24,52
S023,B004V1,50,12,52
S023,B009V3,50,6,52
S023,S003V1,50,24,52
S023,S004V1,50,12,52
S023,S008V2,50,6,52
S023,S009V1,50,6,52
S023,K010V1,50,6,52
S023,R002V1,50,6,52
S023,R002V2,50,6,52
S023,R004V1,50,12,52
S023,R006V3,50,6,52
S023,R009V1,50,12,52
S023,R009V3,50,12,52
S023,Y002V3,50,24,52
S024,B004,1,12,3
S024,S002,1,24,3
S024,K004,1,6,3
S024,R004,1,12,3
S024,R005,1,12,3
S024,Y001,1,24,3
S024,A001,1,6,3
S024,B001V2,1,24,3
S024,B002V1,1,24,3
S024,B005V2,1,12,3
S024,B006V2,1,24,3
S024,B010V3,1,6,3
S024,S003V3,1,24,3
S024,S004V2,1,12,3
S024,S005V1,1,12,3
S024,S006V1,1,6,3
S024,S010V2,1,6,3
S024,K001V1,1,12,3
S024,K004V3,1,6,3
S024,K005V3,1,6,3
S024,R001V1,1,36,3
S024,R001V2,1,12,3
S024,R003V1,1,24,3
S024,R003V2,1,24,3
S024,R005V1,1,12,3
S024,R009V3,1,12,3
S024,B002,2,24,4
S024,B005,2,12,4
S024,B007,2,24,4
S024,R001,2,12,4
S024,R002,2,6,4
S024,R008,2,24,4
S024,R009,2,12,4
S024,A005,2,6,4
S024,A008,2,12,4
S024,B002V2,2,24,4
S024,B003V1,2,24,4
S024,B004V2,2,12,4
S024,B004V3,2,12,4
S024,B005V1,2,12,4
S024,B007V2,2,24,4
S024,S003V2,2,24,4
S024,S008V2,2,6,4
S024,K005V3,2,6,4
S024,K009V2,2,6,4
S024,R002V1,2,6,4
S024,R003V1,2,24,4
S024,R004V1,2,12,4
S024,R004V3,2,12,4
S024,R005V2,2,12,4
S024,R006V3,2,6,4
S024,R007V1,2,6,4
S024,R009V3,2,12,4
S024,Y002V2,2,24,4
S024,B002,3,24,5
S024,K004,3,6,5
S024,R001,3,12,5
S024,R002,3,6,5
S024,R005,3,12,5
S024,R008,3,24,5
S024,R009,3,12,5
S024,Y003,3,6,5
S024,A005,3,6,5
S024,A006,3,6,5
S024,A007,3,6,5
S024,B002V3,3,24,5
S024,B003V1,3,24,5
S024,S004V2,3,12,5
S024,S007V2,3,12,5
S024,S009V2,3,6,5
S024,K004V3,3,6,5
S024,R001V1,3,12,5
S024,R001V2,3,12,5
S024,R002V1,3,6,5
S024,R002V2,3,6,5
S024,R002V3,3,6,5
S024,R004V1,3,12,5
S024,R004V2,3,12,5
S024,R004V3,3,12,5
S024,R005V2,3,12,5
S024,R005V3,3,12,5
S024,R007V1,3,6,5
S024,Y002V2,3,24,5
S024,B007,4,24,6
S024,S002,4,24,6
S024,S004,4,12,6
S024,K004,4,6,6
S024,K006,4,24,6
S024,R008,4,24,6
S024,Y004,4,6,6
S024,Y005,4,12,6
S024,A006,4,6,6
S024,A007,4,6,6
S024,B001V2,4,24,6
S024,B005V2,4,12,6
S024,B005V3,4,12,6
S024,S006V1,4,6,6
S024,K001V3,4,12,6
S024,K005V3,4,6,6
S024,K008V2,4,6,6
S024,K009V2,4,6,6
S024,R001V1,4,12,6
S024,R002V2,4,6,6
S024,R002V3,4,6,6
S024,R003V1,4,24,6
S024,R004V2,4,12,6
S024,R006V3,4,6,6
S024,R009V3,4,12,6
S024,K004,5,6,7
S024,R001,5,12,7
S024,R005,5,12,7
S024,Y004,5,6,7
S024,A001,5,6,7
S024,B003V1,5,24,7
S024,B003V2,5,24,7
S024,B007V2,5,24,7
S024,S003V2,5,24,7
S024,S003V3,5,24,7
S024,S008V2,5,6,7
S024,S009V2,5,6,7
S024,K002V3,5,24,7
S024,K008V2,5,6,7
S024,K008V3,5,6,7
S024,K009V1,5,6,7
S024,K010V1,5,6,7
S024,R001V1,5,12,7
S024,R002V1,5,6,7
S024,R003V2,5,24,7
S024,R006V3,5,6,7
S024,R007V3,5,6,7
S024,R009V3,5,12,7
S024,B002,6,24,8
S024,B007,6,24,8
S024,S002,6,24,8
S024,K004,6,6,8
S024,R001,6,12,8
S024,R008,6,24,8
S024,Y001,6,24,8
S024,A001,6,6,8
S024,B003V1,6,24,8
S024,B004V2,6,12,8
S024,B005V3,6,12,8
S024,B006V3,6,24,8
S024,B007V1,6,24,8
S024,S004V2,6,12,8
S024,S006V1,6,6,8
S024,S008V2,6,6,8
S024,S010V1,6,6,8
S024,K004V3,6,6,8
S024,K005V2,6,6,8
S024,K007V2,6,12,8
S024,R001V1,6,12,8
S024,R002V2,6,6,8
S024,R005V3,6,12,8
S024,R006V3,6,6,8
S024,B007,7,24,9
S024,S002,7,24,9
S024,S004,7,12,9
S024,K004,7,6,9
S024,R002,7,6,9
S024,R005,7,12,9
S024,R009,7,12,9
S024,Y001,7,24,9
S024,Y004,7,6,9
S024,A007,7,6,9
S024,B002V1,7,24,9
S024,B003V1,7,24,9
S024,S003V2,7,24,9
S024,S008V2,7,6,9
S024,K008V3,7,6,9
S024,R002V1,7,6,9
S024,R002V2,7,6,9
S024,R003V2,7,24,9
S024,R004V1,7,12,9
S024,R006V3,7,6,9
S024,R008V3,7,24,9
S024,R009V1,7,12,9
S024,S006,8,6,10
S024,K009,8,6,10
S024,R008,8,24,10
S024,B002V1,8,24,10
S024,B004V2,8,12,10
S024,B004V3,8,12,10
S024,S002V3,8,24,10
S024,S005V1,8,12,10
S024,S010V1,8,6,10
S024,K005V1,8,6,10
S024,K008V2,8,6,10
S024,K008V3,8,6,10
S024,R002V3,8,6,10
S024,R008V2,8,24,10
S024,R008V3,8,24,10
S024,R009V3,8,12,10
S024,Y002V2,8,24,10
S024,B005,9,12,11
S024,S008,9,6,11
S024,K006,9,24,11
S024,K007,9,12,11
S024,R002,9,6,11
S024,R004,9,12,11
S024,Y002,9,24,11
S024,B002V2,9,24,11
S024,B003V1,9,24,11
S024,B005V2,9,12,11
S024,B007V2,9,24,11
S024,B010V3,9,6,11
S024,S006V1,9,6,11
S024,S007V3,9,12,11
S024,S008V2,9,6,11
S024,S010V1,9,6,11
S024,K007V1,9,12,11
S024,K009V2,9,6,11
S024,R001V2,9,12,11
S024,R002V3,9,6,11
S024,R003V2,9,24,11
S024,R004V1,9,12,11
S024,R004V3,9,12,11
S024,R006V3,9,6,11
S024,R008V2,9,24,11
S024,B005,10,12,12
S024,B007,10,24,12
S024,R009,10,12,12
S024,A006,10,6,12
S024,A007,10,6,12
S024,B003V1,10,24,12
S024,B005V3,10,12,12
S024,B007V2,10,24,12
S024,B008V2,10,24,12
S024,S001V3,10,24,12
S024,S002V2,10,24,12
S024,S004V3,10,12,12
S024,S005V1,10,12,12
S024,S008V2,10,6,12
S024,K001V3,10,12,12
S024,K006V3,10,24,12
S024,R003V1,10,24,12
S024,R004V3,10,12,12
S024,R006V3,10,6,12
S024,R007V3,10,6,12
S024,B002,11,24,13
S024,S008,11,6,13
S024,K004,11,6,13
S024,R001,11,12,13
S024,Y002,11,24,13
S024,A001,11,6,13
S024,B002V1,11,24,13
S024,B005V3,11,12,13
S024,B007V3,11,24,13
S024,S006V1,11,6,13
S024,S007V2,11,12,13
S024,K003V1,11,6,13
S024,K009V2,11,6,13
S024,R001V1,11,12,13
S024,R002V3,11,6,13
S024,R003V2,11,24,13
S024,R005V1,11,12,13
S024,R008V3,11,24,13
S024,R009V3,11,12,13
S024,Y002V1,11,24,13
S024,B005,12,12,14
S024,B007,12,24,14
S024,S008,12,6,14
S024,S009,12,6,14
S024,K003,12,6,14
S024,R008,12,24,14
S024,A001,12,6,14
S024,A004,12,6,14
S024,A005,12,6,14
S024,B002V1,12,24,14
S024,B003V2,12,24,14
S024,B008V1,12,24,14
S024,K004V2,12,6,14
S024,R001V1,12,12,14
S024,R002V1,12,6,14
S024,R002V2,12,6,14
S024,R003V1,12,24,14
S024,R003V2,12,24,14
S024,R004V1,12,12,14
S024,R006V1,12,6,14
S024,R006V3,12,6,14
S024,K003,13,6,15
S024,K004,13,6,15
S024,R001,13,12,15
S024,R004,13,12,15
S024,Y001,13,24,15
S024,A001,13,6,15
S024,A004,13,6,15
S024,A008,13,12,15
S024,B002V1,13,24,15
S024,B002V2,13,24,15
S024,B004V3,13,12,15
S024,B007V2,13,24,15
S024,B008V1,13,24,15
S024,S003V2,13,24,15
S024,S004V2,13,12,15
S024,S006V1,13,6,15
S024,S007V3,13,12,15
S024,S010V1,13,6,15
S024,K001V3,13,12,15
S024,K006V3,13,24,15
S024,K009V2,13,6,15
S024,R002V1,13,6,15
S024,R002V2,13,6,15
S024,R003V1,13,24,15
S024,R006V3,13,6,15
S024,B003,14,24,16
S024,B005,14,12,16
S024,K002,14,24,16
S024,K004,14,6,16
S024,R005,14,12,16
S024,B002V1,14,24,16
S024,B005V3,14,12,16
S024,B006V3,14,24,16
S024,B007V1,14,24,16
S024,S006V1,14,6,16
S024,S007V1,14,12,16
S024,S009V2,14,6,16
S024,K002V1,14,24,16
S024,K006V1,14,24,16
S024,K010V1,14,6,16
S024,R001V1,14,12,16
S024,R002V2,14,6,16
S024,R003V2,14,24,16
S024,R004V3,14,12,16
S024,R009V3,14,12,16
S024,B004,15,12,17
S024,S004,15,12,17
S024,A007,15,6,17
S024,S003V3,15,24,17
S024,S007V3,15,12,17
S024,S010V1,15,6,17
S024,K006V1,15,24,17
S024,K009V2,15,6,17
S024,K009V3,15,6,17
S024,R001V1,15,12,17
S024,R002V1,15,6,17
S024,R003V1,15,24,17
S024,R003V2,15,24,17
S024,R004V2,15,12,17
S024,R007V3,15,6,17
S024,R009V3,15,12,17
S024,Y002V1,15,24,17
S024,B002,16,24,18
S024,B005,16,12,18
S024,S002,16,24,18
S024,S008,16,6,18
S024,R009,16,12,18
S024,Y001,16,24,18
S024,Y004,16,6,18
S024,A001,16,6,18
S024,A008,16,12,18
S024,B001V1,16,24,18
S024,S008V2,16,6,18
S024,S010V1,16,6,18
S024,K005V1,16,6,18
S024,K007V3,16,12,18
S024,R002V1,16,6,18
S024,R003V1,16,24,18
S024,R006V3,16,6,18
S024,R007V2,16,6,18
S024,R007V3,16,6,18
S024,R009V1,16,12,18
S024,S004,17,12,19
S024,S007,17,12,19
S024,S010,17,6,19
S024,R006,17,6,19
S024,A006,17,6,19
S024,B007V2,17,24,19
S024,S002V2,17,24,19
S024,S004V3,17,12,19
S024,S006V3,17,6,19
S024,S007V2,17,12,19
S024,S007V3,17,12,19
S024,S008V2,17,6,19
S024,S009V2,17,6,19
S024,S010V1,17,6,19
S024,K004V2,17,6,19
S024,K005V3,17,6,19
S024,K006V2,17,24,19
S024,K009V2,17,6,19
S024,R001V1,17,12,19
S024,R002V1,17,6,19
S024,R005V1,17,12,19
S024,R006V3,17,6,19
S024,R009V1,17,12,19
S024,R010V1,17,24,19
S024,Y002V1,17,24,19
S024,Y002V2,17,24,19
S024,B002,18,24,20
S024,B007,18,24,20
S024,S002,18,24,20
S024,S008,18,6,20
S024,R001,18,12,20
S024,R005,18,12,20
S024,R006,18,6,20
S024,S001V3,18,24,20
S024,S005V2,18,12,20
S024,S007V2,18,12,20
S024,S007V3,18,12,20
S024,S010V1,18,6,20
S024,K006V2,18,24,20
S024,R001V1,18,12,20
S024,R002V1,18,6,20
S024,R003V1,18,24,20
S024,R004V3,18,12,20
S024,R008V2,18,24,20
S024,R008V3,18,24,20
S024,R009V1,18,12,20
S024,R009V2,18,12,20
S024,R010V1,18,24,20
S024,B003,19,24,21
S024,B004,19,12,21
S024,B005,19,12,21
S024,B007,19,24,21
S024,S007,19,12,21
S024,K008,19,6,21
S024,R001,19,12,21
S024,R006,19,6,21
S024,R009,19,12,21
S024,A001,19,6,21
S024,A007,19,6,21
S024,B002V2,19,24,21
S024,B003V1,19,24,21
S024,B004V2,19,12,21
S024,B007V3,19,24,21
S024,B010V3,19,6,21
S024,S003V2,19,24,21
S024,S004V3,19,12,21
S024,S006V3,19,6,21
S024,S007V3,19,12,21
S024,S010V1,19,6,21
S024,K010V3,19,6,21
S024,R002V2,19,6,21
S024,R003V1,19,24,21
S024,R003V2,19,24,21
S024,R004V1,19,12,21
S024,R006V3,19,6,21
S024,Y002V2,19,24,21
S024,S002,20,24,22
S024,S009,20,6,22
S024,R009,20,12,22
S024,B004V2,20,12,22
S024,B005V2,20,12,22
S024,B008V1,20,24,22
S024,B008V2,20,24,22
S024,B010V3,20,6,22
S024,S005V2,20,12,22
S024,S006V1,20,6,22
S024,K004V1,20,6,22
S024,K008V2,20,6,22
S024,R001V1,20,12,22
S024,R001V2,20,12,22
S024,R004V1,20,12,22
S024,R004V3,20,12,22
S024,B002,21,24,23
S024,S008,21,6,23
S024,K009,21,6,23
S024,R001,21,12,23
S024,R004,21,12,23
S024,R008,21,24,23
S024,R009,21,12,23
S024,A001,21,6,23
S024,B003V1,21,24,23
S024,S005V2,21,12,23
S024,S007V3,21,12,23
S024,K004V3,21,6,23
S024,R001V2,21,12,23
S024,R002V2,21,6,23
S024,R006V3,21,6,23
S024,R007V1,21,6,23
S024,R007V3,21,6,23
S024,Y002V2,21,24,23
S024,B005,22,12,24
S024,S006,22,6,24
S024,S007,22,12,24
S024,S008,22,6,24
S024,R005,22,12,24
S024,R007,22,6,24
S024,Y001,22,24,24
S024,Y004,22,6,24
S024,B004V1,22,12,24
S024,B005V3,22,12,24
S024,B006V1,22,24,24
S024,B007V1,22,24,24
S024,B007V2,22,24,24
S024,B008V1,22,24,24
S024,B009V2,22,6,24
S024,S002V3,22,24,24
S024,S003V2,22,24,24
S024,S005V2,22,12,24
S024,S006V1,22,6,24
S024,S007V2,22,12,24
S024,S009V2,22,6,24
S024,S010V2,22,6,24
S024,K004V1,22,6,24
S024,R002V1,22,6,24
S024,R002V2,22,6,24
S024,R002V3,22,6,24
S024,R003V1,22,24,24
S024,R003V2,22,24,24
S024,R004V2,22,12,24
S024,R007V1,22,6,24
S024,R008V3,22,24,24
S024,R009V3,22,12,24
S024,B004,23,12,25
S024,B005,23,12,25
S024,K001,23,12,25
S024,K008,23,6,25
S024,B002V1,23,24,25
S024,B004V1,23,12,25
S024,B005V2,23,12,25
S024,B005V3,23,12,25
S024,B007V1,23,24,25
S024,B007V2,23,24,25
S024,S002V1,23,24,25
S024,S005V2,23,12,25
S024,S006V1,23,6,25
S024,S006V3,23,6,25
S024,S008V2,23,6,25
S024,K001V3,23,12,25
S024,R001V1,23,12,25
S024,R001V2,23,12,25
S024,R002V1,23,6,25
S024,R002V2,23,6,25
S024,Y001V3,23,24,25
S024,Y002V2,23,24,25
S024,B002,24,24,26
S024,K007,24,12,26
S024,R004,24,12,26
S024,R008,24,24,26
S024,R009,24,12,26
S024,Y001,24,24,26
S024,A001,24,6,26
S024,A005,24,6,26
S024,A006,24,6,26
S024,B002V3,24,24,26
S024,B005V2,24,12,26
S024,B007V2,24,24,26
S024,S003V2,24,24,26
S024,S004V3,24,12,26
S024,S007V2,24,12,26
S024,S009V2,24,6,26
S024,K004V3,24,6,26
S024,K010V3,24,6,26
S024,R002V1,24,6,26
S024,R005V1,24,12,26
S024,R005V3,24,12,26
S024,R006V3,24,6,26
S024,R007V1,24,6,26
S024,B005,25,12,27
S024,S007,25,12,27
S024,K006,25,24,27
S024,K010,25,6,27
S024,R001,25,12,27
S024,Y001,25,24,27
S024,B004V2,25,12,27
S024,B007V2,25,24,27
S024,B009V2,25,6,27
S024,S001V3,25,24,27
S024,S006V1,25,6,27
S024,S007V3,25,12,27
S024,S008V2,25,6,27
S024,K001V2,25,12,27
S024,R001V1,25,12,27
S024,R002V1,25,6,27
S024,R002V2,25,6,27
S024,R002V3,25,6,27
S024,R004V2,25,12,27
S024,R005V2,25,12,27
S024,R005V3,25,12,27
S024,R006V3,25,6,27
S024,R007V1,25,6,27
S024,R008V3,25,24,27
S024,R010V1,25,24,27
S024,Y001V1,25,24,27
S024,Y001V3,25,24,27
S024,Y002V2,25,24,27
S024,S002,26,24,28
S024,S008,26,6,28
S024,S009,26,6,28
S024,S010,26,6,28
S024,R001,26,12,28
S024,R005,26,12,28
S024,R008,26,24,28
S024,Y006,26,6,28
S024,A005,26,6,28
S024,A007,26,6,28
S024,B005V1,26,12,28
S024,B005V2,26,12,28
S024,B007V1,26,24,28
S024,S002V3,26,24,28
S024,S004V2,26,12,28
S024,S005V2,26,12,28
S024,S009V2,26,6,28
S024,R001V1,26,12,28
S024,R003V1,26,24,28
S024,R003V2,26,24,28
S024,R005V2,26,12,28
S024,R008V3,26,24,28
S024,R009V2,26,12,28
S024,Y001V1,26,24,28
S024,S002,27,24,29
S024,S004,27,12,29
S024,K001,27,12,29
S024,K003,27,6,29
S024,R001,27,12,29
S024,R008,27,24,29
S024,Y006,27,6,29
S024,B002V2,27,24,29
S024,B005V3,27,12,29
S024,S002V1,27,24,29
S024,S002V2,27,24,29
S024,S005V2,27,12,29
S024,S009V2,27,6,29
S024,K005V2,27,6,29
S024,K006V2,27,24,29
S024,R001V1,27,12,29
S024,R002V3,27,6,29
S024,R003V1,27,24,29
S024,R003V2,27,24,29
S024,R004V1,27,12,29
S024,B002,28,24,30
S024,B005,28,12,30
S024,S004,28,12,30
S024,S008,28,6,30
S024,R002,28,6,30
S024,Y003,28,6,30
S024,Y006,28,6,30
S024,B002V1,28,24,30
S024,B003V1,28,24,30
S024,B004V2,28,12,30
S024,B007V2,28,24,30
S024,B007V3,28,24,30
S024,S002V1,28,24,30
S024,S004V2,28,12,30
S024,S005V2,28,12,30
S024,S006V1,28,6,30
S024,S008V2,28,6,30
S024,S009V2,28,6,30
S024,K006V3,28,24,30
S024,K008V2,28,6,30
S024,R001V1,28,12,30
S024,R003V1,28,24,30
S024,R004V1,28,12,30
S024,R008V2,28,24,30
S024,Y002V2,28,24,30
S024,S007,29,12,31
S024,S010,29,6,31
S024,K004,29,6,31
S024,R009,29,12,31
S024,Y001,29,24,31
S024,B001V1,29,24,31
S024,B004V3,29,12,31
S024,B009V2,29,6,31
S024,B010V2,29,6,31
S024,S006V1,29,6,31
S024,K002V1,29,24,31
S024,K002V2,29,24,31
S024,K009V3,29,6,31
S024,R001V1,29,12,31
S024,R001V2,29,12,31
S024,R005V2,29,12,31
S024,R006V3,29,6,31
S024,R007V1,29,6,31
S024,R008V2,29,24,31
S024,Y002V2,29,24,31
S024,B007,30,24,32
S024,S007,30,12,32
S024,S008,30,6,32
S024,K002,30,24,32
S024,R002,30,6,32
S024,A004,30,6,32
S024,S003V2,30,24,32
S024,S004V2,30,12,32
S024,S005V3,30,12,32
S024,S007V1,30,12,32
S024,S009V2,30,6,32
S024,R002V1,30,6,32
S024,R002V2,30,6,32
S024,R003V1,30,24,32
S024,R004V1,30,12,32
S024,R005V1,30,12,32
S024,R007V1,30,6,32
S024,R008V2,30,24,32
S024,R008V3,30,24,32
S024,R009V3,30,12,32
S024,B005,31,12,33
S024,K002,31,24,33
S024,R002,31,6,33
S024,R008,31,24,33
S024,A001,31,6,33
S024,B003V1,31,24,33
S024,B005V3,31,12,33
S024,B010V3,31,6,33
S024,S002V3,31,24,33
S024,S003V3,31,24,33
S024,S005V2,31,12,33
S024,S007V1,31,12,33
S024,S008V2,31,6,33
S024,K004V2,31,6,33
S024,K007V1,31,12,33
S024,R001V1,31,12,33
S024,R002V1,31,6,33
S024,R002V2,31,6,33
S024,R004V2,31,12,33
S024,R006V1,31,6,33
S024,R006V3,31,6,33
S024,R007V1,31,6,33
S024,Y002V2,31,24,33
S024,S007,32,12,34
S024,S008,32,6,34
S024,K002,32,24,34
S024,K004,32,6,34
S024,K006,32,24,34
S024,R002,32,6,34
S024,R005,32,12,34
S024,R006,32,6,34
S024,R008,32,24,34
S024,Y006,32,6,34
S024,B003V1,32,24,34
S024,B005V3,32,12,34
S024,B007V2,32,24,34
S024,B008V2,32,24,34
S024,K007V1,32,12,34
S024,R001V1,32,12,34
S024,R002V2,32,6,34
S024,R003V1,32,24,34
S024,R004V3,32,12,34
S024,R006V3,32,6,34
S024,B005,33,12,35
S024,S002,33,24,35
S024,S008,33,6,35
S024,K004,33,6,35
S024,R001,33,12,35
S024,R009,33,12,35
S024,A006,33,6,35
S024,B002V1,33,24,35
S024,B004V2,33,12,35
S024,B005V2,33,12,35
S024,B005V3,33,12,35
S024,B006V1,33,24,35
S024,B007V1,33,24,35
S024,S003V2,33,24,35
S024,S005V2,33,12,35
S024,S006V1,33,6,35
S024,S006V3,33,6,35
S024,S009V2,33,6,35
S024,K001V3,33,12,35
S024,K006V3,33,24,35
S024,K007V2,33,12,35
S024,R002V3,33,6,35
S024,R003V1,33,24,35
S024,R003V2,33,24,35
S024,R004V1,33,12,35
S024,Y002V2,33,24,35
S024,B004,34,12,36
S024,B005,34,12,36
S024,S007,34,12,36
S024,S010,34,6,36
S024,K007,34,12,36
S024,R002,34,6,36
S024,R004,34,12,36
S024,R005,34,12,36
S024,R006,34,6,36
S024,A001,34,6,36
S024,A007,34,6,36
S024,B003V1,34,24,36
S024,B005V2,34,12,36
S024,B006V1,34,24,36
S024,B008V1,34,24,36
S024,B009V2,34,6,36
S024,S002V2,34,24,36
S024,S002V3,34,24,36
S024,S004V2,34,12,36
S024,S005V1,34,12,36
S024,S005V2,34,12,36
S024,S008V2,34,6,36
S024,R001V1,34,12,36
S024,R004V1,34,12,36
S024,R004V2,34,12,36
S024,R005V2,34,12,36
S024,R008V3,34,24,36
S024,R009V3,34,12,36
S024,Y002V2,34,24,36
S024,B002,35,24,37
S024,B005,35,12,37
S024,S002,35,24,37
S024,K006,35,24,37
S024,K007,35,12,37
S024,R009,35,12,37
S024,A008,35,12,37
S024,B003V1,35,24,37
S024,B006V1,35,24,37
S024,B008V2,35,24,37
S024,B010V3,35,6,37
S024,S002V2,35,24,37
S024,S003V2,35,24,37
S024,S004V2,35,12,37
S024,S004V3,35,12,37
S024,S006V1,35,6,37
S024,S007V2,35,12,37
S024,S008V2,35,6,37
S024,R001V1,35,12,37
S024,R002V1,35,6,37
S024,R002V2,35,6,37
S024,R002V3,35,6,37
S024,R005V2,35,12,37
S024,R006V3,35,6,37
S024,R007V1,35,6,37
S024,R009V2,35,12,37
S024,R009V3,35,12,37
S024,S007,36,12,38
S024,R001,36,12,38
S024,R002,36,6,38
S024,R004,36,12,38
S024,A001,36,6,38
S024,A006,36,6,38
S024,A007,36,6,38
S024,B002V1,36,24,38
S024,B002V3,36,24,38
S024,B003V1,36,24,38
S024,B005V2,36,12,38
S024,B005V3,36,12,38
S024,B007V3,36,24,38
S024,B008V1,36,24,38
S024,S002V1,36,24,38
S024,S004V2,36,12,38
S024,S006V3,36,6,38
S024,K007V3,36,12,38
S024,K008V2,36,6,38
S024,R001V1,36,12,38
S024,R002V1,36,6,38
S024,R002V2,36,6,38
S024,B005,37,12,39
S024,B007,37,24,39
S024,S002,37,24,39
S024,S008,37,6,39
S024,S010,37,6,39
S024,K004,37,6,39
S024,K007,37,12,39
S024,R001,37,12,39
S024,R005,37,12,39
S024,R008,37,24,39
S024,A005,37,6,39
S024,A007,37,6,39
S024,B002V1,37,24,39
S024,B003V1,37,24,39
S024,B007V2,37,24,39
S024,S002V1,37,24,39
S024,S004V3,37,12,39
S024,S005V2,37,12,39
S024,S006V1,37,6,39
S024,R002V2,37,6,39
S024,R003V1,37,24,39
S024,R003V2,37,24,39
S024,R004V1,37,12,39
S024,R006V3,37,6,39
S024,R008V3,37,24,39
S024,R009V3,37,12,39
S024,Y002V2,37,24,39
S024,B001,38,24,40
S024,B002,38,24,40
S024,B007,38,24,40
S024,S001,38,24,40
S024,S002,38,24,40
S024,K003,38,6,40
S024,K009,38,6,40
S024,A006,38,6,40
S024,B007V3,38,24,40
S024,B010V3,38,6,40
S024,S006V3,38,6,40
S024,S010V1,38,6,40
S024,R001V1,38,12,40
S024,R002V2,38,6,40
S024,R004V1,38,12,40
S024,R004V3,38,12,40
S024,R005V2,38,12,40
S024,R006V3,38,6,40
S024,R007V1,38,6,40
S024,R009V3,38,12,40
S024,B005,39,12,41
S024,B007,39,24,41
S024,R002,39,6,41
S024,Y005,39,12,41
S024,B006V1,39,24,41
S024,S002V2,39,24,41
S024,S004V2,39,12,41
S024,R001V1,39,12,41
S024,R002V1,39,6,41
S024,Y002V2,39,24,41
S024,S001,40,24,42
S024,S002,40,24,42
S024,S010,40,6,42
S024,A006,40,6,42
S024,A008,40,12,42
S024,B001V1,40,24,42
S024,B002V1,40,24,42
S024,S002V2,40,24,42
S024,S004V3,40,12,42
S024,S005V2,40,12,42
S024,K001V1,40,12,42
S024,K002V3,40,24,42
S024,K006V1,40,24,42
S024,K006V2,40,24,42
S024,R001V1,40,12,42
S024,R002V1,40,6,42
S024,R003V1,40,24,42
S024,R004V1,40,12,42
S024,R004V3,40,12,42
S024,R007V1,40,6,42
S024,R009V3,40,12,42
S024,Y002V1,40,24,42
S024,S001,41,24,43
S024,S003,41,24,43
S024,S007,41,12,43
S024,S010,41,6,43
S024,K002,41,24,43
S024,R008,41,24,43
S024,R009,41,12,43
S024,B003V1,41,24,43
S024,B007V2,41,24,43
S024,S001V3,41,24,43
S024,S003V3,41,24,43
S024,S010V1,41,6,43
S024,K004V2,41,6,43
S024,K006V1,41,24,43
S024,K009V3,41,6,43
S024,K010V1,41,6,43
S024,R002V2,41,6,43
S024,R002V3,41,6,43
S024,R004V3,41,12,43
S024,R006V3,41,6,43
S024,B007,42,24,44
S024,S001,42,24,44
S024,S007,42,12,44
S024,K004,42,6,44
S024,R001,42,12,44
S024,R002,42,6,44
S024,R005,42,12,44
S024,B003V1,42,24,44
S024,B008V1,42,24,44
S024,S002V2,42,24,44
S024,S003V2,42,24,44
S024,S004V2,42,12,44
S024,S005V2,42,12,44
S024,K002V1,42,24,44
S024,K007V1,42,12,44
S024,K007V2,42,12,44
S024,R001V1,42,12,44
S024,R002V1,42,6,44
S024,R002V2,42,6,44
S024,R002V3,42,6,44
S024,R004V1,42,12,44
S024,R005V1,42,12,44
S024,R006V3,42,6,44
S024,R007V3,42,6,44
S024,B002,43,24,45
S024,B008,43,24,45
S024,S002,43,24,45
S024,K006,43,24,45
S024,K010,43,6,45
S024,R002,43,6,45
S024,R009,43,12,45
S024,Y003,43,6,45
S024,A005,43,6,45
S024,A008,43,12,45
S024,B002V1,43,24,45
S024,B002V2,43,24,45
S024,B003V1,43,24,45
S024,B004V2,43,12,45
S024,B010V3,43,6,45
S024,S007V3,43,12,45
S024,S008V2,43,6,45
S024,K001V2,43,12,45
S024,K004V2,43,6,45
S024,R001V1,43,12,45
S024,R002V1,43,6,45
S024,R003V2,43,24,45
S024,R004V1,43,12,45
S024,R004V3,43,12,45
S024,B003,44,24,46
S024,B005,44,12,46
S024,B007,44,24,46
S024,S008,44,6,46
S024,R001,44,12,46
S024,R004,44,12,46
S024,R006,44,6,46
S024,Y002,44,24,46
S024,A004,44,6,46
S024,A007,44,6,46
S024,B003V1,44,24,46
S024,B004V1,44,12,46
S024,B005V2,44,12,46
S024,B006V1,44,24,46
S024,B006V3,44,24,46
S024,B009V2,44,6,46
S024,S002V3,44,24,46
S024,S004V2,44,12,46
S024,S005V2,44,12,46
S024,S010V3,44,6,46
S024,R001V1,44,12,46
S024,R003V2,44,24,46
S024,R007V1,44,6,46
S024,R007V2,44,6,46
S024,Y001V1,44,24,46
S024,B004,45,12,47
S024,B007,45,24,47
S024,S002,45,24,47
S024,S007,45,12,47
S024,S008,45,6,47
S024,K001,45,12,47
S024,K004,45,6,47
S024,R002,45,6,47
S024,R007,45,6,47
S024,R009,45,12,47
S024,A006,45,6,47
S024,B002V1,45,24,47
S024,B002V2,45,24,47
S024,B002V3,45,24,47
S024,B004V1,45,12,47
S024,B005V3,45,12,47
S024,B006V1,45,24,47
S024,B007V1,45,24,47
S024,B007V2,45,24,47
S024,B010V3,45,6,47
S024,S003V3,45,24,47
S024,S004V2,45,12,47
S024,S004V3,45,12,47
S024,S010V3,45,6,47
S024,K004V1,45,6,47
S024,R001V1,45,12,47
S024,R004V1,45,12,47
S024,R004V3,45,12,47
S024,R005V3,45,12,47
S024,R006V3,45,6,47
S024,R009V3,45,12,47
S024,B002,46,24,48
S024,B005,46,12,48
S024,K005,46,6,48
S024,R005,46,12,48
S024,R008,46,24,48
S024,R009,46,12,48
S024,Y002,46,24,48
S024,A005,46,6,48
S024,A006,46,6,48
S024,B004V2,46,12,48
S024,B005V3,46,12,48
S024,B006V1,46,24,48
S024,B010V2,46,6,48
S024,S004V2,46,12,48
S024,S008V2,46,6,48
S024,S010V1,46,6,48
S024,K007V2,46,12,48
S024,K008V1,46,6,48
S024,K009V2,46,6,48
S024,K010V3,46,6,48
S024,R002V1,46,6,48
S024,R002V2,46,6,48
S024,R002V3,46,6,48
S024,R003V1,46,24,48
S024,R004V3,46,12,48
S024,R005V3,46,12,48
S024,R008V2,46,24,48
S024,R009V3,46,12,48
S024,R010V1,46,24,48
S024,Y001V3,46,24,48
S024,B005,47,12,49
S024,B007,47,24,49
S024,B008,47,24,49
S024,S007,47,12,49
S024,R009,47,12,49
S024,A001,47,6,49
S024,A005,47,6,49
S024,A006,47,6,49
S024,B002V1,47,24,49
S024,B004V2,47,12,49
S024,B005V3,47,12,49
S024,B007V2,47,24,49
S024,R002V1,47,6,49
S024,R002V2,47,6,49
S024,R004V2,47,12,49
S024,R004V3,47,12,49
S024,R007V1,47,6,49
S024,R008V2,47,24,49
S024,R009V1,47,12,49
S024,R009V3,47,12,49
S024,B002,48,24,50
S024,S001,48,24,50
S024,K004,48,6,50
S024,R001,48,12,50
S024,R002,48,6,50
S024,Y006,48,6,50
S024,S002V3,48,24,50
S024,S003V2,48,24,50
S024,S004V3,48,12,50
S024,K002V2,48,24,50
S024,K004V2,48,6,50
S024,R001V1,48,12,50
S024,R002V3,48,6,50
S024,R004V3,48,12,50
S024,R006V1,48,6,50
S024,R006V3,48,6,50
S024,R008V2,48,24,50
S024,K004,49,6,51
S024,K008,49,6,51
S024,K010,49,6,51
S024,R001,49,12,51
S024,R002,49,6,51
S024,R004,49,12,51
S024,R005,49,12,51
S024,A001,49,6,51
S024,A007,49,6,51
S024,S002V2,49,24,51
S024,S004V3,49,12,51
S024,S010V3,49,6,51
S024,K004V1,49,6,51
S024,K005V1,49,6,51
S024,K009V1,49,6,51
S024,K009V2,49,6,51
S024,K009V3,49,6,51
S024,K010V1,49,6,51
S024,R001V1,49,12,51
S024,R002V1,49,6,51
S024,R002V2,49,6,51
S024,R003V1,49,24,51
S024,R004V2,49,12,51
S024,R004V3,49,12,51
S024,R009V3,49,12,51
S024,B005,50,12,52
S024,S001,50,24,52
S024,S009,50,6,52
S024,K004,50,6,52
S024,K010,50,6,52
S024,R005,50,12,52
S024,R008,50,24,52
S024,Y004,50,6,52
S024,A004,50,6,52
S024,A007,50,6,52
S024,B002V1,50,24,52
S024,B002V2,50,24,52
S024,B006V2,50,24,52
S024,B007V2,50,24,52
S024,S002V3,50,24,52
S024,S004V2,50,12,52
S024,S005V2,50,12,52
S024,S008V1,50,6,52
S024,K004V1,50,6,52
S024,K005V3,50,6,52
S024,K006V3,50,24,52
S024,K008V2,50,6,52
S024,K009V2,50,6,52
S024,R001V1,50,12,52
S024,R002V1,50,6,52
S024,R002V3,50,6,52
S024,R003V1,50,24,52
S024,R004V1,50,12,52
S024,R004V3,50,12,52
S024,R005V1,50,12,52
S024,R008V3,50,24,52
S024,R009V3,50,12,52
